Copyright 1986-2015 Xilinx, Inc. All Rights Reserved.
-------------------------------------------------------------------------------------------------------------
| Tool Version     : Vivado v.2015.2 (lin64) Build 1266856 Fri Jun 26 16:35:25 MDT 2015
| Date             : Fri Aug 12 11:41:42 2016
| Host             : dev-machine running 64-bit Ubuntu 14.04.4 LTS
| Command          : report_power -file TOP_SYS_power_routed.rpt -pb TOP_SYS_power_summary_routed.pb
| Design           : TOP_SYS
| Device           : xc7a100tcsg324-1
| Design State     : Routed
| Grade            : commercial
| Process          : typical
| Characterization : Production
-------------------------------------------------------------------------------------------------------------

Power Report

Table of Contents
-----------------
1. Summary
1.1 On-Chip Components
1.2 Power Supply Summary
1.3 Confidence Level
2. Settings
2.1 Environment
2.2 Clock Constraints
3. Detailed Reports
3.1 By Hierarchy

1. Summary
----------

+--------------------------+-------+
| Total On-Chip Power (W)  | 1.070 |
| Dynamic (W)              | 0.961 |
| Device Static (W)        | 0.109 |
| Total Off-Chip Power (W) | 0.633 |
| Effective TJA (C/W)      | 4.6   |
| Max Ambient (C)          | 80.1  |
| Junction Temperature (C) | 29.9  |
| Confidence Level         | Low   |
| Setting File             | ---   |
| Simulation Activity File | ---   |
| Design Nets Matched      | NA    |
+--------------------------+-------+


1.1 On-Chip Components
----------------------

+--------------------------+-----------+----------+-----------+-----------------+
| On-Chip                  | Power (W) | Used     | Available | Utilization (%) |
+--------------------------+-----------+----------+-----------+-----------------+
| Clocks                   |     0.059 |       29 |       --- |             --- |
| Slice Logic              |     0.047 |    56118 |       --- |             --- |
|   LUT as Logic           |     0.043 |    35754 |     63400 |           56.39 |
|   CARRY4                 |     0.002 |      801 |     15850 |            5.05 |
|   Register               |    <0.001 |    13928 |    126800 |           10.98 |
|   LUT as Distributed RAM |    <0.001 |      360 |     19000 |            1.89 |
|   F7/F8 Muxes            |    <0.001 |     1470 |     63400 |            2.32 |
|   BUFG                   |    <0.001 |        2 |        32 |            6.25 |
|   LUT as Shift Register  |    <0.001 |      202 |     19000 |            1.06 |
|   Others                 |    <0.001 |     1904 |       --- |             --- |
| Signals                  |     0.079 |    43753 |       --- |             --- |
| Block RAM                |     0.045 |       13 |       135 |            9.63 |
| MMCM                     |     0.106 |        2 |         6 |           33.33 |
| PLL                      |     0.000 |        1 |         6 |           16.67 |
| DSPs                     |    <0.001 |        4 |       240 |            1.67 |
| I/O                      |     0.549 |       88 |       210 |           41.90 |
| PHASER                   |     0.072 |        1 |       --- |             --- |
| XADC                     |     0.004 |        1 |       --- |             --- |
| Static Power             |     0.109 |          |           |                 |
| Total                    |     1.070 |          |           |                 |
+--------------------------+-----------+----------+-----------+-----------------+


1.2 Power Supply Summary
------------------------

+-----------+-------------+-----------+-------------+------------+
| Source    | Voltage (V) | Total (A) | Dynamic (A) | Static (A) |
+-----------+-------------+-----------+-------------+------------+
| Vccint    |       1.000 |     0.265 |       0.247 |      0.018 |
| Vccaux    |       1.800 |     0.158 |       0.140 |      0.018 |
| Vcco33    |       3.300 |     0.012 |       0.008 |      0.004 |
| Vcco25    |       2.500 |     0.000 |       0.000 |      0.000 |
| Vcco18    |       1.800 |     0.594 |       0.590 |      0.004 |
| Vcco15    |       1.500 |     0.000 |       0.000 |      0.000 |
| Vcco135   |       1.350 |     0.000 |       0.000 |      0.000 |
| Vcco12    |       1.200 |     0.000 |       0.000 |      0.000 |
| Vccaux_io |       1.800 |     0.000 |       0.000 |      0.000 |
| Vccbram   |       1.000 |     0.004 |       0.004 |      0.001 |
| MGTAVcc   |       1.000 |     0.000 |       0.000 |      0.000 |
| MGTAVtt   |       1.200 |     0.000 |       0.000 |      0.000 |
| Vccadc    |       1.800 |     0.022 |       0.002 |      0.020 |
+-----------+-------------+-----------+-------------+------------+


1.3 Confidence Level
--------------------

+-----------------------------+------------+--------------------------------------------------------+------------------------------------------------------------------------------------------------------------+
| User Input Data             | Confidence | Details                                                | Action                                                                                                     |
+-----------------------------+------------+--------------------------------------------------------+------------------------------------------------------------------------------------------------------------+
| Design implementation state | High       | Design is routed                                       |                                                                                                            |
| Clock nodes activity        | High       | User specified more than 95% of clocks                 |                                                                                                            |
| I/O nodes activity          | Low        | More than 75% of inputs are missing user specification | Provide missing input activity with simulation results or by editing the "By Resource Type -> I/Os" view   |
| Internal nodes activity     | Medium     | User specified less than 25% of internal nodes         | Provide missing internal nodes activity with simulation results or by editing the "By Resource Type" views |
| Device models               | High       | Device models are Production                           |                                                                                                            |
|                             |            |                                                        |                                                                                                            |
| Overall confidence level    | Low        |                                                        |                                                                                                            |
+-----------------------------+------------+--------------------------------------------------------+------------------------------------------------------------------------------------------------------------+


2. Settings
-----------

2.1 Environment
---------------

+-----------------------+--------------------------+
| Ambient Temp (C)      | 25.0                     |
| ThetaJA (C/W)         | 4.6                      |
| Airflow (LFM)         | 250                      |
| Heat Sink             | medium (Medium Profile)  |
| ThetaSA (C/W)         | 4.6                      |
| Board Selection       | medium (10"x10")         |
| # of Board Layers     | 12to15 (12 to 15 Layers) |
| Board Temperature (C) | 25.0                     |
+-----------------------+--------------------------+


2.2 Clock Constraints
---------------------

+-----------------------------------------------------------------------------------------------------------------------------------------------------------+----------------------------------------------------------------------------------------------------------------------------------------------------------------------------------------------------------------------+-----------------+
| Clock                                                                                                                                                     | Domain                                                                                                                                                                                                               | Constraint (ns) |
+-----------------------------------------------------------------------------------------------------------------------------------------------------------+----------------------------------------------------------------------------------------------------------------------------------------------------------------------------------------------------------------------+-----------------+
| clk100                                                                                                                                                    | clk100                                                                                                                                                                                                               |            10.0 |
| clk_out3_clk_wiz_0                                                                                                                                        | i_clk_wiz_0/clk_out3_clk_wiz_0                                                                                                                                                                                       |             5.0 |
| clk_pll_i                                                                                                                                                 | i_ddr_axi/u_ddr_axi_mig/u_ddr2_infrastructure/clk_pll_i                                                                                                                                                              |            10.0 |
| clkfbout_clk_wiz_0                                                                                                                                        | i_clk_wiz_0/clkfbout_clk_wiz_0                                                                                                                                                                                       |            10.0 |
| freq_refclk                                                                                                                                               | i_ddr_axi/u_ddr_axi_mig/u_ddr2_infrastructure/freq_refclk                                                                                                                                                            |             2.5 |
| iserdes_clkdiv                                                                                                                                            | i_ddr_axi/u_ddr_axi_mig/u_memc_ui_top_axi/mem_intfc0/ddr_phy_top0/u_ddr_mc_phy_wrapper/u_ddr_mc_phy/ddr_phy_4lanes_0.u_ddr_phy_4lanes/ddr_byte_lane_A.ddr_byte_lane_A/iserdes_clkdiv                                 |            20.0 |
| iserdes_clkdiv_1                                                                                                                                          | i_ddr_axi/u_ddr_axi_mig/u_memc_ui_top_axi/mem_intfc0/ddr_phy_top0/u_ddr_mc_phy_wrapper/u_ddr_mc_phy/ddr_phy_4lanes_0.u_ddr_phy_4lanes/ddr_byte_lane_C.ddr_byte_lane_C/iserdes_clkdiv                                 |            20.0 |
| mem_refclk                                                                                                                                                | i_ddr_axi/u_ddr_axi_mig/u_ddr2_infrastructure/mem_refclk                                                                                                                                                             |             5.0 |
| oserdes_clk                                                                                                                                               | i_ddr_axi/u_ddr_axi_mig/u_memc_ui_top_axi/mem_intfc0/ddr_phy_top0/u_ddr_mc_phy_wrapper/u_ddr_mc_phy/ddr_phy_4lanes_0.u_ddr_phy_4lanes/ddr_byte_lane_A.ddr_byte_lane_A/oserdes_clk                                    |             5.0 |
| oserdes_clk_1                                                                                                                                             | i_ddr_axi/u_ddr_axi_mig/u_memc_ui_top_axi/mem_intfc0/ddr_phy_top0/u_ddr_mc_phy_wrapper/u_ddr_mc_phy/ddr_phy_4lanes_0.u_ddr_phy_4lanes/ddr_byte_lane_B.ddr_byte_lane_B/oserdes_clk                                    |             5.0 |
| oserdes_clk_2                                                                                                                                             | i_ddr_axi/u_ddr_axi_mig/u_memc_ui_top_axi/mem_intfc0/ddr_phy_top0/u_ddr_mc_phy_wrapper/u_ddr_mc_phy/ddr_phy_4lanes_0.u_ddr_phy_4lanes/ddr_byte_lane_C.ddr_byte_lane_C/oserdes_clk                                    |             5.0 |
| oserdes_clk_3                                                                                                                                             | i_ddr_axi/u_ddr_axi_mig/u_memc_ui_top_axi/mem_intfc0/ddr_phy_top0/u_ddr_mc_phy_wrapper/u_ddr_mc_phy/ddr_phy_4lanes_0.u_ddr_phy_4lanes/ddr_byte_lane_D.ddr_byte_lane_D/oserdes_clk                                    |             5.0 |
| oserdes_clkdiv                                                                                                                                            | i_ddr_axi/u_ddr_axi_mig/u_memc_ui_top_axi/mem_intfc0/ddr_phy_top0/u_ddr_mc_phy_wrapper/u_ddr_mc_phy/ddr_phy_4lanes_0.u_ddr_phy_4lanes/ddr_byte_lane_A.ddr_byte_lane_A/oserdes_clkdiv                                 |            10.0 |
| oserdes_clkdiv_1                                                                                                                                          | i_ddr_axi/u_ddr_axi_mig/u_memc_ui_top_axi/mem_intfc0/ddr_phy_top0/u_ddr_mc_phy_wrapper/u_ddr_mc_phy/ddr_phy_4lanes_0.u_ddr_phy_4lanes/ddr_byte_lane_B.ddr_byte_lane_B/oserdes_clkdiv                                 |            10.0 |
| oserdes_clkdiv_2                                                                                                                                          | i_ddr_axi/u_ddr_axi_mig/u_memc_ui_top_axi/mem_intfc0/ddr_phy_top0/u_ddr_mc_phy_wrapper/u_ddr_mc_phy/ddr_phy_4lanes_0.u_ddr_phy_4lanes/ddr_byte_lane_C.ddr_byte_lane_C/oserdes_clkdiv                                 |            10.0 |
| oserdes_clkdiv_3                                                                                                                                          | i_ddr_axi/u_ddr_axi_mig/u_memc_ui_top_axi/mem_intfc0/ddr_phy_top0/u_ddr_mc_phy_wrapper/u_ddr_mc_phy/ddr_phy_4lanes_0.u_ddr_phy_4lanes/ddr_byte_lane_D.ddr_byte_lane_D/oserdes_clkdiv                                 |            10.0 |
| pll_clk3_out                                                                                                                                              | i_ddr_axi/u_ddr_axi_mig/u_ddr2_infrastructure/pll_clk3_out                                                                                                                                                           |            10.0 |
| pll_clkfbout                                                                                                                                              | i_ddr_axi/u_ddr_axi_mig/u_ddr2_infrastructure/pll_clkfbout                                                                                                                                                           |             5.0 |
| sync_pulse                                                                                                                                                | i_ddr_axi/u_ddr_axi_mig/u_ddr2_infrastructure/sync_pulse                                                                                                                                                             |            80.0 |
| u_memc_ui_top_axi/mem_intfc0/ddr_phy_top0/u_ddr_mc_phy_wrapper/u_ddr_mc_phy/ddr_phy_4lanes_0.u_ddr_phy_4lanes/ddr_byte_lane_A.ddr_byte_lane_A/iserdes_clk | i_ddr_axi/u_ddr_axi_mig/u_memc_ui_top_axi/mem_intfc0/ddr_phy_top0/u_ddr_mc_phy_wrapper/u_ddr_mc_phy/ddr_phy_4lanes_0.u_ddr_phy_4lanes/ddr_byte_lane_A.ddr_byte_lane_A/dq_gen_40.if_post_fifo_gen.if_empty_r_reg[3]_0 |             5.0 |
| u_memc_ui_top_axi/mem_intfc0/ddr_phy_top0/u_ddr_mc_phy_wrapper/u_ddr_mc_phy/ddr_phy_4lanes_0.u_ddr_phy_4lanes/ddr_byte_lane_C.ddr_byte_lane_C/iserdes_clk | i_ddr_axi/u_ddr_axi_mig/u_memc_ui_top_axi/mem_intfc0/ddr_phy_top0/u_ddr_mc_phy_wrapper/u_ddr_mc_phy/ddr_phy_4lanes_0.u_ddr_phy_4lanes/ddr_byte_lane_C.ddr_byte_lane_C/dq_gen_40.if_post_fifo_gen.if_empty_r_reg[3]_0 |             5.0 |
+-----------------------------------------------------------------------------------------------------------------------------------------------------------+----------------------------------------------------------------------------------------------------------------------------------------------------------------------------------------------------------------------+-----------------+


3. Detailed Reports
-------------------

3.1 By Hierarchy
----------------

+-----------------------------------------------------------------------------------------------------+-----------+
| Name                                                                                                | Power (W) |
+-----------------------------------------------------------------------------------------------------+-----------+
| TOP_SYS                                                                                             |     0.961 |
|   bootrom                                                                                           |     0.004 |
|   gpioA_IOBUF[0]_inst                                                                               |    <0.001 |
|   gpioA_IOBUF[1]_inst                                                                               |    <0.001 |
|   gpioA_IOBUF[2]_inst                                                                               |    <0.001 |
|   gpioA_IOBUF[3]_inst                                                                               |    <0.001 |
|   gpioA_IOBUF[4]_inst                                                                               |    <0.001 |
|   gpioA_IOBUF[5]_inst                                                                               |    <0.001 |
|   gpioA_IOBUF[6]_inst                                                                               |    <0.001 |
|   gpioA_IOBUF[7]_inst                                                                               |    <0.001 |
|   gpioB_IOBUF[0]_inst                                                                               |    <0.001 |
|   gpioB_IOBUF[1]_inst                                                                               |    <0.001 |
|   gpioB_IOBUF[2]_inst                                                                               |    <0.001 |
|   gpioB_IOBUF[3]_inst                                                                               |    <0.001 |
|   gpioB_IOBUF[4]_inst                                                                               |    <0.001 |
|   gpioB_IOBUF[5]_inst                                                                               |    <0.001 |
|   gpioB_IOBUF[6]_inst                                                                               |    <0.001 |
|   gpioB_IOBUF[7]_inst                                                                               |    <0.001 |
|   i_axi_crossbar_0                                                                                  |     0.002 |
|     inst                                                                                            |     0.002 |
|       gen_samd.crossbar_samd                                                                        |     0.002 |
|         addr_arbiter_ar                                                                             |    <0.001 |
|         addr_arbiter_aw                                                                             |    <0.001 |
|         gen_decerr_slave.decerr_slave_inst                                                          |    <0.001 |
|         gen_master_slots[0].reg_slice_mi                                                            |    <0.001 |
|           b_pipe                                                                                    |    <0.001 |
|           r_pipe                                                                                    |    <0.001 |
|         gen_master_slots[1].reg_slice_mi                                                            |    <0.001 |
|           b_pipe                                                                                    |    <0.001 |
|           r_pipe                                                                                    |    <0.001 |
|         gen_master_slots[2].reg_slice_mi                                                            |    <0.001 |
|           b_pipe                                                                                    |    <0.001 |
|           r_pipe                                                                                    |    <0.001 |
|         gen_master_slots[3].reg_slice_mi                                                            |    <0.001 |
|           b_pipe                                                                                    |    <0.001 |
|           r_pipe                                                                                    |    <0.001 |
|         gen_slave_slots[0].gen_si_read.si_transactor_ar                                             |    <0.001 |
|         gen_slave_slots[0].gen_si_write.si_transactor_aw                                            |    <0.001 |
|         gen_slave_slots[0].gen_si_write.splitter_aw_si                                              |    <0.001 |
|         gen_slave_slots[0].gen_si_write.wdata_router_w                                              |    <0.001 |
|           wrouter_aw_fifo                                                                           |    <0.001 |
|             gen_srls[0].gen_rep[0].srl_nx1                                                          |    <0.001 |
|             gen_srls[0].gen_rep[1].srl_nx1                                                          |    <0.001 |
|             gen_srls[0].gen_rep[2].srl_nx1                                                          |    <0.001 |
|         splitter_aw_mi                                                                              |    <0.001 |
|   i_clk_wiz_0                                                                                       |     0.107 |
|   i_ddr_axi                                                                                         |     0.638 |
|     ddr_byte_lane_A.ddr_byte_lane_A/dq_gen_40.if_post_fifo_gen.u_ddr_if_post_fifo/mem_reg_0_3_24_29 |    <0.001 |
|     ddr_byte_lane_A.ddr_byte_lane_A/dq_gen_40.if_post_fifo_gen.u_ddr_if_post_fifo/mem_reg_0_3_30_35 |    <0.001 |
|     ddr_byte_lane_A.ddr_byte_lane_A/dq_gen_40.if_post_fifo_gen.u_ddr_if_post_fifo/mem_reg_0_3_36_41 |    <0.001 |
|     ddr_byte_lane_A.ddr_byte_lane_A/dq_gen_40.if_post_fifo_gen.u_ddr_if_post_fifo/mem_reg_0_3_42_47 |    <0.001 |
|     ddr_byte_lane_A.ddr_byte_lane_A/dq_gen_40.if_post_fifo_gen.u_ddr_if_post_fifo/mem_reg_0_3_48_53 |    <0.001 |
|     ddr_byte_lane_A.ddr_byte_lane_A/dq_gen_40.if_post_fifo_gen.u_ddr_if_post_fifo/mem_reg_0_3_54_59 |    <0.001 |
|     ddr_byte_lane_A.ddr_byte_lane_A/dq_gen_40.if_post_fifo_gen.u_ddr_if_post_fifo/mem_reg_0_3_60_65 |    <0.001 |
|     ddr_byte_lane_A.ddr_byte_lane_A/dq_gen_40.if_post_fifo_gen.u_ddr_if_post_fifo/mem_reg_0_3_66_71 |    <0.001 |
|     ddr_byte_lane_A.ddr_byte_lane_A/dq_gen_40.if_post_fifo_gen.u_ddr_if_post_fifo/mem_reg_0_3_6_11  |    <0.001 |
|     ddr_byte_lane_A.ddr_byte_lane_A/dq_gen_40.if_post_fifo_gen.u_ddr_if_post_fifo/mem_reg_0_3_72_77 |    <0.001 |
|     ddr_byte_lane_A.ddr_byte_lane_A/of_pre_fifo_gen.u_ddr_of_pre_fifo/mem_reg_0_15_0_5              |    <0.001 |
|     ddr_byte_lane_A.ddr_byte_lane_A/of_pre_fifo_gen.u_ddr_of_pre_fifo/mem_reg_0_15_12_17            |    <0.001 |
|     ddr_byte_lane_A.ddr_byte_lane_A/of_pre_fifo_gen.u_ddr_of_pre_fifo/mem_reg_0_15_18_23            |    <0.001 |
|     ddr_byte_lane_A.ddr_byte_lane_A/of_pre_fifo_gen.u_ddr_of_pre_fifo/mem_reg_0_15_24_29            |    <0.001 |
|     ddr_byte_lane_A.ddr_byte_lane_A/of_pre_fifo_gen.u_ddr_of_pre_fifo/mem_reg_0_15_30_35            |    <0.001 |
|     ddr_byte_lane_A.ddr_byte_lane_A/of_pre_fifo_gen.u_ddr_of_pre_fifo/mem_reg_0_15_36_41            |    <0.001 |
|     ddr_byte_lane_A.ddr_byte_lane_A/of_pre_fifo_gen.u_ddr_of_pre_fifo/mem_reg_0_15_42_47            |    <0.001 |
|     ddr_byte_lane_A.ddr_byte_lane_A/of_pre_fifo_gen.u_ddr_of_pre_fifo/mem_reg_0_15_48_53            |    <0.001 |
|     ddr_byte_lane_A.ddr_byte_lane_A/of_pre_fifo_gen.u_ddr_of_pre_fifo/mem_reg_0_15_54_59            |    <0.001 |
|     ddr_byte_lane_A.ddr_byte_lane_A/of_pre_fifo_gen.u_ddr_of_pre_fifo/mem_reg_0_15_60_65            |    <0.001 |
|     ddr_byte_lane_A.ddr_byte_lane_A/of_pre_fifo_gen.u_ddr_of_pre_fifo/mem_reg_0_15_66_71            |    <0.001 |
|     ddr_byte_lane_A.ddr_byte_lane_A/of_pre_fifo_gen.u_ddr_of_pre_fifo/mem_reg_0_15_6_11             |    <0.001 |
|     ddr_byte_lane_A.ddr_byte_lane_A/of_pre_fifo_gen.u_ddr_of_pre_fifo/mem_reg_0_15_72_77            |    <0.001 |
|     ddr_byte_lane_B.ddr_byte_lane_B/of_pre_fifo_gen.u_ddr_of_pre_fifo/mem_reg_0_15_0_5              |    <0.001 |
|     ddr_byte_lane_B.ddr_byte_lane_B/of_pre_fifo_gen.u_ddr_of_pre_fifo/mem_reg_0_15_12_17            |    <0.001 |
|     ddr_byte_lane_B.ddr_byte_lane_B/of_pre_fifo_gen.u_ddr_of_pre_fifo/mem_reg_0_15_18_23            |    <0.001 |
|     ddr_byte_lane_B.ddr_byte_lane_B/of_pre_fifo_gen.u_ddr_of_pre_fifo/mem_reg_0_15_24_29            |    <0.001 |
|     ddr_byte_lane_B.ddr_byte_lane_B/of_pre_fifo_gen.u_ddr_of_pre_fifo/mem_reg_0_15_30_35            |    <0.001 |
|     ddr_byte_lane_B.ddr_byte_lane_B/of_pre_fifo_gen.u_ddr_of_pre_fifo/mem_reg_0_15_36_41            |    <0.001 |
|     ddr_byte_lane_B.ddr_byte_lane_B/of_pre_fifo_gen.u_ddr_of_pre_fifo/mem_reg_0_15_42_47            |    <0.001 |
|     ddr_byte_lane_B.ddr_byte_lane_B/of_pre_fifo_gen.u_ddr_of_pre_fifo/mem_reg_0_15_48_53            |    <0.001 |
|     ddr_byte_lane_B.ddr_byte_lane_B/of_pre_fifo_gen.u_ddr_of_pre_fifo/mem_reg_0_15_54_59            |    <0.001 |
|     ddr_byte_lane_B.ddr_byte_lane_B/of_pre_fifo_gen.u_ddr_of_pre_fifo/mem_reg_0_15_60_65            |    <0.001 |
|     ddr_byte_lane_B.ddr_byte_lane_B/of_pre_fifo_gen.u_ddr_of_pre_fifo/mem_reg_0_15_66_71            |    <0.001 |
|     ddr_byte_lane_B.ddr_byte_lane_B/of_pre_fifo_gen.u_ddr_of_pre_fifo/mem_reg_0_15_6_11             |    <0.001 |
|     ddr_byte_lane_B.ddr_byte_lane_B/of_pre_fifo_gen.u_ddr_of_pre_fifo/mem_reg_0_15_72_77            |    <0.001 |
|     ddr_byte_lane_B.ddr_byte_lane_B/of_pre_fifo_gen.u_ddr_of_pre_fifo/mem_reg_0_15_78_79            |    <0.001 |
|     ddr_byte_lane_C.ddr_byte_lane_C/dq_gen_40.if_post_fifo_gen.u_ddr_if_post_fifo/mem_reg_0_3_0_5   |    <0.001 |
|     ddr_byte_lane_C.ddr_byte_lane_C/dq_gen_40.if_post_fifo_gen.u_ddr_if_post_fifo/mem_reg_0_3_12_17 |    <0.001 |
|     ddr_byte_lane_C.ddr_byte_lane_C/dq_gen_40.if_post_fifo_gen.u_ddr_if_post_fifo/mem_reg_0_3_18_23 |    <0.001 |
|     ddr_byte_lane_C.ddr_byte_lane_C/dq_gen_40.if_post_fifo_gen.u_ddr_if_post_fifo/mem_reg_0_3_30_35 |    <0.001 |
|     ddr_byte_lane_C.ddr_byte_lane_C/dq_gen_40.if_post_fifo_gen.u_ddr_if_post_fifo/mem_reg_0_3_36_41 |    <0.001 |
|     ddr_byte_lane_C.ddr_byte_lane_C/dq_gen_40.if_post_fifo_gen.u_ddr_if_post_fifo/mem_reg_0_3_42_47 |    <0.001 |
|     ddr_byte_lane_C.ddr_byte_lane_C/dq_gen_40.if_post_fifo_gen.u_ddr_if_post_fifo/mem_reg_0_3_48_53 |    <0.001 |
|     ddr_byte_lane_C.ddr_byte_lane_C/dq_gen_40.if_post_fifo_gen.u_ddr_if_post_fifo/mem_reg_0_3_54_59 |    <0.001 |
|     ddr_byte_lane_C.ddr_byte_lane_C/dq_gen_40.if_post_fifo_gen.u_ddr_if_post_fifo/mem_reg_0_3_60_65 |    <0.001 |
|     ddr_byte_lane_C.ddr_byte_lane_C/dq_gen_40.if_post_fifo_gen.u_ddr_if_post_fifo/mem_reg_0_3_66_71 |    <0.001 |
|     ddr_byte_lane_C.ddr_byte_lane_C/dq_gen_40.if_post_fifo_gen.u_ddr_if_post_fifo/mem_reg_0_3_6_11  |    <0.001 |
|     ddr_byte_lane_C.ddr_byte_lane_C/of_pre_fifo_gen.u_ddr_of_pre_fifo/mem_reg_0_15_0_5              |    <0.001 |
|     ddr_byte_lane_C.ddr_byte_lane_C/of_pre_fifo_gen.u_ddr_of_pre_fifo/mem_reg_0_15_12_17            |    <0.001 |
|     ddr_byte_lane_C.ddr_byte_lane_C/of_pre_fifo_gen.u_ddr_of_pre_fifo/mem_reg_0_15_18_23            |    <0.001 |
|     ddr_byte_lane_C.ddr_byte_lane_C/of_pre_fifo_gen.u_ddr_of_pre_fifo/mem_reg_0_15_24_29            |    <0.001 |
|     ddr_byte_lane_C.ddr_byte_lane_C/of_pre_fifo_gen.u_ddr_of_pre_fifo/mem_reg_0_15_30_35            |    <0.001 |
|     ddr_byte_lane_C.ddr_byte_lane_C/of_pre_fifo_gen.u_ddr_of_pre_fifo/mem_reg_0_15_36_41            |    <0.001 |
|     ddr_byte_lane_C.ddr_byte_lane_C/of_pre_fifo_gen.u_ddr_of_pre_fifo/mem_reg_0_15_42_47            |    <0.001 |
|     ddr_byte_lane_C.ddr_byte_lane_C/of_pre_fifo_gen.u_ddr_of_pre_fifo/mem_reg_0_15_48_53            |    <0.001 |
|     ddr_byte_lane_C.ddr_byte_lane_C/of_pre_fifo_gen.u_ddr_of_pre_fifo/mem_reg_0_15_54_59            |    <0.001 |
|     ddr_byte_lane_C.ddr_byte_lane_C/of_pre_fifo_gen.u_ddr_of_pre_fifo/mem_reg_0_15_60_65            |    <0.001 |
|     ddr_byte_lane_C.ddr_byte_lane_C/of_pre_fifo_gen.u_ddr_of_pre_fifo/mem_reg_0_15_66_71            |    <0.001 |
|     ddr_byte_lane_C.ddr_byte_lane_C/of_pre_fifo_gen.u_ddr_of_pre_fifo/mem_reg_0_15_6_11             |    <0.001 |
|     ddr_byte_lane_C.ddr_byte_lane_C/of_pre_fifo_gen.u_ddr_of_pre_fifo/mem_reg_0_15_72_77            |    <0.001 |
|     u_ddr_axi_mig                                                                                   |     0.636 |
|       temp_mon_enabled.u_tempmon                                                                    |     0.008 |
|       u_ddr2_clk_ibuf                                                                               |     0.000 |
|       u_ddr2_infrastructure                                                                         |    <0.001 |
|       u_iodelay_ctrl                                                                                |     0.001 |
|       u_memc_ui_top_axi                                                                             |     0.627 |
|         mem_intfc0                                                                                  |     0.619 |
|           ddr_phy_top0                                                                              |     0.615 |
|             u_ddr_calib_top                                                                         |     0.018 |
|               ddr_phy_tempmon_0                                                                     |     0.004 |
|               dqsfind_calib_left.u_ddr_phy_dqs_found_cal_hr                                         |     0.001 |
|               mb_wrlvl_off.u_phy_wrlvl_off_delay                                                    |    <0.001 |
|               u_ddr_phy_init                                                                        |     0.006 |
|               u_ddr_phy_rdlvl                                                                       |     0.005 |
|               u_ddr_phy_wrcal                                                                       |     0.002 |
|             u_ddr_mc_phy_wrapper                                                                    |     0.597 |
|               gen_dq_iobuf_HR.gen_dq_iobuf[0].u_iobuf_dq                                            |     0.013 |
|               gen_dq_iobuf_HR.gen_dq_iobuf[10].u_iobuf_dq                                           |     0.013 |
|               gen_dq_iobuf_HR.gen_dq_iobuf[11].u_iobuf_dq                                           |     0.013 |
|               gen_dq_iobuf_HR.gen_dq_iobuf[12].u_iobuf_dq                                           |     0.013 |
|               gen_dq_iobuf_HR.gen_dq_iobuf[13].u_iobuf_dq                                           |     0.013 |
|               gen_dq_iobuf_HR.gen_dq_iobuf[14].u_iobuf_dq                                           |     0.013 |
|               gen_dq_iobuf_HR.gen_dq_iobuf[15].u_iobuf_dq                                           |     0.013 |
|               gen_dq_iobuf_HR.gen_dq_iobuf[1].u_iobuf_dq                                            |     0.013 |
|               gen_dq_iobuf_HR.gen_dq_iobuf[2].u_iobuf_dq                                            |     0.013 |
|               gen_dq_iobuf_HR.gen_dq_iobuf[3].u_iobuf_dq                                            |     0.013 |
|               gen_dq_iobuf_HR.gen_dq_iobuf[4].u_iobuf_dq                                            |     0.013 |
|               gen_dq_iobuf_HR.gen_dq_iobuf[5].u_iobuf_dq                                            |     0.013 |
|               gen_dq_iobuf_HR.gen_dq_iobuf[6].u_iobuf_dq                                            |     0.013 |
|               gen_dq_iobuf_HR.gen_dq_iobuf[7].u_iobuf_dq                                            |     0.013 |
|               gen_dq_iobuf_HR.gen_dq_iobuf[8].u_iobuf_dq                                            |     0.013 |
|               gen_dq_iobuf_HR.gen_dq_iobuf[9].u_iobuf_dq                                            |     0.013 |
|               gen_dqs_iobuf_HR.gen_dqs_iobuf[0].gen_ddr2_or_low_dqs_diff.u_iobuf_dqs                |     0.025 |
|                 IBUFDS                                                                              |     0.017 |
|                 OBUFTDS                                                                             |     0.008 |
|               gen_dqs_iobuf_HR.gen_dqs_iobuf[1].gen_ddr2_or_low_dqs_diff.u_iobuf_dqs                |     0.025 |
|                 IBUFDS                                                                              |     0.017 |
|                 OBUFTDS                                                                             |     0.008 |
|               u_ddr_mc_phy                                                                          |     0.164 |
|                 ddr_phy_4lanes_0.u_ddr_phy_4lanes                                                   |     0.164 |
|                   ddr_byte_lane_A.ddr_byte_lane_A                                                   |     0.044 |
|                     ddr_byte_group_io                                                               |     0.031 |
|                     dq_gen_40.if_post_fifo_gen.u_ddr_if_post_fifo                                   |    <0.001 |
|                     of_pre_fifo_gen.u_ddr_of_pre_fifo                                               |    <0.001 |
|                   ddr_byte_lane_B.ddr_byte_lane_B                                                   |     0.011 |
|                     ddr_byte_group_io                                                               |    <0.001 |
|                     of_pre_fifo_gen.u_ddr_of_pre_fifo                                               |    <0.001 |
|                   ddr_byte_lane_C.ddr_byte_lane_C                                                   |     0.044 |
|                     ddr_byte_group_io                                                               |     0.031 |
|                     dq_gen_40.if_post_fifo_gen.u_ddr_if_post_fifo                                   |    <0.001 |
|                     of_pre_fifo_gen.u_ddr_of_pre_fifo                                               |    <0.001 |
|                   ddr_byte_lane_D.ddr_byte_lane_D                                                   |     0.035 |
|                     ddr_byte_group_io                                                               |    <0.001 |
|                     ddr_ck_gen_loop[0].ddr_ck_gen.ddr_ck_obuf                                       |     0.024 |
|                     of_pre_fifo_gen.u_ddr_of_pre_fifo                                               |    <0.001 |
|                       mem_reg_0_15_12_17                                                            |    <0.001 |
|                       mem_reg_0_15_18_23                                                            |    <0.001 |
|                       mem_reg_0_15_24_29                                                            |    <0.001 |
|                       mem_reg_0_15_30_35                                                            |    <0.001 |
|                       mem_reg_0_15_36_41                                                            |    <0.001 |
|                       mem_reg_0_15_42_47                                                            |    <0.001 |
|                       mem_reg_0_15_48_53                                                            |    <0.001 |
|                       mem_reg_0_15_54_59                                                            |    <0.001 |
|                       mem_reg_0_15_60_65                                                            |    <0.001 |
|                       mem_reg_0_15_66_71                                                            |    <0.001 |
|                       mem_reg_0_15_6_11                                                             |    <0.001 |
|                       mem_reg_0_15_72_77                                                            |    <0.001 |
|           mc0                                                                                       |     0.004 |
|             bank_mach0                                                                              |     0.003 |
|               arb_mux0                                                                              |    <0.001 |
|                 arb_row_col0                                                                        |    <0.001 |
|                   col_arb0                                                                          |    <0.001 |
|                   config_arb0                                                                       |    <0.001 |
|                   row_arb0                                                                          |    <0.001 |
|                 arb_select0                                                                         |    <0.001 |
|               bank_cntrl[0].bank0                                                                   |    <0.001 |
|                 bank_compare0                                                                       |    <0.001 |
|                 bank_queue0                                                                         |    <0.001 |
|                 bank_state0                                                                         |    <0.001 |
|               bank_cntrl[1].bank0                                                                   |    <0.001 |
|                 bank_compare0                                                                       |    <0.001 |
|                 bank_queue0                                                                         |    <0.001 |
|                 bank_state0                                                                         |    <0.001 |
|               bank_cntrl[2].bank0                                                                   |    <0.001 |
|                 bank_compare0                                                                       |    <0.001 |
|                 bank_queue0                                                                         |    <0.001 |
|                 bank_state0                                                                         |    <0.001 |
|               bank_cntrl[3].bank0                                                                   |    <0.001 |
|                 bank_compare0                                                                       |    <0.001 |
|                 bank_queue0                                                                         |    <0.001 |
|                 bank_state0                                                                         |    <0.001 |
|               bank_common0                                                                          |    <0.001 |
|             col_mach0                                                                               |    <0.001 |
|               read_fifo.fifo_ram[0].RAM32M0                                                         |    <0.001 |
|             rank_mach0                                                                              |    <0.001 |
|               rank_cntrl[0].rank_cntrl0                                                             |    <0.001 |
|               rank_common0                                                                          |    <0.001 |
|                 maintenance_request.maint_arb0                                                      |    <0.001 |
|         u_axi_mc                                                                                    |     0.007 |
|           USE_UPSIZER.upsizer_d2                                                                    |     0.004 |
|             USE_READ.read_addr_inst                                                                 |    <0.001 |
|               USE_BURSTS.cmd_queue                                                                  |    <0.001 |
|                 USE_FPGA_VALID_WRITE.new_write_inst                                                 |    <0.001 |
|                 USE_FPGA_VALID_WRITE.s_valid_dummy_inst1                                            |     0.000 |
|                 USE_FPGA_VALID_WRITE.s_valid_dummy_inst2                                            |     0.000 |
|                 USE_FPGA_VALID_WRITE.valid_write_dummy_inst1                                        |     0.000 |
|                 USE_FPGA_VALID_WRITE.valid_write_dummy_inst2                                        |    <0.001 |
|                 USE_FPGA_VALID_WRITE.valid_write_dummy_inst3                                        |     0.000 |
|                 USE_FPGA_VALID_WRITE.valid_write_inst                                               |     0.000 |
|               USE_FPGA_ADJUSTED_LEN.LUT_LAST_MASK[0].last_mask_inst                                 |     0.000 |
|               USE_FPGA_ADJUSTED_LEN.LUT_LAST_MASK[1].last_mask_inst                                 |     0.000 |
|               USE_FPGA_ADJUSTED_LEN.LUT_LAST_MASK[2].last_mask_inst                                 |    <0.001 |
|               USE_FPGA_ADJUSTED_LEN.access_need_extra_word_inst                                     |    <0.001 |
|             USE_READ.read_data_inst                                                                 |    <0.001 |
|               USE_FPGA_CTRL.cmd_ready_inst                                                          |    <0.001 |
|               USE_FPGA_LAST_WORD.USE_FPGA_PACK.last_beat_inst_1                                     |    <0.001 |
|               USE_FPGA_LAST_WORD.USE_FPGA_PACK.last_beat_wrap_inst                                  |     0.000 |
|               USE_FPGA_LAST_WORD.last_beat_curr_word_inst                                           |    <0.001 |
|                 LUT_LEVEL[0].compare_inst                                                           |     0.000 |
|                 LUT_LEVEL[1].compare_inst                                                           |     0.000 |
|                 LUT_LEVEL[2].compare_inst                                                           |    <0.001 |
|               USE_FPGA_LAST_WORD.last_beat_inst                                                     |     0.000 |
|                 LUT_LEVEL[0].compare_inst                                                           |     0.000 |
|                 LUT_LEVEL[1].compare_inst                                                           |     0.000 |
|                 LUT_LEVEL[2].compare_inst                                                           |     0.000 |
|                 LUT_LEVEL[3].compare_inst                                                           |     0.000 |
|               USE_FPGA_LENGTH.BIT_LANE[0].LUT6_2_inst                                               |    <0.001 |
|               USE_FPGA_LENGTH.BIT_LANE[1].LUT6_2_inst                                               |    <0.001 |
|               USE_FPGA_LENGTH.BIT_LANE[2].LUT6_2_inst                                               |    <0.001 |
|               USE_FPGA_LENGTH.BIT_LANE[3].LUT6_2_inst                                               |    <0.001 |
|               USE_FPGA_LENGTH.BIT_LANE[4].LUT6_2_inst                                               |    <0.001 |
|               USE_FPGA_LENGTH.BIT_LANE[5].LUT6_2_inst                                               |    <0.001 |
|               USE_FPGA_LENGTH.BIT_LANE[6].LUT6_2_inst                                               |    <0.001 |
|               USE_FPGA_NEXT_WORD.LUT_LEVEL[0].LUT6_2_inst                                           |    <0.001 |
|               USE_FPGA_NEXT_WORD.LUT_LEVEL[1].LUT6_2_inst                                           |    <0.001 |
|               USE_FPGA_NEXT_WORD.LUT_LEVEL[2].LUT6_2_inst                                           |    <0.001 |
|               USE_FPGA_WORD_COMPLETED.next_word_wrap_inst                                           |    <0.001 |
|                 LUT_LEVEL[0].compare_inst                                                           |    <0.001 |
|                 LUT_LEVEL[1].compare_inst                                                           |     0.000 |
|               USE_FPGA_WORD_COMPLETED.word_complete_last_word_inst                                  |     0.000 |
|               USE_FPGA_WORD_COMPLETED.word_complete_next_wrap_inst                                  |     0.000 |
|               USE_FPGA_WORD_COMPLETED.word_complete_next_wrap_pop_inst                              |    <0.001 |
|               USE_FPGA_WORD_COMPLETED.word_complete_next_wrap_ready_inst                            |     0.000 |
|               USE_FPGA_WORD_COMPLETED.word_complete_rest_inst                                       |     0.000 |
|               USE_FPGA_WORD_COMPLETED.word_complete_rest_pop_inst                                   |    <0.001 |
|               USE_FPGA_WORD_COMPLETED.word_complete_rest_ready_inst                                 |     0.000 |
|             USE_WRITE.write_addr_inst                                                               |    <0.001 |
|               USE_BURSTS.cmd_queue                                                                  |    <0.001 |
|                 USE_FPGA_VALID_WRITE.new_write_inst                                                 |    <0.001 |
|                 USE_FPGA_VALID_WRITE.s_valid_dummy_inst1                                            |     0.000 |
|                 USE_FPGA_VALID_WRITE.s_valid_dummy_inst2                                            |     0.000 |
|                 USE_FPGA_VALID_WRITE.valid_write_dummy_inst1                                        |     0.000 |
|                 USE_FPGA_VALID_WRITE.valid_write_dummy_inst2                                        |    <0.001 |
|                 USE_FPGA_VALID_WRITE.valid_write_dummy_inst3                                        |     0.000 |
|                 USE_FPGA_VALID_WRITE.valid_write_inst                                               |     0.000 |
|               USE_FPGA_ADJUSTED_LEN.LUT_LAST_MASK[0].last_mask_inst                                 |     0.000 |
|               USE_FPGA_ADJUSTED_LEN.LUT_LAST_MASK[1].last_mask_inst                                 |     0.000 |
|               USE_FPGA_ADJUSTED_LEN.LUT_LAST_MASK[2].last_mask_inst                                 |    <0.001 |
|               USE_FPGA_ADJUSTED_LEN.access_need_extra_word_inst                                     |    <0.001 |
|             USE_WRITE.write_data_inst                                                               |    <0.001 |
|               USE_FPGA_LAST_WORD.last_beat_curr_word_inst                                           |    <0.001 |
|                 LUT_LEVEL[0].compare_inst                                                           |    <0.001 |
|                 LUT_LEVEL[1].compare_inst                                                           |     0.000 |
|                 LUT_LEVEL[2].compare_inst                                                           |     0.000 |
|               USE_FPGA_LAST_WORD.last_beat_inst                                                     |     0.000 |
|                 LUT_LEVEL[0].compare_inst                                                           |     0.000 |
|                 LUT_LEVEL[1].compare_inst                                                           |     0.000 |
|                 LUT_LEVEL[2].compare_inst                                                           |     0.000 |
|                 LUT_LEVEL[3].compare_inst                                                           |     0.000 |
|               USE_FPGA_LAST_WORD.last_word_inst                                                     |     0.000 |
|               USE_FPGA_NEXT_WORD.LUT_LEVEL[0].LUT6_2_inst                                           |    <0.001 |
|               USE_FPGA_NEXT_WORD.LUT_LEVEL[1].LUT6_2_inst                                           |    <0.001 |
|               USE_FPGA_NEXT_WORD.LUT_LEVEL[2].LUT6_2_inst                                           |    <0.001 |
|               USE_FPGA_USE_WRAP.last_word_inst2                                                     |    <0.001 |
|               USE_FPGA_USE_WRAP.last_word_inst3                                                     |     0.000 |
|               USE_FPGA_USE_WRAP.word_complete_next_wrap_stall_inst                                  |    <0.001 |
|               USE_FPGA_WORD_COMPLETED.last_word_inst_2                                              |     0.000 |
|               USE_FPGA_WORD_COMPLETED.next_word_wrap_inst                                           |    <0.001 |
|                 LUT_LEVEL[0].compare_inst                                                           |    <0.001 |
|                 LUT_LEVEL[1].compare_inst                                                           |     0.000 |
|               USE_FPGA_WORD_COMPLETED.pop_si_data_inst                                              |     0.000 |
|               USE_FPGA_WORD_COMPLETED.word_complete_next_wrap_inst                                  |     0.000 |
|               USE_FPGA_WORD_COMPLETED.word_complete_next_wrap_last_inst                             |    <0.001 |
|               USE_FPGA_WORD_COMPLETED.word_complete_next_wrap_pop_inst                              |     0.000 |
|               USE_FPGA_WORD_COMPLETED.word_complete_next_wrap_qual_inst                             |     0.000 |
|               USE_FPGA_WORD_COMPLETED.word_complete_next_wrap_valid_inst                            |     0.000 |
|               USE_FPGA_WORD_COMPLETED.word_complete_rest_last_inst                                  |    <0.001 |
|               USE_FPGA_WORD_COMPLETED.word_complete_rest_pop_inst                                   |     0.000 |
|               USE_FPGA_WORD_COMPLETED.word_complete_rest_qual_inst                                  |     0.000 |
|               USE_FPGA_WORD_COMPLETED.word_complete_rest_valid_inst                                 |     0.000 |
|             mi_register_slice_inst                                                                  |    <0.001 |
|               r_pipe                                                                                |    <0.001 |
|             si_register_slice_inst                                                                  |    <0.001 |
|               ar_pipe                                                                               |    <0.001 |
|               aw_pipe                                                                               |    <0.001 |
|           axi_mc_ar_channel_0                                                                       |    <0.001 |
|             ar_cmd_fsm_0                                                                            |    <0.001 |
|             axi_mc_cmd_translator_0                                                                 |    <0.001 |
|               axi_mc_incr_cmd_0                                                                     |    <0.001 |
|               axi_mc_wrap_cmd_0                                                                     |    <0.001 |
|           axi_mc_aw_channel_0                                                                       |    <0.001 |
|             aw_cmd_fsm_0                                                                            |    <0.001 |
|             axi_mc_cmd_translator_0                                                                 |    <0.001 |
|               axi_mc_incr_cmd_0                                                                     |    <0.001 |
|               axi_mc_wrap_cmd_0                                                                     |    <0.001 |
|           axi_mc_b_channel_0                                                                        |    <0.001 |
|             bid_fifo_0                                                                              |    <0.001 |
|           axi_mc_cmd_arbiter_0                                                                      |    <0.001 |
|           axi_mc_r_channel_0                                                                        |    <0.001 |
|             rd_data_fifo_0                                                                          |    <0.001 |
|             transaction_fifo_0                                                                      |    <0.001 |
|           axi_mc_w_channel_0                                                                        |    <0.001 |
|         u_ui_top                                                                                    |     0.002 |
|           ui_cmd0                                                                                   |    <0.001 |
|           ui_rd_data0                                                                               |    <0.001 |
|           ui_wr_data0                                                                               |     0.001 |
|             pointer_ram.rams[0].RAM32M0                                                             |    <0.001 |
|             pointer_ram.rams[1].RAM32M0                                                             |    <0.001 |
|             write_buffer.wr_buffer_ram[0].RAM32M0                                                   |    <0.001 |
|             write_buffer.wr_buffer_ram[10].RAM32M0                                                  |    <0.001 |
|             write_buffer.wr_buffer_ram[11].RAM32M0                                                  |    <0.001 |
|             write_buffer.wr_buffer_ram[1].RAM32M0                                                   |    <0.001 |
|             write_buffer.wr_buffer_ram[2].RAM32M0                                                   |    <0.001 |
|             write_buffer.wr_buffer_ram[3].RAM32M0                                                   |    <0.001 |
|             write_buffer.wr_buffer_ram[4].RAM32M0                                                   |    <0.001 |
|             write_buffer.wr_buffer_ram[5].RAM32M0                                                   |    <0.001 |
|             write_buffer.wr_buffer_ram[6].RAM32M0                                                   |    <0.001 |
|             write_buffer.wr_buffer_ram[7].RAM32M0                                                   |    <0.001 |
|             write_buffer.wr_buffer_ram[8].RAM32M0                                                   |    <0.001 |
|             write_buffer.wr_buffer_ram[9].RAM32M0                                                   |    <0.001 |
|   i_etherlite                                                                                       |     0.013 |
|     U0                                                                                              |     0.013 |
|       BUS_RST_RX_SYNC_CORE_I                                                                        |    <0.001 |
|       I_AXI_NATIVE_IPIF                                                                             |    <0.001 |
|       XEMAC_I                                                                                       |     0.013 |
|         EMAC_I                                                                                      |     0.003 |
|           CDC_TX_CLK                                                                                |    <0.001 |
|           NODEMACADDRRAMI                                                                           |    <0.001 |
|             ram16x4i                                                                                |    <0.001 |
|               ram16x1_0                                                                             |    <0.001 |
|               ram16x1_1                                                                             |    <0.001 |
|               ram16x1_2                                                                             |    <0.001 |
|               ram16x1_3                                                                             |    <0.001 |
|           RX                                                                                        |     0.001 |
|             INST_CRCGENRX                                                                           |    <0.001 |
|             INST_RX_INTRFCE                                                                         |    <0.001 |
|               CDC_FIFO_RST                                                                          |    <0.001 |
|               I_RX_FIFO                                                                             |    <0.001 |
|                 LEGACY_COREGEN_DEPTH.V6_S6_AND_LATER.I_ASYNC_FIFO_BRAM                              |    <0.001 |
|                   inst_fifo_gen                                                                     |    <0.001 |
|                     gconvfifo.rf                                                                    |    <0.001 |
|                       grf.rf                                                                        |    <0.001 |
|                         gntv_or_sync_fifo.gcx.clkx                                                  |    <0.001 |
|                           gsync_stage[1].rd_stg_inst                                                |    <0.001 |
|                           gsync_stage[1].wr_stg_inst                                                |    <0.001 |
|                           gsync_stage[2].rd_stg_inst                                                |    <0.001 |
|                           gsync_stage[2].wr_stg_inst                                                |    <0.001 |
|                         gntv_or_sync_fifo.gl0.rd                                                    |    <0.001 |
|                           gras.rsts                                                                 |    <0.001 |
|                           grhf.rhf                                                                  |    <0.001 |
|                           rpntr                                                                     |    <0.001 |
|                         gntv_or_sync_fifo.gl0.wr                                                    |    <0.001 |
|                           gwas.wsts                                                                 |    <0.001 |
|                           wpntr                                                                     |    <0.001 |
|                         gntv_or_sync_fifo.mem                                                       |    <0.001 |
|                           gdm.dm                                                                    |    <0.001 |
|                             RAM_reg_0_15_0_5                                                        |     0.000 |
|                         rstblk                                                                      |    <0.001 |
|             INST_RX_STATE                                                                           |    <0.001 |
|           TX                                                                                        |     0.001 |
|             CDC_PHY_TX_RST                                                                          |    <0.001 |
|             CDC_TX_EN                                                                               |    <0.001 |
|             INST_CRCCOUNTER                                                                         |    <0.001 |
|             INST_DEFERRAL_CONTROL                                                                   |    <0.001 |
|               inst_deferral_state                                                                   |    <0.001 |
|               inst_ifgp1_count                                                                      |    <0.001 |
|               inst_ifgp2_count                                                                      |    <0.001 |
|             INST_TXBUSFIFOWRITENIBBLECOUNT                                                          |    <0.001 |
|             INST_TXNIBBLECOUNT                                                                      |    <0.001 |
|             INST_TX_INTRFCE                                                                         |    <0.001 |
|               CDC_FIFO_EMPTY                                                                        |    <0.001 |
|               I_TX_FIFO                                                                             |    <0.001 |
|                 LEGACY_COREGEN_DEPTH.V6_S6_AND_LATER.I_ASYNC_FIFO_BRAM                              |    <0.001 |
|                   inst_fifo_gen                                                                     |    <0.001 |
|                     gconvfifo.rf                                                                    |    <0.001 |
|                       grf.rf                                                                        |    <0.001 |
|                         gntv_or_sync_fifo.gcx.clkx                                                  |    <0.001 |
|                           gsync_stage[1].rd_stg_inst                                                |    <0.001 |
|                           gsync_stage[1].wr_stg_inst                                                |    <0.001 |
|                           gsync_stage[2].rd_stg_inst                                                |    <0.001 |
|                           gsync_stage[2].wr_stg_inst                                                |    <0.001 |
|                         gntv_or_sync_fifo.gl0.rd                                                    |    <0.001 |
|                           gras.rsts                                                                 |    <0.001 |
|                           rpntr                                                                     |    <0.001 |
|                         gntv_or_sync_fifo.gl0.wr                                                    |    <0.001 |
|                           gwas.wsts                                                                 |    <0.001 |
|                           wpntr                                                                     |    <0.001 |
|                         rstblk                                                                      |    <0.001 |
|             INST_TX_STATE_MACHINE                                                                   |    <0.001 |
|               PRE_SFD_count                                                                         |    <0.001 |
|             tx3_generate.INST_BOCNT                                                                 |    <0.001 |
|               LFSRP                                                                                 |    <0.001 |
|             tx3_generate.INST_COLRETRYCNT                                                           |    <0.001 |
|             tx3_generate.INST_COLWINDOWNIBCNT                                                       |    <0.001 |
|             tx3_generate.INST_JAMTXNIBCNT                                                           |    <0.001 |
|         MDIO_GEN.MDIO_IF_I                                                                          |    <0.001 |
|         RX_PING                                                                                     |     0.005 |
|           dpram_blkmem                                                                              |     0.005 |
|             FAMILY_SUPPORTED.I_TRUE_DUAL_PORT_BLK_MEM_GEN                                           |     0.005 |
|               inst_blk_mem_gen                                                                      |     0.005 |
|                 gnativebmg.native_blk_mem_gen                                                       |     0.005 |
|                   valid.cstr                                                                        |     0.005 |
|                     ramloop[0].ram.r                                                                |     0.005 |
|                       prim_noinit.ram                                                               |     0.005 |
|         TX_PING                                                                                     |     0.005 |
|           dpram_blkmem                                                                              |     0.005 |
|             FAMILY_SUPPORTED.I_TRUE_DUAL_PORT_BLK_MEM_GEN                                           |     0.005 |
|               inst_blk_mem_gen                                                                      |     0.005 |
|                 gnativebmg.native_blk_mem_gen                                                       |     0.005 |
|                   valid.cstr                                                                        |     0.005 |
|                     ramloop[0].ram.r                                                                |     0.005 |
|                       prim_noinit.ram                                                               |     0.005 |
|   i_iobuf_mdio                                                                                      |     0.002 |
|   i_periph                                                                                          |     0.009 |
|     A16750                                                                                          |     0.005 |
|       BAUDOUTN_reg                                                                                  |    <0.001 |
|       SOUT_reg                                                                                      |    <0.001 |
|       State_reg2                                                                                    |    <0.001 |
|       State_reg[0]                                                                                  |    <0.001 |
|       State_reg[1]                                                                                  |    <0.001 |
|       UART_BG16/BAUDTICK_reg                                                                        |    <0.001 |
|       UART_BG16/iCounter_reg[0]                                                                     |    <0.001 |
|       UART_BG16/iCounter_reg[10]                                                                    |    <0.001 |
|       UART_BG16/iCounter_reg[11]                                                                    |    <0.001 |
|       UART_BG16/iCounter_reg[12]                                                                    |    <0.001 |
|       UART_BG16/iCounter_reg[13]                                                                    |    <0.001 |
|       UART_BG16/iCounter_reg[14]                                                                    |    <0.001 |
|       UART_BG16/iCounter_reg[15]                                                                    |    <0.001 |
|       UART_BG16/iCounter_reg[1]                                                                     |    <0.001 |
|       UART_BG16/iCounter_reg[2]                                                                     |    <0.001 |
|       UART_BG16/iCounter_reg[3]                                                                     |    <0.001 |
|       UART_BG16/iCounter_reg[4]                                                                     |    <0.001 |
|       UART_BG16/iCounter_reg[5]                                                                     |    <0.001 |
|       UART_BG16/iCounter_reg[6]                                                                     |    <0.001 |
|       UART_BG16/iCounter_reg[7]                                                                     |    <0.001 |
|       UART_BG16/iCounter_reg[8]                                                                     |    <0.001 |
|       UART_BG16/iCounter_reg[9]                                                                     |    <0.001 |
|       UART_BG2/iCounter_reg[0]                                                                      |    <0.001 |
|       UART_BG2/iCounter_reg[1]                                                                      |    <0.001 |
|       UART_BG2/iCounter_reg[2]                                                                      |    <0.001 |
|       UART_BG2/iQ_reg                                                                               |    <0.001 |
|       UART_BIDET/iDd_reg                                                                            |    <0.001 |
|       UART_ED_CTS/iDd_reg                                                                           |    <0.001 |
|       UART_ED_DCD/iDd_reg                                                                           |    <0.001 |
|       UART_ED_DSR/iDd_reg                                                                           |    <0.001 |
|       UART_ED_READ/iDd_reg                                                                          |    <0.001 |
|       UART_ED_RI/iDd_reg                                                                            |    <0.001 |
|       UART_ED_WRITE/iDd_reg                                                                         |    <0.001 |
|       UART_FEDET/iDd_reg                                                                            |    <0.001 |
|       UART_IF_CTS/Q_reg                                                                             |    <0.001 |
|       UART_IF_CTS/iCount_reg[0]                                                                     |    <0.001 |
|       UART_IF_CTS/iCount_reg[1]                                                                     |    <0.001 |
|       UART_IF_DCD/Q_reg                                                                             |    <0.001 |
|       UART_IF_DCD/iCount_reg[0]                                                                     |    <0.001 |
|       UART_IF_DCD/iCount_reg[1]                                                                     |    <0.001 |
|       UART_IF_DSR/Q_reg                                                                             |    <0.001 |
|       UART_IF_DSR/iCount_reg[0]                                                                     |    <0.001 |
|       UART_IF_DSR/iCount_reg[1]                                                                     |    <0.001 |
|       UART_IF_RI/Q_reg                                                                              |    <0.001 |
|       UART_IF_RI/iCount_reg[0]                                                                      |    <0.001 |
|       UART_IF_RI/iCount_reg[1]                                                                      |    <0.001 |
|       UART_IIC/iIIR_reg[0]                                                                          |    <0.001 |
|       UART_IIC/iIIR_reg[1]                                                                          |    <0.001 |
|       UART_IIC/iIIR_reg[2]                                                                          |    <0.001 |
|       UART_IIC/iIIR_reg[3]                                                                          |    <0.001 |
|       UART_IIC_THRE_ED/iDd_reg                                                                      |    <0.001 |
|       UART_IS_CTS/iD_reg[0]                                                                         |    <0.001 |
|       UART_IS_CTS/iD_reg[1]                                                                         |    <0.001 |
|       UART_IS_DCD/iD_reg[0]                                                                         |    <0.001 |
|       UART_IS_DCD/iD_reg[1]                                                                         |    <0.001 |
|       UART_IS_DSR/iD_reg[0]                                                                         |    <0.001 |
|       UART_IS_DSR/iD_reg[1]                                                                         |    <0.001 |
|       UART_IS_RI/iD_reg[0]                                                                          |    <0.001 |
|       UART_IS_RI/iD_reg[1]                                                                          |    <0.001 |
|       UART_IS_SIN/iD_reg[0]                                                                         |    <0.001 |
|       UART_IS_SIN/iD_reg[1]                                                                         |    <0.001 |
|       UART_PEDET/iDd_reg                                                                            |    <0.001 |
|       UART_RCLK/iDd_reg                                                                             |    <0.001 |
|       UART_RX/CState_reg[0]                                                                         |    <0.001 |
|       UART_RX/CState_reg[1]                                                                         |    <0.001 |
|       UART_RX/CState_reg[2]                                                                         |    <0.001 |
|       UART_RX/PE_reg                                                                                |    <0.001 |
|       UART_RX/RX_BRC/iCounter_reg[0]                                                                |    <0.001 |
|       UART_RX/RX_BRC/iCounter_reg[1]                                                                |    <0.001 |
|       UART_RX/RX_BRC/iCounter_reg[2]                                                                |    <0.001 |
|       UART_RX/RX_BRC/iCounter_reg[3]                                                                |    <0.001 |
|       UART_RX/RX_BRC/iCounter_reg[4]                                                                |    <0.001 |
|       UART_RX/RX_IFSB/Q_reg                                                                         |    <0.001 |
|       UART_RX/RX_IFSB/iCount_reg[0]                                                                 |    <0.001 |
|       UART_RX/RX_IFSB/iCount_reg[1]                                                                 |    <0.001 |
|       UART_RX/RX_IFSB/iCount_reg[2]                                                                 |    <0.001 |
|       UART_RX/RX_MVF/iCounter_reg[0]                                                                |    <0.001 |
|       UART_RX/RX_MVF/iCounter_reg[1]                                                                |    <0.001 |
|       UART_RX/RX_MVF/iCounter_reg[2]                                                                |    <0.001 |
|       UART_RX/RX_MVF/iCounter_reg[3]                                                                |    <0.001 |
|       UART_RX/RX_MVF/iQ_reg                                                                         |    <0.001 |
|       UART_RX/iBaudStepD_reg                                                                        |    <0.001 |
|       UART_RX/iDOUT_reg[0]                                                                          |    <0.001 |
|       UART_RX/iDOUT_reg[1]                                                                          |    <0.001 |
|       UART_RX/iDOUT_reg[2]                                                                          |    <0.001 |
|       UART_RX/iDOUT_reg[3]                                                                          |    <0.001 |
|       UART_RX/iDOUT_reg[4]                                                                          |    <0.001 |
|       UART_RX/iDOUT_reg[5]                                                                          |    <0.001 |
|       UART_RX/iDOUT_reg[6]                                                                          |    <0.001 |
|       UART_RX/iDOUT_reg[7]                                                                          |    <0.001 |
|       UART_RX/iDataCount_reg[0]                                                                     |    <0.001 |
|       UART_RX/iDataCount_reg[1]                                                                     |    <0.001 |
|       UART_RX/iDataCount_reg[2]                                                                     |    <0.001 |
|       UART_RX/iDataCount_reg[3]                                                                     |    <0.001 |
|       UART_RX/iParityReceived_reg                                                                   |    <0.001 |
|       UART_RXFF/Q_reg[0]                                                                            |    <0.001 |
|       UART_RXFF/Q_reg[10]                                                                           |    <0.001 |
|       UART_RXFF/Q_reg[1]                                                                            |    <0.001 |
|       UART_RXFF/Q_reg[2]                                                                            |    <0.001 |
|       UART_RXFF/Q_reg[3]                                                                            |    <0.001 |
|       UART_RXFF/Q_reg[4]                                                                            |    <0.001 |
|       UART_RXFF/Q_reg[5]                                                                            |    <0.001 |
|       UART_RXFF/Q_reg[6]                                                                            |    <0.001 |
|       UART_RXFF/Q_reg[7]                                                                            |    <0.001 |
|       UART_RXFF/Q_reg[8]                                                                            |    <0.001 |
|       UART_RXFF/Q_reg[9]                                                                            |    <0.001 |
|       UART_RXFF/iEMPTY_reg                                                                          |    <0.001 |
|       UART_RXFF/iFIFOMem_reg[0][0]                                                                  |    <0.001 |
|       UART_RXFF/iFIFOMem_reg[0][10]                                                                 |    <0.001 |
|       UART_RXFF/iFIFOMem_reg[0][1]                                                                  |    <0.001 |
|       UART_RXFF/iFIFOMem_reg[0][2]                                                                  |    <0.001 |
|       UART_RXFF/iFIFOMem_reg[0][3]                                                                  |    <0.001 |
|       UART_RXFF/iFIFOMem_reg[0][4]                                                                  |    <0.001 |
|       UART_RXFF/iFIFOMem_reg[0][5]                                                                  |    <0.001 |
|       UART_RXFF/iFIFOMem_reg[0][6]                                                                  |    <0.001 |
|       UART_RXFF/iFIFOMem_reg[0][7]                                                                  |    <0.001 |
|       UART_RXFF/iFIFOMem_reg[0][8]                                                                  |    <0.001 |
|       UART_RXFF/iFIFOMem_reg[0][9]                                                                  |    <0.001 |
|       UART_RXFF/iFIFOMem_reg[10][0]                                                                 |    <0.001 |
|       UART_RXFF/iFIFOMem_reg[10][10]                                                                |    <0.001 |
|       UART_RXFF/iFIFOMem_reg[10][1]                                                                 |    <0.001 |
|       UART_RXFF/iFIFOMem_reg[10][2]                                                                 |    <0.001 |
|       UART_RXFF/iFIFOMem_reg[10][3]                                                                 |    <0.001 |
|       UART_RXFF/iFIFOMem_reg[10][4]                                                                 |    <0.001 |
|       UART_RXFF/iFIFOMem_reg[10][5]                                                                 |    <0.001 |
|       UART_RXFF/iFIFOMem_reg[10][6]                                                                 |    <0.001 |
|       UART_RXFF/iFIFOMem_reg[10][7]                                                                 |    <0.001 |
|       UART_RXFF/iFIFOMem_reg[10][8]                                                                 |    <0.001 |
|       UART_RXFF/iFIFOMem_reg[10][9]                                                                 |    <0.001 |
|       UART_RXFF/iFIFOMem_reg[11][0]                                                                 |    <0.001 |
|       UART_RXFF/iFIFOMem_reg[11][10]                                                                |    <0.001 |
|       UART_RXFF/iFIFOMem_reg[11][1]                                                                 |    <0.001 |
|       UART_RXFF/iFIFOMem_reg[11][2]                                                                 |    <0.001 |
|       UART_RXFF/iFIFOMem_reg[11][3]                                                                 |    <0.001 |
|       UART_RXFF/iFIFOMem_reg[11][4]                                                                 |    <0.001 |
|       UART_RXFF/iFIFOMem_reg[11][5]                                                                 |    <0.001 |
|       UART_RXFF/iFIFOMem_reg[11][6]                                                                 |    <0.001 |
|       UART_RXFF/iFIFOMem_reg[11][7]                                                                 |    <0.001 |
|       UART_RXFF/iFIFOMem_reg[11][8]                                                                 |    <0.001 |
|       UART_RXFF/iFIFOMem_reg[11][9]                                                                 |    <0.001 |
|       UART_RXFF/iFIFOMem_reg[12][0]                                                                 |    <0.001 |
|       UART_RXFF/iFIFOMem_reg[12][10]                                                                |    <0.001 |
|       UART_RXFF/iFIFOMem_reg[12][1]                                                                 |    <0.001 |
|       UART_RXFF/iFIFOMem_reg[12][2]                                                                 |    <0.001 |
|       UART_RXFF/iFIFOMem_reg[12][3]                                                                 |    <0.001 |
|       UART_RXFF/iFIFOMem_reg[12][4]                                                                 |    <0.001 |
|       UART_RXFF/iFIFOMem_reg[12][5]                                                                 |    <0.001 |
|       UART_RXFF/iFIFOMem_reg[12][6]                                                                 |    <0.001 |
|       UART_RXFF/iFIFOMem_reg[12][7]                                                                 |    <0.001 |
|       UART_RXFF/iFIFOMem_reg[12][8]                                                                 |    <0.001 |
|       UART_RXFF/iFIFOMem_reg[12][9]                                                                 |    <0.001 |
|       UART_RXFF/iFIFOMem_reg[13][0]                                                                 |    <0.001 |
|       UART_RXFF/iFIFOMem_reg[13][10]                                                                |    <0.001 |
|       UART_RXFF/iFIFOMem_reg[13][1]                                                                 |    <0.001 |
|       UART_RXFF/iFIFOMem_reg[13][2]                                                                 |    <0.001 |
|       UART_RXFF/iFIFOMem_reg[13][3]                                                                 |    <0.001 |
|       UART_RXFF/iFIFOMem_reg[13][4]                                                                 |    <0.001 |
|       UART_RXFF/iFIFOMem_reg[13][5]                                                                 |    <0.001 |
|       UART_RXFF/iFIFOMem_reg[13][6]                                                                 |    <0.001 |
|       UART_RXFF/iFIFOMem_reg[13][7]                                                                 |    <0.001 |
|       UART_RXFF/iFIFOMem_reg[13][8]                                                                 |    <0.001 |
|       UART_RXFF/iFIFOMem_reg[13][9]                                                                 |    <0.001 |
|       UART_RXFF/iFIFOMem_reg[14][0]                                                                 |    <0.001 |
|       UART_RXFF/iFIFOMem_reg[14][10]                                                                |    <0.001 |
|       UART_RXFF/iFIFOMem_reg[14][1]                                                                 |    <0.001 |
|       UART_RXFF/iFIFOMem_reg[14][2]                                                                 |    <0.001 |
|       UART_RXFF/iFIFOMem_reg[14][3]                                                                 |    <0.001 |
|       UART_RXFF/iFIFOMem_reg[14][4]                                                                 |    <0.001 |
|       UART_RXFF/iFIFOMem_reg[14][5]                                                                 |    <0.001 |
|       UART_RXFF/iFIFOMem_reg[14][6]                                                                 |    <0.001 |
|       UART_RXFF/iFIFOMem_reg[14][7]                                                                 |    <0.001 |
|       UART_RXFF/iFIFOMem_reg[14][8]                                                                 |    <0.001 |
|       UART_RXFF/iFIFOMem_reg[14][9]                                                                 |    <0.001 |
|       UART_RXFF/iFIFOMem_reg[15][0]                                                                 |    <0.001 |
|       UART_RXFF/iFIFOMem_reg[15][10]                                                                |    <0.001 |
|       UART_RXFF/iFIFOMem_reg[15][1]                                                                 |    <0.001 |
|       UART_RXFF/iFIFOMem_reg[15][2]                                                                 |    <0.001 |
|       UART_RXFF/iFIFOMem_reg[15][3]                                                                 |    <0.001 |
|       UART_RXFF/iFIFOMem_reg[15][4]                                                                 |    <0.001 |
|       UART_RXFF/iFIFOMem_reg[15][5]                                                                 |    <0.001 |
|       UART_RXFF/iFIFOMem_reg[15][6]                                                                 |    <0.001 |
|       UART_RXFF/iFIFOMem_reg[15][7]                                                                 |    <0.001 |
|       UART_RXFF/iFIFOMem_reg[15][8]                                                                 |    <0.001 |
|       UART_RXFF/iFIFOMem_reg[15][9]                                                                 |    <0.001 |
|       UART_RXFF/iFIFOMem_reg[16][0]                                                                 |    <0.001 |
|       UART_RXFF/iFIFOMem_reg[16][10]                                                                |    <0.001 |
|       UART_RXFF/iFIFOMem_reg[16][1]                                                                 |    <0.001 |
|       UART_RXFF/iFIFOMem_reg[16][2]                                                                 |    <0.001 |
|       UART_RXFF/iFIFOMem_reg[16][3]                                                                 |    <0.001 |
|       UART_RXFF/iFIFOMem_reg[16][4]                                                                 |    <0.001 |
|       UART_RXFF/iFIFOMem_reg[16][5]                                                                 |    <0.001 |
|       UART_RXFF/iFIFOMem_reg[16][6]                                                                 |    <0.001 |
|       UART_RXFF/iFIFOMem_reg[16][7]                                                                 |    <0.001 |
|       UART_RXFF/iFIFOMem_reg[16][8]                                                                 |    <0.001 |
|       UART_RXFF/iFIFOMem_reg[16][9]                                                                 |    <0.001 |
|       UART_RXFF/iFIFOMem_reg[17][0]                                                                 |    <0.001 |
|       UART_RXFF/iFIFOMem_reg[17][10]                                                                |    <0.001 |
|       UART_RXFF/iFIFOMem_reg[17][1]                                                                 |    <0.001 |
|       UART_RXFF/iFIFOMem_reg[17][2]                                                                 |    <0.001 |
|       UART_RXFF/iFIFOMem_reg[17][3]                                                                 |    <0.001 |
|       UART_RXFF/iFIFOMem_reg[17][4]                                                                 |    <0.001 |
|       UART_RXFF/iFIFOMem_reg[17][5]                                                                 |    <0.001 |
|       UART_RXFF/iFIFOMem_reg[17][6]                                                                 |    <0.001 |
|       UART_RXFF/iFIFOMem_reg[17][7]                                                                 |    <0.001 |
|       UART_RXFF/iFIFOMem_reg[17][8]                                                                 |    <0.001 |
|       UART_RXFF/iFIFOMem_reg[17][9]                                                                 |    <0.001 |
|       UART_RXFF/iFIFOMem_reg[18][0]                                                                 |    <0.001 |
|       UART_RXFF/iFIFOMem_reg[18][10]                                                                |    <0.001 |
|       UART_RXFF/iFIFOMem_reg[18][1]                                                                 |    <0.001 |
|       UART_RXFF/iFIFOMem_reg[18][2]                                                                 |    <0.001 |
|       UART_RXFF/iFIFOMem_reg[18][3]                                                                 |    <0.001 |
|       UART_RXFF/iFIFOMem_reg[18][4]                                                                 |    <0.001 |
|       UART_RXFF/iFIFOMem_reg[18][5]                                                                 |    <0.001 |
|       UART_RXFF/iFIFOMem_reg[18][6]                                                                 |    <0.001 |
|       UART_RXFF/iFIFOMem_reg[18][7]                                                                 |    <0.001 |
|       UART_RXFF/iFIFOMem_reg[18][8]                                                                 |    <0.001 |
|       UART_RXFF/iFIFOMem_reg[18][9]                                                                 |    <0.001 |
|       UART_RXFF/iFIFOMem_reg[19][0]                                                                 |    <0.001 |
|       UART_RXFF/iFIFOMem_reg[19][10]                                                                |    <0.001 |
|       UART_RXFF/iFIFOMem_reg[19][1]                                                                 |    <0.001 |
|       UART_RXFF/iFIFOMem_reg[19][2]                                                                 |    <0.001 |
|       UART_RXFF/iFIFOMem_reg[19][3]                                                                 |    <0.001 |
|       UART_RXFF/iFIFOMem_reg[19][4]                                                                 |    <0.001 |
|       UART_RXFF/iFIFOMem_reg[19][5]                                                                 |    <0.001 |
|       UART_RXFF/iFIFOMem_reg[19][6]                                                                 |    <0.001 |
|       UART_RXFF/iFIFOMem_reg[19][7]                                                                 |    <0.001 |
|       UART_RXFF/iFIFOMem_reg[19][8]                                                                 |    <0.001 |
|       UART_RXFF/iFIFOMem_reg[19][9]                                                                 |    <0.001 |
|       UART_RXFF/iFIFOMem_reg[1][0]                                                                  |    <0.001 |
|       UART_RXFF/iFIFOMem_reg[1][10]                                                                 |    <0.001 |
|       UART_RXFF/iFIFOMem_reg[1][1]                                                                  |    <0.001 |
|       UART_RXFF/iFIFOMem_reg[1][2]                                                                  |    <0.001 |
|       UART_RXFF/iFIFOMem_reg[1][3]                                                                  |    <0.001 |
|       UART_RXFF/iFIFOMem_reg[1][4]                                                                  |    <0.001 |
|       UART_RXFF/iFIFOMem_reg[1][5]                                                                  |    <0.001 |
|       UART_RXFF/iFIFOMem_reg[1][6]                                                                  |    <0.001 |
|       UART_RXFF/iFIFOMem_reg[1][7]                                                                  |    <0.001 |
|       UART_RXFF/iFIFOMem_reg[1][8]                                                                  |    <0.001 |
|       UART_RXFF/iFIFOMem_reg[1][9]                                                                  |    <0.001 |
|       UART_RXFF/iFIFOMem_reg[20][0]                                                                 |    <0.001 |
|       UART_RXFF/iFIFOMem_reg[20][10]                                                                |    <0.001 |
|       UART_RXFF/iFIFOMem_reg[20][1]                                                                 |    <0.001 |
|       UART_RXFF/iFIFOMem_reg[20][2]                                                                 |    <0.001 |
|       UART_RXFF/iFIFOMem_reg[20][3]                                                                 |    <0.001 |
|       UART_RXFF/iFIFOMem_reg[20][4]                                                                 |    <0.001 |
|       UART_RXFF/iFIFOMem_reg[20][5]                                                                 |    <0.001 |
|       UART_RXFF/iFIFOMem_reg[20][6]                                                                 |    <0.001 |
|       UART_RXFF/iFIFOMem_reg[20][7]                                                                 |    <0.001 |
|       UART_RXFF/iFIFOMem_reg[20][8]                                                                 |    <0.001 |
|       UART_RXFF/iFIFOMem_reg[20][9]                                                                 |    <0.001 |
|       UART_RXFF/iFIFOMem_reg[21][0]                                                                 |    <0.001 |
|       UART_RXFF/iFIFOMem_reg[21][10]                                                                |    <0.001 |
|       UART_RXFF/iFIFOMem_reg[21][1]                                                                 |    <0.001 |
|       UART_RXFF/iFIFOMem_reg[21][2]                                                                 |    <0.001 |
|       UART_RXFF/iFIFOMem_reg[21][3]                                                                 |    <0.001 |
|       UART_RXFF/iFIFOMem_reg[21][4]                                                                 |    <0.001 |
|       UART_RXFF/iFIFOMem_reg[21][5]                                                                 |    <0.001 |
|       UART_RXFF/iFIFOMem_reg[21][6]                                                                 |    <0.001 |
|       UART_RXFF/iFIFOMem_reg[21][7]                                                                 |    <0.001 |
|       UART_RXFF/iFIFOMem_reg[21][8]                                                                 |    <0.001 |
|       UART_RXFF/iFIFOMem_reg[21][9]                                                                 |    <0.001 |
|       UART_RXFF/iFIFOMem_reg[22][0]                                                                 |    <0.001 |
|       UART_RXFF/iFIFOMem_reg[22][10]                                                                |    <0.001 |
|       UART_RXFF/iFIFOMem_reg[22][1]                                                                 |    <0.001 |
|       UART_RXFF/iFIFOMem_reg[22][2]                                                                 |    <0.001 |
|       UART_RXFF/iFIFOMem_reg[22][3]                                                                 |    <0.001 |
|       UART_RXFF/iFIFOMem_reg[22][4]                                                                 |    <0.001 |
|       UART_RXFF/iFIFOMem_reg[22][5]                                                                 |    <0.001 |
|       UART_RXFF/iFIFOMem_reg[22][6]                                                                 |    <0.001 |
|       UART_RXFF/iFIFOMem_reg[22][7]                                                                 |    <0.001 |
|       UART_RXFF/iFIFOMem_reg[22][8]                                                                 |    <0.001 |
|       UART_RXFF/iFIFOMem_reg[22][9]                                                                 |    <0.001 |
|       UART_RXFF/iFIFOMem_reg[23][0]                                                                 |    <0.001 |
|       UART_RXFF/iFIFOMem_reg[23][10]                                                                |    <0.001 |
|       UART_RXFF/iFIFOMem_reg[23][1]                                                                 |    <0.001 |
|       UART_RXFF/iFIFOMem_reg[23][2]                                                                 |    <0.001 |
|       UART_RXFF/iFIFOMem_reg[23][3]                                                                 |    <0.001 |
|       UART_RXFF/iFIFOMem_reg[23][4]                                                                 |    <0.001 |
|       UART_RXFF/iFIFOMem_reg[23][5]                                                                 |    <0.001 |
|       UART_RXFF/iFIFOMem_reg[23][6]                                                                 |    <0.001 |
|       UART_RXFF/iFIFOMem_reg[23][7]                                                                 |    <0.001 |
|       UART_RXFF/iFIFOMem_reg[23][8]                                                                 |    <0.001 |
|       UART_RXFF/iFIFOMem_reg[23][9]                                                                 |    <0.001 |
|       UART_RXFF/iFIFOMem_reg[24][0]                                                                 |    <0.001 |
|       UART_RXFF/iFIFOMem_reg[24][10]                                                                |    <0.001 |
|       UART_RXFF/iFIFOMem_reg[24][1]                                                                 |    <0.001 |
|       UART_RXFF/iFIFOMem_reg[24][2]                                                                 |    <0.001 |
|       UART_RXFF/iFIFOMem_reg[24][3]                                                                 |    <0.001 |
|       UART_RXFF/iFIFOMem_reg[24][4]                                                                 |    <0.001 |
|       UART_RXFF/iFIFOMem_reg[24][5]                                                                 |    <0.001 |
|       UART_RXFF/iFIFOMem_reg[24][6]                                                                 |    <0.001 |
|       UART_RXFF/iFIFOMem_reg[24][7]                                                                 |    <0.001 |
|       UART_RXFF/iFIFOMem_reg[24][8]                                                                 |    <0.001 |
|       UART_RXFF/iFIFOMem_reg[24][9]                                                                 |    <0.001 |
|       UART_RXFF/iFIFOMem_reg[25][0]                                                                 |    <0.001 |
|       UART_RXFF/iFIFOMem_reg[25][10]                                                                |    <0.001 |
|       UART_RXFF/iFIFOMem_reg[25][1]                                                                 |    <0.001 |
|       UART_RXFF/iFIFOMem_reg[25][2]                                                                 |    <0.001 |
|       UART_RXFF/iFIFOMem_reg[25][3]                                                                 |    <0.001 |
|       UART_RXFF/iFIFOMem_reg[25][4]                                                                 |    <0.001 |
|       UART_RXFF/iFIFOMem_reg[25][5]                                                                 |    <0.001 |
|       UART_RXFF/iFIFOMem_reg[25][6]                                                                 |    <0.001 |
|       UART_RXFF/iFIFOMem_reg[25][7]                                                                 |    <0.001 |
|       UART_RXFF/iFIFOMem_reg[25][8]                                                                 |    <0.001 |
|       UART_RXFF/iFIFOMem_reg[25][9]                                                                 |    <0.001 |
|       UART_RXFF/iFIFOMem_reg[26][0]                                                                 |    <0.001 |
|       UART_RXFF/iFIFOMem_reg[26][10]                                                                |    <0.001 |
|       UART_RXFF/iFIFOMem_reg[26][1]                                                                 |    <0.001 |
|       UART_RXFF/iFIFOMem_reg[26][2]                                                                 |    <0.001 |
|       UART_RXFF/iFIFOMem_reg[26][3]                                                                 |    <0.001 |
|       UART_RXFF/iFIFOMem_reg[26][4]                                                                 |    <0.001 |
|       UART_RXFF/iFIFOMem_reg[26][5]                                                                 |    <0.001 |
|       UART_RXFF/iFIFOMem_reg[26][6]                                                                 |    <0.001 |
|       UART_RXFF/iFIFOMem_reg[26][7]                                                                 |    <0.001 |
|       UART_RXFF/iFIFOMem_reg[26][8]                                                                 |    <0.001 |
|       UART_RXFF/iFIFOMem_reg[26][9]                                                                 |    <0.001 |
|       UART_RXFF/iFIFOMem_reg[27][0]                                                                 |    <0.001 |
|       UART_RXFF/iFIFOMem_reg[27][10]                                                                |    <0.001 |
|       UART_RXFF/iFIFOMem_reg[27][1]                                                                 |    <0.001 |
|       UART_RXFF/iFIFOMem_reg[27][2]                                                                 |    <0.001 |
|       UART_RXFF/iFIFOMem_reg[27][3]                                                                 |    <0.001 |
|       UART_RXFF/iFIFOMem_reg[27][4]                                                                 |    <0.001 |
|       UART_RXFF/iFIFOMem_reg[27][5]                                                                 |    <0.001 |
|       UART_RXFF/iFIFOMem_reg[27][6]                                                                 |    <0.001 |
|       UART_RXFF/iFIFOMem_reg[27][7]                                                                 |    <0.001 |
|       UART_RXFF/iFIFOMem_reg[27][8]                                                                 |    <0.001 |
|       UART_RXFF/iFIFOMem_reg[27][9]                                                                 |    <0.001 |
|       UART_RXFF/iFIFOMem_reg[28][0]                                                                 |    <0.001 |
|       UART_RXFF/iFIFOMem_reg[28][10]                                                                |    <0.001 |
|       UART_RXFF/iFIFOMem_reg[28][1]                                                                 |    <0.001 |
|       UART_RXFF/iFIFOMem_reg[28][2]                                                                 |    <0.001 |
|       UART_RXFF/iFIFOMem_reg[28][3]                                                                 |    <0.001 |
|       UART_RXFF/iFIFOMem_reg[28][4]                                                                 |    <0.001 |
|       UART_RXFF/iFIFOMem_reg[28][5]                                                                 |    <0.001 |
|       UART_RXFF/iFIFOMem_reg[28][6]                                                                 |    <0.001 |
|       UART_RXFF/iFIFOMem_reg[28][7]                                                                 |    <0.001 |
|       UART_RXFF/iFIFOMem_reg[28][8]                                                                 |    <0.001 |
|       UART_RXFF/iFIFOMem_reg[28][9]                                                                 |    <0.001 |
|       UART_RXFF/iFIFOMem_reg[29][0]                                                                 |    <0.001 |
|       UART_RXFF/iFIFOMem_reg[29][10]                                                                |    <0.001 |
|       UART_RXFF/iFIFOMem_reg[29][1]                                                                 |    <0.001 |
|       UART_RXFF/iFIFOMem_reg[29][2]                                                                 |    <0.001 |
|       UART_RXFF/iFIFOMem_reg[29][3]                                                                 |    <0.001 |
|       UART_RXFF/iFIFOMem_reg[29][4]                                                                 |    <0.001 |
|       UART_RXFF/iFIFOMem_reg[29][5]                                                                 |    <0.001 |
|       UART_RXFF/iFIFOMem_reg[29][6]                                                                 |    <0.001 |
|       UART_RXFF/iFIFOMem_reg[29][7]                                                                 |    <0.001 |
|       UART_RXFF/iFIFOMem_reg[29][8]                                                                 |    <0.001 |
|       UART_RXFF/iFIFOMem_reg[29][9]                                                                 |    <0.001 |
|       UART_RXFF/iFIFOMem_reg[2][0]                                                                  |    <0.001 |
|       UART_RXFF/iFIFOMem_reg[2][10]                                                                 |    <0.001 |
|       UART_RXFF/iFIFOMem_reg[2][1]                                                                  |    <0.001 |
|       UART_RXFF/iFIFOMem_reg[2][2]                                                                  |    <0.001 |
|       UART_RXFF/iFIFOMem_reg[2][3]                                                                  |    <0.001 |
|       UART_RXFF/iFIFOMem_reg[2][4]                                                                  |    <0.001 |
|       UART_RXFF/iFIFOMem_reg[2][5]                                                                  |    <0.001 |
|       UART_RXFF/iFIFOMem_reg[2][6]                                                                  |    <0.001 |
|       UART_RXFF/iFIFOMem_reg[2][7]                                                                  |    <0.001 |
|       UART_RXFF/iFIFOMem_reg[2][8]                                                                  |    <0.001 |
|       UART_RXFF/iFIFOMem_reg[2][9]                                                                  |    <0.001 |
|       UART_RXFF/iFIFOMem_reg[30][0]                                                                 |    <0.001 |
|       UART_RXFF/iFIFOMem_reg[30][10]                                                                |    <0.001 |
|       UART_RXFF/iFIFOMem_reg[30][1]                                                                 |    <0.001 |
|       UART_RXFF/iFIFOMem_reg[30][2]                                                                 |    <0.001 |
|       UART_RXFF/iFIFOMem_reg[30][3]                                                                 |    <0.001 |
|       UART_RXFF/iFIFOMem_reg[30][4]                                                                 |    <0.001 |
|       UART_RXFF/iFIFOMem_reg[30][5]                                                                 |    <0.001 |
|       UART_RXFF/iFIFOMem_reg[30][6]                                                                 |    <0.001 |
|       UART_RXFF/iFIFOMem_reg[30][7]                                                                 |    <0.001 |
|       UART_RXFF/iFIFOMem_reg[30][8]                                                                 |    <0.001 |
|       UART_RXFF/iFIFOMem_reg[30][9]                                                                 |    <0.001 |
|       UART_RXFF/iFIFOMem_reg[31][0]                                                                 |    <0.001 |
|       UART_RXFF/iFIFOMem_reg[31][10]                                                                |    <0.001 |
|       UART_RXFF/iFIFOMem_reg[31][1]                                                                 |    <0.001 |
|       UART_RXFF/iFIFOMem_reg[31][2]                                                                 |    <0.001 |
|       UART_RXFF/iFIFOMem_reg[31][3]                                                                 |    <0.001 |
|       UART_RXFF/iFIFOMem_reg[31][4]                                                                 |    <0.001 |
|       UART_RXFF/iFIFOMem_reg[31][5]                                                                 |    <0.001 |
|       UART_RXFF/iFIFOMem_reg[31][6]                                                                 |    <0.001 |
|       UART_RXFF/iFIFOMem_reg[31][7]                                                                 |    <0.001 |
|       UART_RXFF/iFIFOMem_reg[31][8]                                                                 |    <0.001 |
|       UART_RXFF/iFIFOMem_reg[31][9]                                                                 |    <0.001 |
|       UART_RXFF/iFIFOMem_reg[32][0]                                                                 |    <0.001 |
|       UART_RXFF/iFIFOMem_reg[32][10]                                                                |    <0.001 |
|       UART_RXFF/iFIFOMem_reg[32][1]                                                                 |    <0.001 |
|       UART_RXFF/iFIFOMem_reg[32][2]                                                                 |    <0.001 |
|       UART_RXFF/iFIFOMem_reg[32][3]                                                                 |    <0.001 |
|       UART_RXFF/iFIFOMem_reg[32][4]                                                                 |    <0.001 |
|       UART_RXFF/iFIFOMem_reg[32][5]                                                                 |    <0.001 |
|       UART_RXFF/iFIFOMem_reg[32][6]                                                                 |    <0.001 |
|       UART_RXFF/iFIFOMem_reg[32][7]                                                                 |    <0.001 |
|       UART_RXFF/iFIFOMem_reg[32][8]                                                                 |    <0.001 |
|       UART_RXFF/iFIFOMem_reg[32][9]                                                                 |    <0.001 |
|       UART_RXFF/iFIFOMem_reg[33][0]                                                                 |    <0.001 |
|       UART_RXFF/iFIFOMem_reg[33][10]                                                                |    <0.001 |
|       UART_RXFF/iFIFOMem_reg[33][1]                                                                 |    <0.001 |
|       UART_RXFF/iFIFOMem_reg[33][2]                                                                 |    <0.001 |
|       UART_RXFF/iFIFOMem_reg[33][3]                                                                 |    <0.001 |
|       UART_RXFF/iFIFOMem_reg[33][4]                                                                 |    <0.001 |
|       UART_RXFF/iFIFOMem_reg[33][5]                                                                 |    <0.001 |
|       UART_RXFF/iFIFOMem_reg[33][6]                                                                 |    <0.001 |
|       UART_RXFF/iFIFOMem_reg[33][7]                                                                 |    <0.001 |
|       UART_RXFF/iFIFOMem_reg[33][8]                                                                 |    <0.001 |
|       UART_RXFF/iFIFOMem_reg[33][9]                                                                 |    <0.001 |
|       UART_RXFF/iFIFOMem_reg[34][0]                                                                 |    <0.001 |
|       UART_RXFF/iFIFOMem_reg[34][10]                                                                |    <0.001 |
|       UART_RXFF/iFIFOMem_reg[34][1]                                                                 |    <0.001 |
|       UART_RXFF/iFIFOMem_reg[34][2]                                                                 |    <0.001 |
|       UART_RXFF/iFIFOMem_reg[34][3]                                                                 |    <0.001 |
|       UART_RXFF/iFIFOMem_reg[34][4]                                                                 |    <0.001 |
|       UART_RXFF/iFIFOMem_reg[34][5]                                                                 |    <0.001 |
|       UART_RXFF/iFIFOMem_reg[34][6]                                                                 |    <0.001 |
|       UART_RXFF/iFIFOMem_reg[34][7]                                                                 |    <0.001 |
|       UART_RXFF/iFIFOMem_reg[34][8]                                                                 |    <0.001 |
|       UART_RXFF/iFIFOMem_reg[34][9]                                                                 |    <0.001 |
|       UART_RXFF/iFIFOMem_reg[35][0]                                                                 |    <0.001 |
|       UART_RXFF/iFIFOMem_reg[35][10]                                                                |    <0.001 |
|       UART_RXFF/iFIFOMem_reg[35][1]                                                                 |    <0.001 |
|       UART_RXFF/iFIFOMem_reg[35][2]                                                                 |    <0.001 |
|       UART_RXFF/iFIFOMem_reg[35][3]                                                                 |    <0.001 |
|       UART_RXFF/iFIFOMem_reg[35][4]                                                                 |    <0.001 |
|       UART_RXFF/iFIFOMem_reg[35][5]                                                                 |    <0.001 |
|       UART_RXFF/iFIFOMem_reg[35][6]                                                                 |    <0.001 |
|       UART_RXFF/iFIFOMem_reg[35][7]                                                                 |    <0.001 |
|       UART_RXFF/iFIFOMem_reg[35][8]                                                                 |    <0.001 |
|       UART_RXFF/iFIFOMem_reg[35][9]                                                                 |    <0.001 |
|       UART_RXFF/iFIFOMem_reg[36][0]                                                                 |    <0.001 |
|       UART_RXFF/iFIFOMem_reg[36][10]                                                                |    <0.001 |
|       UART_RXFF/iFIFOMem_reg[36][1]                                                                 |    <0.001 |
|       UART_RXFF/iFIFOMem_reg[36][2]                                                                 |    <0.001 |
|       UART_RXFF/iFIFOMem_reg[36][3]                                                                 |    <0.001 |
|       UART_RXFF/iFIFOMem_reg[36][4]                                                                 |    <0.001 |
|       UART_RXFF/iFIFOMem_reg[36][5]                                                                 |    <0.001 |
|       UART_RXFF/iFIFOMem_reg[36][6]                                                                 |    <0.001 |
|       UART_RXFF/iFIFOMem_reg[36][7]                                                                 |    <0.001 |
|       UART_RXFF/iFIFOMem_reg[36][8]                                                                 |    <0.001 |
|       UART_RXFF/iFIFOMem_reg[36][9]                                                                 |    <0.001 |
|       UART_RXFF/iFIFOMem_reg[37][0]                                                                 |    <0.001 |
|       UART_RXFF/iFIFOMem_reg[37][10]                                                                |    <0.001 |
|       UART_RXFF/iFIFOMem_reg[37][1]                                                                 |    <0.001 |
|       UART_RXFF/iFIFOMem_reg[37][2]                                                                 |    <0.001 |
|       UART_RXFF/iFIFOMem_reg[37][3]                                                                 |    <0.001 |
|       UART_RXFF/iFIFOMem_reg[37][4]                                                                 |    <0.001 |
|       UART_RXFF/iFIFOMem_reg[37][5]                                                                 |    <0.001 |
|       UART_RXFF/iFIFOMem_reg[37][6]                                                                 |    <0.001 |
|       UART_RXFF/iFIFOMem_reg[37][7]                                                                 |    <0.001 |
|       UART_RXFF/iFIFOMem_reg[37][8]                                                                 |    <0.001 |
|       UART_RXFF/iFIFOMem_reg[37][9]                                                                 |    <0.001 |
|       UART_RXFF/iFIFOMem_reg[38][0]                                                                 |    <0.001 |
|       UART_RXFF/iFIFOMem_reg[38][10]                                                                |    <0.001 |
|       UART_RXFF/iFIFOMem_reg[38][1]                                                                 |    <0.001 |
|       UART_RXFF/iFIFOMem_reg[38][2]                                                                 |    <0.001 |
|       UART_RXFF/iFIFOMem_reg[38][3]                                                                 |    <0.001 |
|       UART_RXFF/iFIFOMem_reg[38][4]                                                                 |    <0.001 |
|       UART_RXFF/iFIFOMem_reg[38][5]                                                                 |    <0.001 |
|       UART_RXFF/iFIFOMem_reg[38][6]                                                                 |    <0.001 |
|       UART_RXFF/iFIFOMem_reg[38][7]                                                                 |    <0.001 |
|       UART_RXFF/iFIFOMem_reg[38][8]                                                                 |    <0.001 |
|       UART_RXFF/iFIFOMem_reg[38][9]                                                                 |    <0.001 |
|       UART_RXFF/iFIFOMem_reg[39][0]                                                                 |    <0.001 |
|       UART_RXFF/iFIFOMem_reg[39][10]                                                                |    <0.001 |
|       UART_RXFF/iFIFOMem_reg[39][1]                                                                 |    <0.001 |
|       UART_RXFF/iFIFOMem_reg[39][2]                                                                 |    <0.001 |
|       UART_RXFF/iFIFOMem_reg[39][3]                                                                 |    <0.001 |
|       UART_RXFF/iFIFOMem_reg[39][4]                                                                 |    <0.001 |
|       UART_RXFF/iFIFOMem_reg[39][5]                                                                 |    <0.001 |
|       UART_RXFF/iFIFOMem_reg[39][6]                                                                 |    <0.001 |
|       UART_RXFF/iFIFOMem_reg[39][7]                                                                 |    <0.001 |
|       UART_RXFF/iFIFOMem_reg[39][8]                                                                 |    <0.001 |
|       UART_RXFF/iFIFOMem_reg[39][9]                                                                 |    <0.001 |
|       UART_RXFF/iFIFOMem_reg[3][0]                                                                  |    <0.001 |
|       UART_RXFF/iFIFOMem_reg[3][10]                                                                 |    <0.001 |
|       UART_RXFF/iFIFOMem_reg[3][1]                                                                  |    <0.001 |
|       UART_RXFF/iFIFOMem_reg[3][2]                                                                  |    <0.001 |
|       UART_RXFF/iFIFOMem_reg[3][3]                                                                  |    <0.001 |
|       UART_RXFF/iFIFOMem_reg[3][4]                                                                  |    <0.001 |
|       UART_RXFF/iFIFOMem_reg[3][5]                                                                  |    <0.001 |
|       UART_RXFF/iFIFOMem_reg[3][6]                                                                  |    <0.001 |
|       UART_RXFF/iFIFOMem_reg[3][7]                                                                  |    <0.001 |
|       UART_RXFF/iFIFOMem_reg[3][8]                                                                  |    <0.001 |
|       UART_RXFF/iFIFOMem_reg[3][9]                                                                  |    <0.001 |
|       UART_RXFF/iFIFOMem_reg[40][0]                                                                 |    <0.001 |
|       UART_RXFF/iFIFOMem_reg[40][10]                                                                |    <0.001 |
|       UART_RXFF/iFIFOMem_reg[40][1]                                                                 |    <0.001 |
|       UART_RXFF/iFIFOMem_reg[40][2]                                                                 |    <0.001 |
|       UART_RXFF/iFIFOMem_reg[40][3]                                                                 |    <0.001 |
|       UART_RXFF/iFIFOMem_reg[40][4]                                                                 |    <0.001 |
|       UART_RXFF/iFIFOMem_reg[40][5]                                                                 |    <0.001 |
|       UART_RXFF/iFIFOMem_reg[40][6]                                                                 |    <0.001 |
|       UART_RXFF/iFIFOMem_reg[40][7]                                                                 |    <0.001 |
|       UART_RXFF/iFIFOMem_reg[40][8]                                                                 |    <0.001 |
|       UART_RXFF/iFIFOMem_reg[40][9]                                                                 |    <0.001 |
|       UART_RXFF/iFIFOMem_reg[41][0]                                                                 |    <0.001 |
|       UART_RXFF/iFIFOMem_reg[41][10]                                                                |    <0.001 |
|       UART_RXFF/iFIFOMem_reg[41][1]                                                                 |    <0.001 |
|       UART_RXFF/iFIFOMem_reg[41][2]                                                                 |    <0.001 |
|       UART_RXFF/iFIFOMem_reg[41][3]                                                                 |    <0.001 |
|       UART_RXFF/iFIFOMem_reg[41][4]                                                                 |    <0.001 |
|       UART_RXFF/iFIFOMem_reg[41][5]                                                                 |    <0.001 |
|       UART_RXFF/iFIFOMem_reg[41][6]                                                                 |    <0.001 |
|       UART_RXFF/iFIFOMem_reg[41][7]                                                                 |    <0.001 |
|       UART_RXFF/iFIFOMem_reg[41][8]                                                                 |    <0.001 |
|       UART_RXFF/iFIFOMem_reg[41][9]                                                                 |    <0.001 |
|       UART_RXFF/iFIFOMem_reg[42][0]                                                                 |    <0.001 |
|       UART_RXFF/iFIFOMem_reg[42][10]                                                                |    <0.001 |
|       UART_RXFF/iFIFOMem_reg[42][1]                                                                 |    <0.001 |
|       UART_RXFF/iFIFOMem_reg[42][2]                                                                 |    <0.001 |
|       UART_RXFF/iFIFOMem_reg[42][3]                                                                 |    <0.001 |
|       UART_RXFF/iFIFOMem_reg[42][4]                                                                 |    <0.001 |
|       UART_RXFF/iFIFOMem_reg[42][5]                                                                 |    <0.001 |
|       UART_RXFF/iFIFOMem_reg[42][6]                                                                 |    <0.001 |
|       UART_RXFF/iFIFOMem_reg[42][7]                                                                 |    <0.001 |
|       UART_RXFF/iFIFOMem_reg[42][8]                                                                 |    <0.001 |
|       UART_RXFF/iFIFOMem_reg[42][9]                                                                 |    <0.001 |
|       UART_RXFF/iFIFOMem_reg[43][0]                                                                 |    <0.001 |
|       UART_RXFF/iFIFOMem_reg[43][10]                                                                |    <0.001 |
|       UART_RXFF/iFIFOMem_reg[43][1]                                                                 |    <0.001 |
|       UART_RXFF/iFIFOMem_reg[43][2]                                                                 |    <0.001 |
|       UART_RXFF/iFIFOMem_reg[43][3]                                                                 |    <0.001 |
|       UART_RXFF/iFIFOMem_reg[43][4]                                                                 |    <0.001 |
|       UART_RXFF/iFIFOMem_reg[43][5]                                                                 |    <0.001 |
|       UART_RXFF/iFIFOMem_reg[43][6]                                                                 |    <0.001 |
|       UART_RXFF/iFIFOMem_reg[43][7]                                                                 |    <0.001 |
|       UART_RXFF/iFIFOMem_reg[43][8]                                                                 |    <0.001 |
|       UART_RXFF/iFIFOMem_reg[43][9]                                                                 |    <0.001 |
|       UART_RXFF/iFIFOMem_reg[44][0]                                                                 |    <0.001 |
|       UART_RXFF/iFIFOMem_reg[44][10]                                                                |    <0.001 |
|       UART_RXFF/iFIFOMem_reg[44][1]                                                                 |    <0.001 |
|       UART_RXFF/iFIFOMem_reg[44][2]                                                                 |    <0.001 |
|       UART_RXFF/iFIFOMem_reg[44][3]                                                                 |    <0.001 |
|       UART_RXFF/iFIFOMem_reg[44][4]                                                                 |    <0.001 |
|       UART_RXFF/iFIFOMem_reg[44][5]                                                                 |    <0.001 |
|       UART_RXFF/iFIFOMem_reg[44][6]                                                                 |    <0.001 |
|       UART_RXFF/iFIFOMem_reg[44][7]                                                                 |    <0.001 |
|       UART_RXFF/iFIFOMem_reg[44][8]                                                                 |    <0.001 |
|       UART_RXFF/iFIFOMem_reg[44][9]                                                                 |    <0.001 |
|       UART_RXFF/iFIFOMem_reg[45][0]                                                                 |    <0.001 |
|       UART_RXFF/iFIFOMem_reg[45][10]                                                                |    <0.001 |
|       UART_RXFF/iFIFOMem_reg[45][1]                                                                 |    <0.001 |
|       UART_RXFF/iFIFOMem_reg[45][2]                                                                 |    <0.001 |
|       UART_RXFF/iFIFOMem_reg[45][3]                                                                 |    <0.001 |
|       UART_RXFF/iFIFOMem_reg[45][4]                                                                 |    <0.001 |
|       UART_RXFF/iFIFOMem_reg[45][5]                                                                 |    <0.001 |
|       UART_RXFF/iFIFOMem_reg[45][6]                                                                 |    <0.001 |
|       UART_RXFF/iFIFOMem_reg[45][7]                                                                 |    <0.001 |
|       UART_RXFF/iFIFOMem_reg[45][8]                                                                 |    <0.001 |
|       UART_RXFF/iFIFOMem_reg[45][9]                                                                 |    <0.001 |
|       UART_RXFF/iFIFOMem_reg[46][0]                                                                 |    <0.001 |
|       UART_RXFF/iFIFOMem_reg[46][10]                                                                |    <0.001 |
|       UART_RXFF/iFIFOMem_reg[46][1]                                                                 |    <0.001 |
|       UART_RXFF/iFIFOMem_reg[46][2]                                                                 |    <0.001 |
|       UART_RXFF/iFIFOMem_reg[46][3]                                                                 |    <0.001 |
|       UART_RXFF/iFIFOMem_reg[46][4]                                                                 |    <0.001 |
|       UART_RXFF/iFIFOMem_reg[46][5]                                                                 |    <0.001 |
|       UART_RXFF/iFIFOMem_reg[46][6]                                                                 |    <0.001 |
|       UART_RXFF/iFIFOMem_reg[46][7]                                                                 |    <0.001 |
|       UART_RXFF/iFIFOMem_reg[46][8]                                                                 |    <0.001 |
|       UART_RXFF/iFIFOMem_reg[46][9]                                                                 |    <0.001 |
|       UART_RXFF/iFIFOMem_reg[47][0]                                                                 |    <0.001 |
|       UART_RXFF/iFIFOMem_reg[47][10]                                                                |    <0.001 |
|       UART_RXFF/iFIFOMem_reg[47][1]                                                                 |    <0.001 |
|       UART_RXFF/iFIFOMem_reg[47][2]                                                                 |    <0.001 |
|       UART_RXFF/iFIFOMem_reg[47][3]                                                                 |    <0.001 |
|       UART_RXFF/iFIFOMem_reg[47][4]                                                                 |    <0.001 |
|       UART_RXFF/iFIFOMem_reg[47][5]                                                                 |    <0.001 |
|       UART_RXFF/iFIFOMem_reg[47][6]                                                                 |    <0.001 |
|       UART_RXFF/iFIFOMem_reg[47][7]                                                                 |    <0.001 |
|       UART_RXFF/iFIFOMem_reg[47][8]                                                                 |    <0.001 |
|       UART_RXFF/iFIFOMem_reg[47][9]                                                                 |    <0.001 |
|       UART_RXFF/iFIFOMem_reg[48][0]                                                                 |    <0.001 |
|       UART_RXFF/iFIFOMem_reg[48][10]                                                                |    <0.001 |
|       UART_RXFF/iFIFOMem_reg[48][1]                                                                 |    <0.001 |
|       UART_RXFF/iFIFOMem_reg[48][2]                                                                 |    <0.001 |
|       UART_RXFF/iFIFOMem_reg[48][3]                                                                 |    <0.001 |
|       UART_RXFF/iFIFOMem_reg[48][4]                                                                 |    <0.001 |
|       UART_RXFF/iFIFOMem_reg[48][5]                                                                 |    <0.001 |
|       UART_RXFF/iFIFOMem_reg[48][6]                                                                 |    <0.001 |
|       UART_RXFF/iFIFOMem_reg[48][7]                                                                 |    <0.001 |
|       UART_RXFF/iFIFOMem_reg[48][8]                                                                 |    <0.001 |
|       UART_RXFF/iFIFOMem_reg[48][9]                                                                 |    <0.001 |
|       UART_RXFF/iFIFOMem_reg[49][0]                                                                 |    <0.001 |
|       UART_RXFF/iFIFOMem_reg[49][10]                                                                |    <0.001 |
|       UART_RXFF/iFIFOMem_reg[49][1]                                                                 |    <0.001 |
|       UART_RXFF/iFIFOMem_reg[49][2]                                                                 |    <0.001 |
|       UART_RXFF/iFIFOMem_reg[49][3]                                                                 |    <0.001 |
|       UART_RXFF/iFIFOMem_reg[49][4]                                                                 |    <0.001 |
|       UART_RXFF/iFIFOMem_reg[49][5]                                                                 |    <0.001 |
|       UART_RXFF/iFIFOMem_reg[49][6]                                                                 |    <0.001 |
|       UART_RXFF/iFIFOMem_reg[49][7]                                                                 |    <0.001 |
|       UART_RXFF/iFIFOMem_reg[49][8]                                                                 |    <0.001 |
|       UART_RXFF/iFIFOMem_reg[49][9]                                                                 |    <0.001 |
|       UART_RXFF/iFIFOMem_reg[4][0]                                                                  |    <0.001 |
|       UART_RXFF/iFIFOMem_reg[4][10]                                                                 |    <0.001 |
|       UART_RXFF/iFIFOMem_reg[4][1]                                                                  |    <0.001 |
|       UART_RXFF/iFIFOMem_reg[4][2]                                                                  |    <0.001 |
|       UART_RXFF/iFIFOMem_reg[4][3]                                                                  |    <0.001 |
|       UART_RXFF/iFIFOMem_reg[4][4]                                                                  |    <0.001 |
|       UART_RXFF/iFIFOMem_reg[4][5]                                                                  |    <0.001 |
|       UART_RXFF/iFIFOMem_reg[4][6]                                                                  |    <0.001 |
|       UART_RXFF/iFIFOMem_reg[4][7]                                                                  |    <0.001 |
|       UART_RXFF/iFIFOMem_reg[4][8]                                                                  |    <0.001 |
|       UART_RXFF/iFIFOMem_reg[4][9]                                                                  |    <0.001 |
|       UART_RXFF/iFIFOMem_reg[50][0]                                                                 |    <0.001 |
|       UART_RXFF/iFIFOMem_reg[50][10]                                                                |    <0.001 |
|       UART_RXFF/iFIFOMem_reg[50][1]                                                                 |    <0.001 |
|       UART_RXFF/iFIFOMem_reg[50][2]                                                                 |    <0.001 |
|       UART_RXFF/iFIFOMem_reg[50][3]                                                                 |    <0.001 |
|       UART_RXFF/iFIFOMem_reg[50][4]                                                                 |    <0.001 |
|       UART_RXFF/iFIFOMem_reg[50][5]                                                                 |    <0.001 |
|       UART_RXFF/iFIFOMem_reg[50][6]                                                                 |    <0.001 |
|       UART_RXFF/iFIFOMem_reg[50][7]                                                                 |    <0.001 |
|       UART_RXFF/iFIFOMem_reg[50][8]                                                                 |    <0.001 |
|       UART_RXFF/iFIFOMem_reg[50][9]                                                                 |    <0.001 |
|       UART_RXFF/iFIFOMem_reg[51][0]                                                                 |    <0.001 |
|       UART_RXFF/iFIFOMem_reg[51][10]                                                                |    <0.001 |
|       UART_RXFF/iFIFOMem_reg[51][1]                                                                 |    <0.001 |
|       UART_RXFF/iFIFOMem_reg[51][2]                                                                 |    <0.001 |
|       UART_RXFF/iFIFOMem_reg[51][3]                                                                 |    <0.001 |
|       UART_RXFF/iFIFOMem_reg[51][4]                                                                 |    <0.001 |
|       UART_RXFF/iFIFOMem_reg[51][5]                                                                 |    <0.001 |
|       UART_RXFF/iFIFOMem_reg[51][6]                                                                 |    <0.001 |
|       UART_RXFF/iFIFOMem_reg[51][7]                                                                 |    <0.001 |
|       UART_RXFF/iFIFOMem_reg[51][8]                                                                 |    <0.001 |
|       UART_RXFF/iFIFOMem_reg[51][9]                                                                 |    <0.001 |
|       UART_RXFF/iFIFOMem_reg[52][0]                                                                 |    <0.001 |
|       UART_RXFF/iFIFOMem_reg[52][10]                                                                |    <0.001 |
|       UART_RXFF/iFIFOMem_reg[52][1]                                                                 |    <0.001 |
|       UART_RXFF/iFIFOMem_reg[52][2]                                                                 |    <0.001 |
|       UART_RXFF/iFIFOMem_reg[52][3]                                                                 |    <0.001 |
|       UART_RXFF/iFIFOMem_reg[52][4]                                                                 |    <0.001 |
|       UART_RXFF/iFIFOMem_reg[52][5]                                                                 |    <0.001 |
|       UART_RXFF/iFIFOMem_reg[52][6]                                                                 |    <0.001 |
|       UART_RXFF/iFIFOMem_reg[52][7]                                                                 |    <0.001 |
|       UART_RXFF/iFIFOMem_reg[52][8]                                                                 |    <0.001 |
|       UART_RXFF/iFIFOMem_reg[52][9]                                                                 |    <0.001 |
|       UART_RXFF/iFIFOMem_reg[53][0]                                                                 |    <0.001 |
|       UART_RXFF/iFIFOMem_reg[53][10]                                                                |    <0.001 |
|       UART_RXFF/iFIFOMem_reg[53][1]                                                                 |    <0.001 |
|       UART_RXFF/iFIFOMem_reg[53][2]                                                                 |    <0.001 |
|       UART_RXFF/iFIFOMem_reg[53][3]                                                                 |    <0.001 |
|       UART_RXFF/iFIFOMem_reg[53][4]                                                                 |    <0.001 |
|       UART_RXFF/iFIFOMem_reg[53][5]                                                                 |    <0.001 |
|       UART_RXFF/iFIFOMem_reg[53][6]                                                                 |    <0.001 |
|       UART_RXFF/iFIFOMem_reg[53][7]                                                                 |    <0.001 |
|       UART_RXFF/iFIFOMem_reg[53][8]                                                                 |    <0.001 |
|       UART_RXFF/iFIFOMem_reg[53][9]                                                                 |    <0.001 |
|       UART_RXFF/iFIFOMem_reg[54][0]                                                                 |    <0.001 |
|       UART_RXFF/iFIFOMem_reg[54][10]                                                                |    <0.001 |
|       UART_RXFF/iFIFOMem_reg[54][1]                                                                 |    <0.001 |
|       UART_RXFF/iFIFOMem_reg[54][2]                                                                 |    <0.001 |
|       UART_RXFF/iFIFOMem_reg[54][3]                                                                 |    <0.001 |
|       UART_RXFF/iFIFOMem_reg[54][4]                                                                 |    <0.001 |
|       UART_RXFF/iFIFOMem_reg[54][5]                                                                 |    <0.001 |
|       UART_RXFF/iFIFOMem_reg[54][6]                                                                 |    <0.001 |
|       UART_RXFF/iFIFOMem_reg[54][7]                                                                 |    <0.001 |
|       UART_RXFF/iFIFOMem_reg[54][8]                                                                 |    <0.001 |
|       UART_RXFF/iFIFOMem_reg[54][9]                                                                 |    <0.001 |
|       UART_RXFF/iFIFOMem_reg[55][0]                                                                 |    <0.001 |
|       UART_RXFF/iFIFOMem_reg[55][10]                                                                |    <0.001 |
|       UART_RXFF/iFIFOMem_reg[55][1]                                                                 |    <0.001 |
|       UART_RXFF/iFIFOMem_reg[55][2]                                                                 |    <0.001 |
|       UART_RXFF/iFIFOMem_reg[55][3]                                                                 |    <0.001 |
|       UART_RXFF/iFIFOMem_reg[55][4]                                                                 |    <0.001 |
|       UART_RXFF/iFIFOMem_reg[55][5]                                                                 |    <0.001 |
|       UART_RXFF/iFIFOMem_reg[55][6]                                                                 |    <0.001 |
|       UART_RXFF/iFIFOMem_reg[55][7]                                                                 |    <0.001 |
|       UART_RXFF/iFIFOMem_reg[55][8]                                                                 |    <0.001 |
|       UART_RXFF/iFIFOMem_reg[55][9]                                                                 |    <0.001 |
|       UART_RXFF/iFIFOMem_reg[56][0]                                                                 |    <0.001 |
|       UART_RXFF/iFIFOMem_reg[56][10]                                                                |    <0.001 |
|       UART_RXFF/iFIFOMem_reg[56][1]                                                                 |    <0.001 |
|       UART_RXFF/iFIFOMem_reg[56][2]                                                                 |    <0.001 |
|       UART_RXFF/iFIFOMem_reg[56][3]                                                                 |    <0.001 |
|       UART_RXFF/iFIFOMem_reg[56][4]                                                                 |    <0.001 |
|       UART_RXFF/iFIFOMem_reg[56][5]                                                                 |    <0.001 |
|       UART_RXFF/iFIFOMem_reg[56][6]                                                                 |    <0.001 |
|       UART_RXFF/iFIFOMem_reg[56][7]                                                                 |    <0.001 |
|       UART_RXFF/iFIFOMem_reg[56][8]                                                                 |    <0.001 |
|       UART_RXFF/iFIFOMem_reg[56][9]                                                                 |    <0.001 |
|       UART_RXFF/iFIFOMem_reg[57][0]                                                                 |    <0.001 |
|       UART_RXFF/iFIFOMem_reg[57][10]                                                                |    <0.001 |
|       UART_RXFF/iFIFOMem_reg[57][1]                                                                 |    <0.001 |
|       UART_RXFF/iFIFOMem_reg[57][2]                                                                 |    <0.001 |
|       UART_RXFF/iFIFOMem_reg[57][3]                                                                 |    <0.001 |
|       UART_RXFF/iFIFOMem_reg[57][4]                                                                 |    <0.001 |
|       UART_RXFF/iFIFOMem_reg[57][5]                                                                 |    <0.001 |
|       UART_RXFF/iFIFOMem_reg[57][6]                                                                 |    <0.001 |
|       UART_RXFF/iFIFOMem_reg[57][7]                                                                 |    <0.001 |
|       UART_RXFF/iFIFOMem_reg[57][8]                                                                 |    <0.001 |
|       UART_RXFF/iFIFOMem_reg[57][9]                                                                 |    <0.001 |
|       UART_RXFF/iFIFOMem_reg[58][0]                                                                 |    <0.001 |
|       UART_RXFF/iFIFOMem_reg[58][10]                                                                |    <0.001 |
|       UART_RXFF/iFIFOMem_reg[58][1]                                                                 |    <0.001 |
|       UART_RXFF/iFIFOMem_reg[58][2]                                                                 |    <0.001 |
|       UART_RXFF/iFIFOMem_reg[58][3]                                                                 |    <0.001 |
|       UART_RXFF/iFIFOMem_reg[58][4]                                                                 |    <0.001 |
|       UART_RXFF/iFIFOMem_reg[58][5]                                                                 |    <0.001 |
|       UART_RXFF/iFIFOMem_reg[58][6]                                                                 |    <0.001 |
|       UART_RXFF/iFIFOMem_reg[58][7]                                                                 |    <0.001 |
|       UART_RXFF/iFIFOMem_reg[58][8]                                                                 |    <0.001 |
|       UART_RXFF/iFIFOMem_reg[58][9]                                                                 |    <0.001 |
|       UART_RXFF/iFIFOMem_reg[59][0]                                                                 |    <0.001 |
|       UART_RXFF/iFIFOMem_reg[59][10]                                                                |    <0.001 |
|       UART_RXFF/iFIFOMem_reg[59][1]                                                                 |    <0.001 |
|       UART_RXFF/iFIFOMem_reg[59][2]                                                                 |    <0.001 |
|       UART_RXFF/iFIFOMem_reg[59][3]                                                                 |    <0.001 |
|       UART_RXFF/iFIFOMem_reg[59][4]                                                                 |    <0.001 |
|       UART_RXFF/iFIFOMem_reg[59][5]                                                                 |    <0.001 |
|       UART_RXFF/iFIFOMem_reg[59][6]                                                                 |    <0.001 |
|       UART_RXFF/iFIFOMem_reg[59][7]                                                                 |    <0.001 |
|       UART_RXFF/iFIFOMem_reg[59][8]                                                                 |    <0.001 |
|       UART_RXFF/iFIFOMem_reg[59][9]                                                                 |    <0.001 |
|       UART_RXFF/iFIFOMem_reg[5][0]                                                                  |    <0.001 |
|       UART_RXFF/iFIFOMem_reg[5][10]                                                                 |    <0.001 |
|       UART_RXFF/iFIFOMem_reg[5][1]                                                                  |    <0.001 |
|       UART_RXFF/iFIFOMem_reg[5][2]                                                                  |    <0.001 |
|       UART_RXFF/iFIFOMem_reg[5][3]                                                                  |    <0.001 |
|       UART_RXFF/iFIFOMem_reg[5][4]                                                                  |    <0.001 |
|       UART_RXFF/iFIFOMem_reg[5][5]                                                                  |    <0.001 |
|       UART_RXFF/iFIFOMem_reg[5][6]                                                                  |    <0.001 |
|       UART_RXFF/iFIFOMem_reg[5][7]                                                                  |    <0.001 |
|       UART_RXFF/iFIFOMem_reg[5][8]                                                                  |    <0.001 |
|       UART_RXFF/iFIFOMem_reg[5][9]                                                                  |    <0.001 |
|       UART_RXFF/iFIFOMem_reg[60][0]                                                                 |    <0.001 |
|       UART_RXFF/iFIFOMem_reg[60][10]                                                                |    <0.001 |
|       UART_RXFF/iFIFOMem_reg[60][1]                                                                 |    <0.001 |
|       UART_RXFF/iFIFOMem_reg[60][2]                                                                 |    <0.001 |
|       UART_RXFF/iFIFOMem_reg[60][3]                                                                 |    <0.001 |
|       UART_RXFF/iFIFOMem_reg[60][4]                                                                 |    <0.001 |
|       UART_RXFF/iFIFOMem_reg[60][5]                                                                 |    <0.001 |
|       UART_RXFF/iFIFOMem_reg[60][6]                                                                 |    <0.001 |
|       UART_RXFF/iFIFOMem_reg[60][7]                                                                 |    <0.001 |
|       UART_RXFF/iFIFOMem_reg[60][8]                                                                 |    <0.001 |
|       UART_RXFF/iFIFOMem_reg[60][9]                                                                 |    <0.001 |
|       UART_RXFF/iFIFOMem_reg[61][0]                                                                 |    <0.001 |
|       UART_RXFF/iFIFOMem_reg[61][10]                                                                |    <0.001 |
|       UART_RXFF/iFIFOMem_reg[61][1]                                                                 |    <0.001 |
|       UART_RXFF/iFIFOMem_reg[61][2]                                                                 |    <0.001 |
|       UART_RXFF/iFIFOMem_reg[61][3]                                                                 |    <0.001 |
|       UART_RXFF/iFIFOMem_reg[61][4]                                                                 |    <0.001 |
|       UART_RXFF/iFIFOMem_reg[61][5]                                                                 |    <0.001 |
|       UART_RXFF/iFIFOMem_reg[61][6]                                                                 |    <0.001 |
|       UART_RXFF/iFIFOMem_reg[61][7]                                                                 |    <0.001 |
|       UART_RXFF/iFIFOMem_reg[61][8]                                                                 |    <0.001 |
|       UART_RXFF/iFIFOMem_reg[61][9]                                                                 |    <0.001 |
|       UART_RXFF/iFIFOMem_reg[62][0]                                                                 |    <0.001 |
|       UART_RXFF/iFIFOMem_reg[62][10]                                                                |    <0.001 |
|       UART_RXFF/iFIFOMem_reg[62][1]                                                                 |    <0.001 |
|       UART_RXFF/iFIFOMem_reg[62][2]                                                                 |    <0.001 |
|       UART_RXFF/iFIFOMem_reg[62][3]                                                                 |    <0.001 |
|       UART_RXFF/iFIFOMem_reg[62][4]                                                                 |    <0.001 |
|       UART_RXFF/iFIFOMem_reg[62][5]                                                                 |    <0.001 |
|       UART_RXFF/iFIFOMem_reg[62][6]                                                                 |    <0.001 |
|       UART_RXFF/iFIFOMem_reg[62][7]                                                                 |    <0.001 |
|       UART_RXFF/iFIFOMem_reg[62][8]                                                                 |    <0.001 |
|       UART_RXFF/iFIFOMem_reg[62][9]                                                                 |    <0.001 |
|       UART_RXFF/iFIFOMem_reg[63][0]                                                                 |    <0.001 |
|       UART_RXFF/iFIFOMem_reg[63][10]                                                                |    <0.001 |
|       UART_RXFF/iFIFOMem_reg[63][1]                                                                 |    <0.001 |
|       UART_RXFF/iFIFOMem_reg[63][2]                                                                 |    <0.001 |
|       UART_RXFF/iFIFOMem_reg[63][3]                                                                 |    <0.001 |
|       UART_RXFF/iFIFOMem_reg[63][4]                                                                 |    <0.001 |
|       UART_RXFF/iFIFOMem_reg[63][5]                                                                 |    <0.001 |
|       UART_RXFF/iFIFOMem_reg[63][6]                                                                 |    <0.001 |
|       UART_RXFF/iFIFOMem_reg[63][7]                                                                 |    <0.001 |
|       UART_RXFF/iFIFOMem_reg[63][8]                                                                 |    <0.001 |
|       UART_RXFF/iFIFOMem_reg[63][9]                                                                 |    <0.001 |
|       UART_RXFF/iFIFOMem_reg[6][0]                                                                  |    <0.001 |
|       UART_RXFF/iFIFOMem_reg[6][10]                                                                 |    <0.001 |
|       UART_RXFF/iFIFOMem_reg[6][1]                                                                  |    <0.001 |
|       UART_RXFF/iFIFOMem_reg[6][2]                                                                  |    <0.001 |
|       UART_RXFF/iFIFOMem_reg[6][3]                                                                  |    <0.001 |
|       UART_RXFF/iFIFOMem_reg[6][4]                                                                  |    <0.001 |
|       UART_RXFF/iFIFOMem_reg[6][5]                                                                  |    <0.001 |
|       UART_RXFF/iFIFOMem_reg[6][6]                                                                  |    <0.001 |
|       UART_RXFF/iFIFOMem_reg[6][7]                                                                  |    <0.001 |
|       UART_RXFF/iFIFOMem_reg[6][8]                                                                  |    <0.001 |
|       UART_RXFF/iFIFOMem_reg[6][9]                                                                  |    <0.001 |
|       UART_RXFF/iFIFOMem_reg[7][0]                                                                  |    <0.001 |
|       UART_RXFF/iFIFOMem_reg[7][10]                                                                 |    <0.001 |
|       UART_RXFF/iFIFOMem_reg[7][1]                                                                  |    <0.001 |
|       UART_RXFF/iFIFOMem_reg[7][2]                                                                  |    <0.001 |
|       UART_RXFF/iFIFOMem_reg[7][3]                                                                  |    <0.001 |
|       UART_RXFF/iFIFOMem_reg[7][4]                                                                  |    <0.001 |
|       UART_RXFF/iFIFOMem_reg[7][5]                                                                  |    <0.001 |
|       UART_RXFF/iFIFOMem_reg[7][6]                                                                  |    <0.001 |
|       UART_RXFF/iFIFOMem_reg[7][7]                                                                  |    <0.001 |
|       UART_RXFF/iFIFOMem_reg[7][8]                                                                  |    <0.001 |
|       UART_RXFF/iFIFOMem_reg[7][9]                                                                  |    <0.001 |
|       UART_RXFF/iFIFOMem_reg[8][0]                                                                  |    <0.001 |
|       UART_RXFF/iFIFOMem_reg[8][10]                                                                 |    <0.001 |
|       UART_RXFF/iFIFOMem_reg[8][1]                                                                  |    <0.001 |
|       UART_RXFF/iFIFOMem_reg[8][2]                                                                  |    <0.001 |
|       UART_RXFF/iFIFOMem_reg[8][3]                                                                  |    <0.001 |
|       UART_RXFF/iFIFOMem_reg[8][4]                                                                  |    <0.001 |
|       UART_RXFF/iFIFOMem_reg[8][5]                                                                  |    <0.001 |
|       UART_RXFF/iFIFOMem_reg[8][6]                                                                  |    <0.001 |
|       UART_RXFF/iFIFOMem_reg[8][7]                                                                  |    <0.001 |
|       UART_RXFF/iFIFOMem_reg[8][8]                                                                  |    <0.001 |
|       UART_RXFF/iFIFOMem_reg[8][9]                                                                  |    <0.001 |
|       UART_RXFF/iFIFOMem_reg[9][0]                                                                  |    <0.001 |
|       UART_RXFF/iFIFOMem_reg[9][10]                                                                 |    <0.001 |
|       UART_RXFF/iFIFOMem_reg[9][1]                                                                  |    <0.001 |
|       UART_RXFF/iFIFOMem_reg[9][2]                                                                  |    <0.001 |
|       UART_RXFF/iFIFOMem_reg[9][3]                                                                  |    <0.001 |
|       UART_RXFF/iFIFOMem_reg[9][4]                                                                  |    <0.001 |
|       UART_RXFF/iFIFOMem_reg[9][5]                                                                  |    <0.001 |
|       UART_RXFF/iFIFOMem_reg[9][6]                                                                  |    <0.001 |
|       UART_RXFF/iFIFOMem_reg[9][7]                                                                  |    <0.001 |
|       UART_RXFF/iFIFOMem_reg[9][8]                                                                  |    <0.001 |
|       UART_RXFF/iFIFOMem_reg[9][9]                                                                  |    <0.001 |
|       UART_RXFF/iRDAddr_reg[0]                                                                      |    <0.001 |
|       UART_RXFF/iRDAddr_reg[1]                                                                      |    <0.001 |
|       UART_RXFF/iRDAddr_reg[2]                                                                      |    <0.001 |
|       UART_RXFF/iRDAddr_reg[3]                                                                      |    <0.001 |
|       UART_RXFF/iRDAddr_reg[4]                                                                      |    <0.001 |
|       UART_RXFF/iRDAddr_reg[5]                                                                      |    <0.001 |
|       UART_RXFF/iRDAddr_reg[6]                                                                      |    <0.001 |
|       UART_RXFF/iUSAGE_reg[0]                                                                       |    <0.001 |
|       UART_RXFF/iUSAGE_reg[1]                                                                       |    <0.001 |
|       UART_RXFF/iUSAGE_reg[2]                                                                       |    <0.001 |
|       UART_RXFF/iUSAGE_reg[3]                                                                       |    <0.001 |
|       UART_RXFF/iUSAGE_reg[4]                                                                       |    <0.001 |
|       UART_RXFF/iUSAGE_reg[5]                                                                       |    <0.001 |
|       UART_RXFF/iWRAddr_reg[0]                                                                      |    <0.001 |
|       UART_RXFF/iWRAddr_reg[1]                                                                      |    <0.001 |
|       UART_RXFF/iWRAddr_reg[2]                                                                      |    <0.001 |
|       UART_RXFF/iWRAddr_reg[3]                                                                      |    <0.001 |
|       UART_RXFF/iWRAddr_reg[4]                                                                      |    <0.001 |
|       UART_RXFF/iWRAddr_reg[5]                                                                      |    <0.001 |
|       UART_RXFF/iWRAddr_reg[6]                                                                      |    <0.001 |
|       UART_TX/CState_reg[0]                                                                         |    <0.001 |
|       UART_TX/CState_reg[1]                                                                         |    <0.001 |
|       UART_TX/CState_reg[2]                                                                         |    <0.001 |
|       UART_TX/CState_reg[3]                                                                         |    <0.001 |
|       UART_TX/iFinished_reg                                                                         |    <0.001 |
|       UART_TX/iLast_reg                                                                             |    <0.001 |
|       UART_TX/iTx2_reg                                                                              |    <0.001 |
|       UART_TXFF/Q_reg[0]                                                                            |    <0.001 |
|       UART_TXFF/Q_reg[1]                                                                            |    <0.001 |
|       UART_TXFF/Q_reg[2]                                                                            |    <0.001 |
|       UART_TXFF/Q_reg[3]                                                                            |    <0.001 |
|       UART_TXFF/Q_reg[4]                                                                            |    <0.001 |
|       UART_TXFF/Q_reg[5]                                                                            |    <0.001 |
|       UART_TXFF/Q_reg[6]                                                                            |    <0.001 |
|       UART_TXFF/Q_reg[7]                                                                            |    <0.001 |
|       UART_TXFF/iEMPTY_reg                                                                          |    <0.001 |
|       UART_TXFF/iFIFOMem_reg[0][0]                                                                  |    <0.001 |
|       UART_TXFF/iFIFOMem_reg[0][1]                                                                  |    <0.001 |
|       UART_TXFF/iFIFOMem_reg[0][2]                                                                  |    <0.001 |
|       UART_TXFF/iFIFOMem_reg[0][3]                                                                  |    <0.001 |
|       UART_TXFF/iFIFOMem_reg[0][4]                                                                  |    <0.001 |
|       UART_TXFF/iFIFOMem_reg[0][5]                                                                  |    <0.001 |
|       UART_TXFF/iFIFOMem_reg[0][6]                                                                  |    <0.001 |
|       UART_TXFF/iFIFOMem_reg[0][7]                                                                  |    <0.001 |
|       UART_TXFF/iFIFOMem_reg[10][0]                                                                 |    <0.001 |
|       UART_TXFF/iFIFOMem_reg[10][1]                                                                 |    <0.001 |
|       UART_TXFF/iFIFOMem_reg[10][2]                                                                 |    <0.001 |
|       UART_TXFF/iFIFOMem_reg[10][3]                                                                 |    <0.001 |
|       UART_TXFF/iFIFOMem_reg[10][4]                                                                 |    <0.001 |
|       UART_TXFF/iFIFOMem_reg[10][5]                                                                 |    <0.001 |
|       UART_TXFF/iFIFOMem_reg[10][6]                                                                 |    <0.001 |
|       UART_TXFF/iFIFOMem_reg[10][7]                                                                 |    <0.001 |
|       UART_TXFF/iFIFOMem_reg[11][0]                                                                 |    <0.001 |
|       UART_TXFF/iFIFOMem_reg[11][1]                                                                 |    <0.001 |
|       UART_TXFF/iFIFOMem_reg[11][2]                                                                 |    <0.001 |
|       UART_TXFF/iFIFOMem_reg[11][3]                                                                 |    <0.001 |
|       UART_TXFF/iFIFOMem_reg[11][4]                                                                 |    <0.001 |
|       UART_TXFF/iFIFOMem_reg[11][5]                                                                 |    <0.001 |
|       UART_TXFF/iFIFOMem_reg[11][6]                                                                 |    <0.001 |
|       UART_TXFF/iFIFOMem_reg[11][7]                                                                 |    <0.001 |
|       UART_TXFF/iFIFOMem_reg[12][0]                                                                 |    <0.001 |
|       UART_TXFF/iFIFOMem_reg[12][1]                                                                 |    <0.001 |
|       UART_TXFF/iFIFOMem_reg[12][2]                                                                 |    <0.001 |
|       UART_TXFF/iFIFOMem_reg[12][3]                                                                 |    <0.001 |
|       UART_TXFF/iFIFOMem_reg[12][4]                                                                 |    <0.001 |
|       UART_TXFF/iFIFOMem_reg[12][5]                                                                 |    <0.001 |
|       UART_TXFF/iFIFOMem_reg[12][6]                                                                 |    <0.001 |
|       UART_TXFF/iFIFOMem_reg[12][7]                                                                 |    <0.001 |
|       UART_TXFF/iFIFOMem_reg[13][0]                                                                 |    <0.001 |
|       UART_TXFF/iFIFOMem_reg[13][1]                                                                 |    <0.001 |
|       UART_TXFF/iFIFOMem_reg[13][2]                                                                 |    <0.001 |
|       UART_TXFF/iFIFOMem_reg[13][3]                                                                 |    <0.001 |
|       UART_TXFF/iFIFOMem_reg[13][4]                                                                 |    <0.001 |
|       UART_TXFF/iFIFOMem_reg[13][5]                                                                 |    <0.001 |
|       UART_TXFF/iFIFOMem_reg[13][6]                                                                 |    <0.001 |
|       UART_TXFF/iFIFOMem_reg[13][7]                                                                 |    <0.001 |
|       UART_TXFF/iFIFOMem_reg[14][0]                                                                 |    <0.001 |
|       UART_TXFF/iFIFOMem_reg[14][1]                                                                 |    <0.001 |
|       UART_TXFF/iFIFOMem_reg[14][2]                                                                 |    <0.001 |
|       UART_TXFF/iFIFOMem_reg[14][3]                                                                 |    <0.001 |
|       UART_TXFF/iFIFOMem_reg[14][4]                                                                 |    <0.001 |
|       UART_TXFF/iFIFOMem_reg[14][5]                                                                 |    <0.001 |
|       UART_TXFF/iFIFOMem_reg[14][6]                                                                 |    <0.001 |
|       UART_TXFF/iFIFOMem_reg[14][7]                                                                 |    <0.001 |
|       UART_TXFF/iFIFOMem_reg[15][0]                                                                 |    <0.001 |
|       UART_TXFF/iFIFOMem_reg[15][1]                                                                 |    <0.001 |
|       UART_TXFF/iFIFOMem_reg[15][2]                                                                 |    <0.001 |
|       UART_TXFF/iFIFOMem_reg[15][3]                                                                 |    <0.001 |
|       UART_TXFF/iFIFOMem_reg[15][4]                                                                 |    <0.001 |
|       UART_TXFF/iFIFOMem_reg[15][5]                                                                 |    <0.001 |
|       UART_TXFF/iFIFOMem_reg[15][6]                                                                 |    <0.001 |
|       UART_TXFF/iFIFOMem_reg[15][7]                                                                 |    <0.001 |
|       UART_TXFF/iFIFOMem_reg[16][0]                                                                 |    <0.001 |
|       UART_TXFF/iFIFOMem_reg[16][1]                                                                 |    <0.001 |
|       UART_TXFF/iFIFOMem_reg[16][2]                                                                 |    <0.001 |
|       UART_TXFF/iFIFOMem_reg[16][3]                                                                 |    <0.001 |
|       UART_TXFF/iFIFOMem_reg[16][4]                                                                 |    <0.001 |
|       UART_TXFF/iFIFOMem_reg[16][5]                                                                 |    <0.001 |
|       UART_TXFF/iFIFOMem_reg[16][6]                                                                 |    <0.001 |
|       UART_TXFF/iFIFOMem_reg[16][7]                                                                 |    <0.001 |
|       UART_TXFF/iFIFOMem_reg[17][0]                                                                 |    <0.001 |
|       UART_TXFF/iFIFOMem_reg[17][1]                                                                 |    <0.001 |
|       UART_TXFF/iFIFOMem_reg[17][2]                                                                 |    <0.001 |
|       UART_TXFF/iFIFOMem_reg[17][3]                                                                 |    <0.001 |
|       UART_TXFF/iFIFOMem_reg[17][4]                                                                 |    <0.001 |
|       UART_TXFF/iFIFOMem_reg[17][5]                                                                 |    <0.001 |
|       UART_TXFF/iFIFOMem_reg[17][6]                                                                 |    <0.001 |
|       UART_TXFF/iFIFOMem_reg[17][7]                                                                 |    <0.001 |
|       UART_TXFF/iFIFOMem_reg[18][0]                                                                 |    <0.001 |
|       UART_TXFF/iFIFOMem_reg[18][1]                                                                 |    <0.001 |
|       UART_TXFF/iFIFOMem_reg[18][2]                                                                 |    <0.001 |
|       UART_TXFF/iFIFOMem_reg[18][3]                                                                 |    <0.001 |
|       UART_TXFF/iFIFOMem_reg[18][4]                                                                 |    <0.001 |
|       UART_TXFF/iFIFOMem_reg[18][5]                                                                 |    <0.001 |
|       UART_TXFF/iFIFOMem_reg[18][6]                                                                 |    <0.001 |
|       UART_TXFF/iFIFOMem_reg[18][7]                                                                 |    <0.001 |
|       UART_TXFF/iFIFOMem_reg[19][0]                                                                 |    <0.001 |
|       UART_TXFF/iFIFOMem_reg[19][1]                                                                 |    <0.001 |
|       UART_TXFF/iFIFOMem_reg[19][2]                                                                 |    <0.001 |
|       UART_TXFF/iFIFOMem_reg[19][3]                                                                 |    <0.001 |
|       UART_TXFF/iFIFOMem_reg[19][4]                                                                 |    <0.001 |
|       UART_TXFF/iFIFOMem_reg[19][5]                                                                 |    <0.001 |
|       UART_TXFF/iFIFOMem_reg[19][6]                                                                 |    <0.001 |
|       UART_TXFF/iFIFOMem_reg[19][7]                                                                 |    <0.001 |
|       UART_TXFF/iFIFOMem_reg[1][0]                                                                  |    <0.001 |
|       UART_TXFF/iFIFOMem_reg[1][1]                                                                  |    <0.001 |
|       UART_TXFF/iFIFOMem_reg[1][2]                                                                  |    <0.001 |
|       UART_TXFF/iFIFOMem_reg[1][3]                                                                  |    <0.001 |
|       UART_TXFF/iFIFOMem_reg[1][4]                                                                  |    <0.001 |
|       UART_TXFF/iFIFOMem_reg[1][5]                                                                  |    <0.001 |
|       UART_TXFF/iFIFOMem_reg[1][6]                                                                  |    <0.001 |
|       UART_TXFF/iFIFOMem_reg[1][7]                                                                  |    <0.001 |
|       UART_TXFF/iFIFOMem_reg[20][0]                                                                 |    <0.001 |
|       UART_TXFF/iFIFOMem_reg[20][1]                                                                 |    <0.001 |
|       UART_TXFF/iFIFOMem_reg[20][2]                                                                 |    <0.001 |
|       UART_TXFF/iFIFOMem_reg[20][3]                                                                 |    <0.001 |
|       UART_TXFF/iFIFOMem_reg[20][4]                                                                 |    <0.001 |
|       UART_TXFF/iFIFOMem_reg[20][5]                                                                 |    <0.001 |
|       UART_TXFF/iFIFOMem_reg[20][6]                                                                 |    <0.001 |
|       UART_TXFF/iFIFOMem_reg[20][7]                                                                 |    <0.001 |
|       UART_TXFF/iFIFOMem_reg[21][0]                                                                 |    <0.001 |
|       UART_TXFF/iFIFOMem_reg[21][1]                                                                 |    <0.001 |
|       UART_TXFF/iFIFOMem_reg[21][2]                                                                 |    <0.001 |
|       UART_TXFF/iFIFOMem_reg[21][3]                                                                 |    <0.001 |
|       UART_TXFF/iFIFOMem_reg[21][4]                                                                 |    <0.001 |
|       UART_TXFF/iFIFOMem_reg[21][5]                                                                 |    <0.001 |
|       UART_TXFF/iFIFOMem_reg[21][6]                                                                 |    <0.001 |
|       UART_TXFF/iFIFOMem_reg[21][7]                                                                 |    <0.001 |
|       UART_TXFF/iFIFOMem_reg[22][0]                                                                 |    <0.001 |
|       UART_TXFF/iFIFOMem_reg[22][1]                                                                 |    <0.001 |
|       UART_TXFF/iFIFOMem_reg[22][2]                                                                 |    <0.001 |
|       UART_TXFF/iFIFOMem_reg[22][3]                                                                 |    <0.001 |
|       UART_TXFF/iFIFOMem_reg[22][4]                                                                 |    <0.001 |
|       UART_TXFF/iFIFOMem_reg[22][5]                                                                 |    <0.001 |
|       UART_TXFF/iFIFOMem_reg[22][6]                                                                 |    <0.001 |
|       UART_TXFF/iFIFOMem_reg[22][7]                                                                 |    <0.001 |
|       UART_TXFF/iFIFOMem_reg[23][0]                                                                 |    <0.001 |
|       UART_TXFF/iFIFOMem_reg[23][1]                                                                 |    <0.001 |
|       UART_TXFF/iFIFOMem_reg[23][2]                                                                 |    <0.001 |
|       UART_TXFF/iFIFOMem_reg[23][3]                                                                 |    <0.001 |
|       UART_TXFF/iFIFOMem_reg[23][4]                                                                 |    <0.001 |
|       UART_TXFF/iFIFOMem_reg[23][5]                                                                 |    <0.001 |
|       UART_TXFF/iFIFOMem_reg[23][6]                                                                 |    <0.001 |
|       UART_TXFF/iFIFOMem_reg[23][7]                                                                 |    <0.001 |
|       UART_TXFF/iFIFOMem_reg[24][0]                                                                 |    <0.001 |
|       UART_TXFF/iFIFOMem_reg[24][1]                                                                 |    <0.001 |
|       UART_TXFF/iFIFOMem_reg[24][2]                                                                 |    <0.001 |
|       UART_TXFF/iFIFOMem_reg[24][3]                                                                 |    <0.001 |
|       UART_TXFF/iFIFOMem_reg[24][4]                                                                 |    <0.001 |
|       UART_TXFF/iFIFOMem_reg[24][5]                                                                 |    <0.001 |
|       UART_TXFF/iFIFOMem_reg[24][6]                                                                 |    <0.001 |
|       UART_TXFF/iFIFOMem_reg[24][7]                                                                 |    <0.001 |
|       UART_TXFF/iFIFOMem_reg[25][0]                                                                 |    <0.001 |
|       UART_TXFF/iFIFOMem_reg[25][1]                                                                 |    <0.001 |
|       UART_TXFF/iFIFOMem_reg[25][2]                                                                 |    <0.001 |
|       UART_TXFF/iFIFOMem_reg[25][3]                                                                 |    <0.001 |
|       UART_TXFF/iFIFOMem_reg[25][4]                                                                 |    <0.001 |
|       UART_TXFF/iFIFOMem_reg[25][5]                                                                 |    <0.001 |
|       UART_TXFF/iFIFOMem_reg[25][6]                                                                 |    <0.001 |
|       UART_TXFF/iFIFOMem_reg[25][7]                                                                 |    <0.001 |
|       UART_TXFF/iFIFOMem_reg[26][0]                                                                 |    <0.001 |
|       UART_TXFF/iFIFOMem_reg[26][1]                                                                 |    <0.001 |
|       UART_TXFF/iFIFOMem_reg[26][2]                                                                 |    <0.001 |
|       UART_TXFF/iFIFOMem_reg[26][3]                                                                 |    <0.001 |
|       UART_TXFF/iFIFOMem_reg[26][4]                                                                 |    <0.001 |
|       UART_TXFF/iFIFOMem_reg[26][5]                                                                 |    <0.001 |
|       UART_TXFF/iFIFOMem_reg[26][6]                                                                 |    <0.001 |
|       UART_TXFF/iFIFOMem_reg[26][7]                                                                 |    <0.001 |
|       UART_TXFF/iFIFOMem_reg[27][0]                                                                 |    <0.001 |
|       UART_TXFF/iFIFOMem_reg[27][1]                                                                 |    <0.001 |
|       UART_TXFF/iFIFOMem_reg[27][2]                                                                 |    <0.001 |
|       UART_TXFF/iFIFOMem_reg[27][3]                                                                 |    <0.001 |
|       UART_TXFF/iFIFOMem_reg[27][4]                                                                 |    <0.001 |
|       UART_TXFF/iFIFOMem_reg[27][5]                                                                 |    <0.001 |
|       UART_TXFF/iFIFOMem_reg[27][6]                                                                 |    <0.001 |
|       UART_TXFF/iFIFOMem_reg[27][7]                                                                 |    <0.001 |
|       UART_TXFF/iFIFOMem_reg[28][0]                                                                 |    <0.001 |
|       UART_TXFF/iFIFOMem_reg[28][1]                                                                 |    <0.001 |
|       UART_TXFF/iFIFOMem_reg[28][2]                                                                 |    <0.001 |
|       UART_TXFF/iFIFOMem_reg[28][3]                                                                 |    <0.001 |
|       UART_TXFF/iFIFOMem_reg[28][4]                                                                 |    <0.001 |
|       UART_TXFF/iFIFOMem_reg[28][5]                                                                 |    <0.001 |
|       UART_TXFF/iFIFOMem_reg[28][6]                                                                 |    <0.001 |
|       UART_TXFF/iFIFOMem_reg[28][7]                                                                 |    <0.001 |
|       UART_TXFF/iFIFOMem_reg[29][0]                                                                 |    <0.001 |
|       UART_TXFF/iFIFOMem_reg[29][1]                                                                 |    <0.001 |
|       UART_TXFF/iFIFOMem_reg[29][2]                                                                 |    <0.001 |
|       UART_TXFF/iFIFOMem_reg[29][3]                                                                 |    <0.001 |
|       UART_TXFF/iFIFOMem_reg[29][4]                                                                 |    <0.001 |
|       UART_TXFF/iFIFOMem_reg[29][5]                                                                 |    <0.001 |
|       UART_TXFF/iFIFOMem_reg[29][6]                                                                 |    <0.001 |
|       UART_TXFF/iFIFOMem_reg[29][7]                                                                 |    <0.001 |
|       UART_TXFF/iFIFOMem_reg[2][0]                                                                  |    <0.001 |
|       UART_TXFF/iFIFOMem_reg[2][1]                                                                  |    <0.001 |
|       UART_TXFF/iFIFOMem_reg[2][2]                                                                  |    <0.001 |
|       UART_TXFF/iFIFOMem_reg[2][3]                                                                  |    <0.001 |
|       UART_TXFF/iFIFOMem_reg[2][4]                                                                  |    <0.001 |
|       UART_TXFF/iFIFOMem_reg[2][5]                                                                  |    <0.001 |
|       UART_TXFF/iFIFOMem_reg[2][6]                                                                  |    <0.001 |
|       UART_TXFF/iFIFOMem_reg[2][7]                                                                  |    <0.001 |
|       UART_TXFF/iFIFOMem_reg[30][0]                                                                 |    <0.001 |
|       UART_TXFF/iFIFOMem_reg[30][1]                                                                 |    <0.001 |
|       UART_TXFF/iFIFOMem_reg[30][2]                                                                 |    <0.001 |
|       UART_TXFF/iFIFOMem_reg[30][3]                                                                 |    <0.001 |
|       UART_TXFF/iFIFOMem_reg[30][4]                                                                 |    <0.001 |
|       UART_TXFF/iFIFOMem_reg[30][5]                                                                 |    <0.001 |
|       UART_TXFF/iFIFOMem_reg[30][6]                                                                 |    <0.001 |
|       UART_TXFF/iFIFOMem_reg[30][7]                                                                 |    <0.001 |
|       UART_TXFF/iFIFOMem_reg[31][0]                                                                 |    <0.001 |
|       UART_TXFF/iFIFOMem_reg[31][1]                                                                 |    <0.001 |
|       UART_TXFF/iFIFOMem_reg[31][2]                                                                 |    <0.001 |
|       UART_TXFF/iFIFOMem_reg[31][3]                                                                 |    <0.001 |
|       UART_TXFF/iFIFOMem_reg[31][4]                                                                 |    <0.001 |
|       UART_TXFF/iFIFOMem_reg[31][5]                                                                 |    <0.001 |
|       UART_TXFF/iFIFOMem_reg[31][6]                                                                 |    <0.001 |
|       UART_TXFF/iFIFOMem_reg[31][7]                                                                 |    <0.001 |
|       UART_TXFF/iFIFOMem_reg[32][0]                                                                 |    <0.001 |
|       UART_TXFF/iFIFOMem_reg[32][1]                                                                 |    <0.001 |
|       UART_TXFF/iFIFOMem_reg[32][2]                                                                 |    <0.001 |
|       UART_TXFF/iFIFOMem_reg[32][3]                                                                 |    <0.001 |
|       UART_TXFF/iFIFOMem_reg[32][4]                                                                 |    <0.001 |
|       UART_TXFF/iFIFOMem_reg[32][5]                                                                 |    <0.001 |
|       UART_TXFF/iFIFOMem_reg[32][6]                                                                 |    <0.001 |
|       UART_TXFF/iFIFOMem_reg[32][7]                                                                 |    <0.001 |
|       UART_TXFF/iFIFOMem_reg[33][0]                                                                 |    <0.001 |
|       UART_TXFF/iFIFOMem_reg[33][1]                                                                 |    <0.001 |
|       UART_TXFF/iFIFOMem_reg[33][2]                                                                 |    <0.001 |
|       UART_TXFF/iFIFOMem_reg[33][3]                                                                 |    <0.001 |
|       UART_TXFF/iFIFOMem_reg[33][4]                                                                 |    <0.001 |
|       UART_TXFF/iFIFOMem_reg[33][5]                                                                 |    <0.001 |
|       UART_TXFF/iFIFOMem_reg[33][6]                                                                 |    <0.001 |
|       UART_TXFF/iFIFOMem_reg[33][7]                                                                 |    <0.001 |
|       UART_TXFF/iFIFOMem_reg[34][0]                                                                 |    <0.001 |
|       UART_TXFF/iFIFOMem_reg[34][1]                                                                 |    <0.001 |
|       UART_TXFF/iFIFOMem_reg[34][2]                                                                 |    <0.001 |
|       UART_TXFF/iFIFOMem_reg[34][3]                                                                 |    <0.001 |
|       UART_TXFF/iFIFOMem_reg[34][4]                                                                 |    <0.001 |
|       UART_TXFF/iFIFOMem_reg[34][5]                                                                 |    <0.001 |
|       UART_TXFF/iFIFOMem_reg[34][6]                                                                 |    <0.001 |
|       UART_TXFF/iFIFOMem_reg[34][7]                                                                 |    <0.001 |
|       UART_TXFF/iFIFOMem_reg[35][0]                                                                 |    <0.001 |
|       UART_TXFF/iFIFOMem_reg[35][1]                                                                 |    <0.001 |
|       UART_TXFF/iFIFOMem_reg[35][2]                                                                 |    <0.001 |
|       UART_TXFF/iFIFOMem_reg[35][3]                                                                 |    <0.001 |
|       UART_TXFF/iFIFOMem_reg[35][4]                                                                 |    <0.001 |
|       UART_TXFF/iFIFOMem_reg[35][5]                                                                 |    <0.001 |
|       UART_TXFF/iFIFOMem_reg[35][6]                                                                 |    <0.001 |
|       UART_TXFF/iFIFOMem_reg[35][7]                                                                 |    <0.001 |
|       UART_TXFF/iFIFOMem_reg[36][0]                                                                 |    <0.001 |
|       UART_TXFF/iFIFOMem_reg[36][1]                                                                 |    <0.001 |
|       UART_TXFF/iFIFOMem_reg[36][2]                                                                 |    <0.001 |
|       UART_TXFF/iFIFOMem_reg[36][3]                                                                 |    <0.001 |
|       UART_TXFF/iFIFOMem_reg[36][4]                                                                 |    <0.001 |
|       UART_TXFF/iFIFOMem_reg[36][5]                                                                 |    <0.001 |
|       UART_TXFF/iFIFOMem_reg[36][6]                                                                 |    <0.001 |
|       UART_TXFF/iFIFOMem_reg[36][7]                                                                 |    <0.001 |
|       UART_TXFF/iFIFOMem_reg[37][0]                                                                 |    <0.001 |
|       UART_TXFF/iFIFOMem_reg[37][1]                                                                 |    <0.001 |
|       UART_TXFF/iFIFOMem_reg[37][2]                                                                 |    <0.001 |
|       UART_TXFF/iFIFOMem_reg[37][3]                                                                 |    <0.001 |
|       UART_TXFF/iFIFOMem_reg[37][4]                                                                 |    <0.001 |
|       UART_TXFF/iFIFOMem_reg[37][5]                                                                 |    <0.001 |
|       UART_TXFF/iFIFOMem_reg[37][6]                                                                 |    <0.001 |
|       UART_TXFF/iFIFOMem_reg[37][7]                                                                 |    <0.001 |
|       UART_TXFF/iFIFOMem_reg[38][0]                                                                 |    <0.001 |
|       UART_TXFF/iFIFOMem_reg[38][1]                                                                 |    <0.001 |
|       UART_TXFF/iFIFOMem_reg[38][2]                                                                 |    <0.001 |
|       UART_TXFF/iFIFOMem_reg[38][3]                                                                 |    <0.001 |
|       UART_TXFF/iFIFOMem_reg[38][4]                                                                 |    <0.001 |
|       UART_TXFF/iFIFOMem_reg[38][5]                                                                 |    <0.001 |
|       UART_TXFF/iFIFOMem_reg[38][6]                                                                 |    <0.001 |
|       UART_TXFF/iFIFOMem_reg[38][7]                                                                 |    <0.001 |
|       UART_TXFF/iFIFOMem_reg[39][0]                                                                 |    <0.001 |
|       UART_TXFF/iFIFOMem_reg[39][1]                                                                 |    <0.001 |
|       UART_TXFF/iFIFOMem_reg[39][2]                                                                 |    <0.001 |
|       UART_TXFF/iFIFOMem_reg[39][3]                                                                 |    <0.001 |
|       UART_TXFF/iFIFOMem_reg[39][4]                                                                 |    <0.001 |
|       UART_TXFF/iFIFOMem_reg[39][5]                                                                 |    <0.001 |
|       UART_TXFF/iFIFOMem_reg[39][6]                                                                 |    <0.001 |
|       UART_TXFF/iFIFOMem_reg[39][7]                                                                 |    <0.001 |
|       UART_TXFF/iFIFOMem_reg[3][0]                                                                  |    <0.001 |
|       UART_TXFF/iFIFOMem_reg[3][1]                                                                  |    <0.001 |
|       UART_TXFF/iFIFOMem_reg[3][2]                                                                  |    <0.001 |
|       UART_TXFF/iFIFOMem_reg[3][3]                                                                  |    <0.001 |
|       UART_TXFF/iFIFOMem_reg[3][4]                                                                  |    <0.001 |
|       UART_TXFF/iFIFOMem_reg[3][5]                                                                  |    <0.001 |
|       UART_TXFF/iFIFOMem_reg[3][6]                                                                  |    <0.001 |
|       UART_TXFF/iFIFOMem_reg[3][7]                                                                  |    <0.001 |
|       UART_TXFF/iFIFOMem_reg[40][0]                                                                 |    <0.001 |
|       UART_TXFF/iFIFOMem_reg[40][1]                                                                 |    <0.001 |
|       UART_TXFF/iFIFOMem_reg[40][2]                                                                 |    <0.001 |
|       UART_TXFF/iFIFOMem_reg[40][3]                                                                 |    <0.001 |
|       UART_TXFF/iFIFOMem_reg[40][4]                                                                 |    <0.001 |
|       UART_TXFF/iFIFOMem_reg[40][5]                                                                 |    <0.001 |
|       UART_TXFF/iFIFOMem_reg[40][6]                                                                 |    <0.001 |
|       UART_TXFF/iFIFOMem_reg[40][7]                                                                 |    <0.001 |
|       UART_TXFF/iFIFOMem_reg[41][0]                                                                 |    <0.001 |
|       UART_TXFF/iFIFOMem_reg[41][1]                                                                 |    <0.001 |
|       UART_TXFF/iFIFOMem_reg[41][2]                                                                 |    <0.001 |
|       UART_TXFF/iFIFOMem_reg[41][3]                                                                 |    <0.001 |
|       UART_TXFF/iFIFOMem_reg[41][4]                                                                 |    <0.001 |
|       UART_TXFF/iFIFOMem_reg[41][5]                                                                 |    <0.001 |
|       UART_TXFF/iFIFOMem_reg[41][6]                                                                 |    <0.001 |
|       UART_TXFF/iFIFOMem_reg[41][7]                                                                 |    <0.001 |
|       UART_TXFF/iFIFOMem_reg[42][0]                                                                 |    <0.001 |
|       UART_TXFF/iFIFOMem_reg[42][1]                                                                 |    <0.001 |
|       UART_TXFF/iFIFOMem_reg[42][2]                                                                 |    <0.001 |
|       UART_TXFF/iFIFOMem_reg[42][3]                                                                 |    <0.001 |
|       UART_TXFF/iFIFOMem_reg[42][4]                                                                 |    <0.001 |
|       UART_TXFF/iFIFOMem_reg[42][5]                                                                 |    <0.001 |
|       UART_TXFF/iFIFOMem_reg[42][6]                                                                 |    <0.001 |
|       UART_TXFF/iFIFOMem_reg[42][7]                                                                 |    <0.001 |
|       UART_TXFF/iFIFOMem_reg[43][0]                                                                 |    <0.001 |
|       UART_TXFF/iFIFOMem_reg[43][1]                                                                 |    <0.001 |
|       UART_TXFF/iFIFOMem_reg[43][2]                                                                 |    <0.001 |
|       UART_TXFF/iFIFOMem_reg[43][3]                                                                 |    <0.001 |
|       UART_TXFF/iFIFOMem_reg[43][4]                                                                 |    <0.001 |
|       UART_TXFF/iFIFOMem_reg[43][5]                                                                 |    <0.001 |
|       UART_TXFF/iFIFOMem_reg[43][6]                                                                 |    <0.001 |
|       UART_TXFF/iFIFOMem_reg[43][7]                                                                 |    <0.001 |
|       UART_TXFF/iFIFOMem_reg[44][0]                                                                 |    <0.001 |
|       UART_TXFF/iFIFOMem_reg[44][1]                                                                 |    <0.001 |
|       UART_TXFF/iFIFOMem_reg[44][2]                                                                 |    <0.001 |
|       UART_TXFF/iFIFOMem_reg[44][3]                                                                 |    <0.001 |
|       UART_TXFF/iFIFOMem_reg[44][4]                                                                 |    <0.001 |
|       UART_TXFF/iFIFOMem_reg[44][5]                                                                 |    <0.001 |
|       UART_TXFF/iFIFOMem_reg[44][6]                                                                 |    <0.001 |
|       UART_TXFF/iFIFOMem_reg[44][7]                                                                 |    <0.001 |
|       UART_TXFF/iFIFOMem_reg[45][0]                                                                 |    <0.001 |
|       UART_TXFF/iFIFOMem_reg[45][1]                                                                 |    <0.001 |
|       UART_TXFF/iFIFOMem_reg[45][2]                                                                 |    <0.001 |
|       UART_TXFF/iFIFOMem_reg[45][3]                                                                 |    <0.001 |
|       UART_TXFF/iFIFOMem_reg[45][4]                                                                 |    <0.001 |
|       UART_TXFF/iFIFOMem_reg[45][5]                                                                 |    <0.001 |
|       UART_TXFF/iFIFOMem_reg[45][6]                                                                 |    <0.001 |
|       UART_TXFF/iFIFOMem_reg[45][7]                                                                 |    <0.001 |
|       UART_TXFF/iFIFOMem_reg[46][0]                                                                 |    <0.001 |
|       UART_TXFF/iFIFOMem_reg[46][1]                                                                 |    <0.001 |
|       UART_TXFF/iFIFOMem_reg[46][2]                                                                 |    <0.001 |
|       UART_TXFF/iFIFOMem_reg[46][3]                                                                 |    <0.001 |
|       UART_TXFF/iFIFOMem_reg[46][4]                                                                 |    <0.001 |
|       UART_TXFF/iFIFOMem_reg[46][5]                                                                 |    <0.001 |
|       UART_TXFF/iFIFOMem_reg[46][6]                                                                 |    <0.001 |
|       UART_TXFF/iFIFOMem_reg[46][7]                                                                 |    <0.001 |
|       UART_TXFF/iFIFOMem_reg[47][0]                                                                 |    <0.001 |
|       UART_TXFF/iFIFOMem_reg[47][1]                                                                 |    <0.001 |
|       UART_TXFF/iFIFOMem_reg[47][2]                                                                 |    <0.001 |
|       UART_TXFF/iFIFOMem_reg[47][3]                                                                 |    <0.001 |
|       UART_TXFF/iFIFOMem_reg[47][4]                                                                 |    <0.001 |
|       UART_TXFF/iFIFOMem_reg[47][5]                                                                 |    <0.001 |
|       UART_TXFF/iFIFOMem_reg[47][6]                                                                 |    <0.001 |
|       UART_TXFF/iFIFOMem_reg[47][7]                                                                 |    <0.001 |
|       UART_TXFF/iFIFOMem_reg[48][0]                                                                 |    <0.001 |
|       UART_TXFF/iFIFOMem_reg[48][1]                                                                 |    <0.001 |
|       UART_TXFF/iFIFOMem_reg[48][2]                                                                 |    <0.001 |
|       UART_TXFF/iFIFOMem_reg[48][3]                                                                 |    <0.001 |
|       UART_TXFF/iFIFOMem_reg[48][4]                                                                 |    <0.001 |
|       UART_TXFF/iFIFOMem_reg[48][5]                                                                 |    <0.001 |
|       UART_TXFF/iFIFOMem_reg[48][6]                                                                 |    <0.001 |
|       UART_TXFF/iFIFOMem_reg[48][7]                                                                 |    <0.001 |
|       UART_TXFF/iFIFOMem_reg[49][0]                                                                 |    <0.001 |
|       UART_TXFF/iFIFOMem_reg[49][1]                                                                 |    <0.001 |
|       UART_TXFF/iFIFOMem_reg[49][2]                                                                 |    <0.001 |
|       UART_TXFF/iFIFOMem_reg[49][3]                                                                 |    <0.001 |
|       UART_TXFF/iFIFOMem_reg[49][4]                                                                 |    <0.001 |
|       UART_TXFF/iFIFOMem_reg[49][5]                                                                 |    <0.001 |
|       UART_TXFF/iFIFOMem_reg[49][6]                                                                 |    <0.001 |
|       UART_TXFF/iFIFOMem_reg[49][7]                                                                 |    <0.001 |
|       UART_TXFF/iFIFOMem_reg[4][0]                                                                  |    <0.001 |
|       UART_TXFF/iFIFOMem_reg[4][1]                                                                  |    <0.001 |
|       UART_TXFF/iFIFOMem_reg[4][2]                                                                  |    <0.001 |
|       UART_TXFF/iFIFOMem_reg[4][3]                                                                  |    <0.001 |
|       UART_TXFF/iFIFOMem_reg[4][4]                                                                  |    <0.001 |
|       UART_TXFF/iFIFOMem_reg[4][5]                                                                  |    <0.001 |
|       UART_TXFF/iFIFOMem_reg[4][6]                                                                  |    <0.001 |
|       UART_TXFF/iFIFOMem_reg[4][7]                                                                  |    <0.001 |
|       UART_TXFF/iFIFOMem_reg[50][0]                                                                 |    <0.001 |
|       UART_TXFF/iFIFOMem_reg[50][1]                                                                 |    <0.001 |
|       UART_TXFF/iFIFOMem_reg[50][2]                                                                 |    <0.001 |
|       UART_TXFF/iFIFOMem_reg[50][3]                                                                 |    <0.001 |
|       UART_TXFF/iFIFOMem_reg[50][4]                                                                 |    <0.001 |
|       UART_TXFF/iFIFOMem_reg[50][5]                                                                 |    <0.001 |
|       UART_TXFF/iFIFOMem_reg[50][6]                                                                 |    <0.001 |
|       UART_TXFF/iFIFOMem_reg[50][7]                                                                 |    <0.001 |
|       UART_TXFF/iFIFOMem_reg[51][0]                                                                 |    <0.001 |
|       UART_TXFF/iFIFOMem_reg[51][1]                                                                 |    <0.001 |
|       UART_TXFF/iFIFOMem_reg[51][2]                                                                 |    <0.001 |
|       UART_TXFF/iFIFOMem_reg[51][3]                                                                 |    <0.001 |
|       UART_TXFF/iFIFOMem_reg[51][4]                                                                 |    <0.001 |
|       UART_TXFF/iFIFOMem_reg[51][5]                                                                 |    <0.001 |
|       UART_TXFF/iFIFOMem_reg[51][6]                                                                 |    <0.001 |
|       UART_TXFF/iFIFOMem_reg[51][7]                                                                 |    <0.001 |
|       UART_TXFF/iFIFOMem_reg[52][0]                                                                 |    <0.001 |
|       UART_TXFF/iFIFOMem_reg[52][1]                                                                 |    <0.001 |
|       UART_TXFF/iFIFOMem_reg[52][2]                                                                 |    <0.001 |
|       UART_TXFF/iFIFOMem_reg[52][3]                                                                 |    <0.001 |
|       UART_TXFF/iFIFOMem_reg[52][4]                                                                 |    <0.001 |
|       UART_TXFF/iFIFOMem_reg[52][5]                                                                 |    <0.001 |
|       UART_TXFF/iFIFOMem_reg[52][6]                                                                 |    <0.001 |
|       UART_TXFF/iFIFOMem_reg[52][7]                                                                 |    <0.001 |
|       UART_TXFF/iFIFOMem_reg[53][0]                                                                 |    <0.001 |
|       UART_TXFF/iFIFOMem_reg[53][1]                                                                 |    <0.001 |
|       UART_TXFF/iFIFOMem_reg[53][2]                                                                 |    <0.001 |
|       UART_TXFF/iFIFOMem_reg[53][3]                                                                 |    <0.001 |
|       UART_TXFF/iFIFOMem_reg[53][4]                                                                 |    <0.001 |
|       UART_TXFF/iFIFOMem_reg[53][5]                                                                 |    <0.001 |
|       UART_TXFF/iFIFOMem_reg[53][6]                                                                 |    <0.001 |
|       UART_TXFF/iFIFOMem_reg[53][7]                                                                 |    <0.001 |
|       UART_TXFF/iFIFOMem_reg[54][0]                                                                 |    <0.001 |
|       UART_TXFF/iFIFOMem_reg[54][1]                                                                 |    <0.001 |
|       UART_TXFF/iFIFOMem_reg[54][2]                                                                 |    <0.001 |
|       UART_TXFF/iFIFOMem_reg[54][3]                                                                 |    <0.001 |
|       UART_TXFF/iFIFOMem_reg[54][4]                                                                 |    <0.001 |
|       UART_TXFF/iFIFOMem_reg[54][5]                                                                 |    <0.001 |
|       UART_TXFF/iFIFOMem_reg[54][6]                                                                 |    <0.001 |
|       UART_TXFF/iFIFOMem_reg[54][7]                                                                 |    <0.001 |
|       UART_TXFF/iFIFOMem_reg[55][0]                                                                 |    <0.001 |
|       UART_TXFF/iFIFOMem_reg[55][1]                                                                 |    <0.001 |
|       UART_TXFF/iFIFOMem_reg[55][2]                                                                 |    <0.001 |
|       UART_TXFF/iFIFOMem_reg[55][3]                                                                 |    <0.001 |
|       UART_TXFF/iFIFOMem_reg[55][4]                                                                 |    <0.001 |
|       UART_TXFF/iFIFOMem_reg[55][5]                                                                 |    <0.001 |
|       UART_TXFF/iFIFOMem_reg[55][6]                                                                 |    <0.001 |
|       UART_TXFF/iFIFOMem_reg[55][7]                                                                 |    <0.001 |
|       UART_TXFF/iFIFOMem_reg[56][0]                                                                 |    <0.001 |
|       UART_TXFF/iFIFOMem_reg[56][1]                                                                 |    <0.001 |
|       UART_TXFF/iFIFOMem_reg[56][2]                                                                 |    <0.001 |
|       UART_TXFF/iFIFOMem_reg[56][3]                                                                 |    <0.001 |
|       UART_TXFF/iFIFOMem_reg[56][4]                                                                 |    <0.001 |
|       UART_TXFF/iFIFOMem_reg[56][5]                                                                 |    <0.001 |
|       UART_TXFF/iFIFOMem_reg[56][6]                                                                 |    <0.001 |
|       UART_TXFF/iFIFOMem_reg[56][7]                                                                 |    <0.001 |
|       UART_TXFF/iFIFOMem_reg[57][0]                                                                 |    <0.001 |
|       UART_TXFF/iFIFOMem_reg[57][1]                                                                 |    <0.001 |
|       UART_TXFF/iFIFOMem_reg[57][2]                                                                 |    <0.001 |
|       UART_TXFF/iFIFOMem_reg[57][3]                                                                 |    <0.001 |
|       UART_TXFF/iFIFOMem_reg[57][4]                                                                 |    <0.001 |
|       UART_TXFF/iFIFOMem_reg[57][5]                                                                 |    <0.001 |
|       UART_TXFF/iFIFOMem_reg[57][6]                                                                 |    <0.001 |
|       UART_TXFF/iFIFOMem_reg[57][7]                                                                 |    <0.001 |
|       UART_TXFF/iFIFOMem_reg[58][0]                                                                 |    <0.001 |
|       UART_TXFF/iFIFOMem_reg[58][1]                                                                 |    <0.001 |
|       UART_TXFF/iFIFOMem_reg[58][2]                                                                 |    <0.001 |
|       UART_TXFF/iFIFOMem_reg[58][3]                                                                 |    <0.001 |
|       UART_TXFF/iFIFOMem_reg[58][4]                                                                 |    <0.001 |
|       UART_TXFF/iFIFOMem_reg[58][5]                                                                 |    <0.001 |
|       UART_TXFF/iFIFOMem_reg[58][6]                                                                 |    <0.001 |
|       UART_TXFF/iFIFOMem_reg[58][7]                                                                 |    <0.001 |
|       UART_TXFF/iFIFOMem_reg[59][0]                                                                 |    <0.001 |
|       UART_TXFF/iFIFOMem_reg[59][1]                                                                 |    <0.001 |
|       UART_TXFF/iFIFOMem_reg[59][2]                                                                 |    <0.001 |
|       UART_TXFF/iFIFOMem_reg[59][3]                                                                 |    <0.001 |
|       UART_TXFF/iFIFOMem_reg[59][4]                                                                 |    <0.001 |
|       UART_TXFF/iFIFOMem_reg[59][5]                                                                 |    <0.001 |
|       UART_TXFF/iFIFOMem_reg[59][6]                                                                 |    <0.001 |
|       UART_TXFF/iFIFOMem_reg[59][7]                                                                 |    <0.001 |
|       UART_TXFF/iFIFOMem_reg[5][0]                                                                  |    <0.001 |
|       UART_TXFF/iFIFOMem_reg[5][1]                                                                  |    <0.001 |
|       UART_TXFF/iFIFOMem_reg[5][2]                                                                  |    <0.001 |
|       UART_TXFF/iFIFOMem_reg[5][3]                                                                  |    <0.001 |
|       UART_TXFF/iFIFOMem_reg[5][4]                                                                  |    <0.001 |
|       UART_TXFF/iFIFOMem_reg[5][5]                                                                  |    <0.001 |
|       UART_TXFF/iFIFOMem_reg[5][6]                                                                  |    <0.001 |
|       UART_TXFF/iFIFOMem_reg[5][7]                                                                  |    <0.001 |
|       UART_TXFF/iFIFOMem_reg[60][0]                                                                 |    <0.001 |
|       UART_TXFF/iFIFOMem_reg[60][1]                                                                 |    <0.001 |
|       UART_TXFF/iFIFOMem_reg[60][2]                                                                 |    <0.001 |
|       UART_TXFF/iFIFOMem_reg[60][3]                                                                 |    <0.001 |
|       UART_TXFF/iFIFOMem_reg[60][4]                                                                 |    <0.001 |
|       UART_TXFF/iFIFOMem_reg[60][5]                                                                 |    <0.001 |
|       UART_TXFF/iFIFOMem_reg[60][6]                                                                 |    <0.001 |
|       UART_TXFF/iFIFOMem_reg[60][7]                                                                 |    <0.001 |
|       UART_TXFF/iFIFOMem_reg[61][0]                                                                 |    <0.001 |
|       UART_TXFF/iFIFOMem_reg[61][1]                                                                 |    <0.001 |
|       UART_TXFF/iFIFOMem_reg[61][2]                                                                 |    <0.001 |
|       UART_TXFF/iFIFOMem_reg[61][3]                                                                 |    <0.001 |
|       UART_TXFF/iFIFOMem_reg[61][4]                                                                 |    <0.001 |
|       UART_TXFF/iFIFOMem_reg[61][5]                                                                 |    <0.001 |
|       UART_TXFF/iFIFOMem_reg[61][6]                                                                 |    <0.001 |
|       UART_TXFF/iFIFOMem_reg[61][7]                                                                 |    <0.001 |
|       UART_TXFF/iFIFOMem_reg[62][0]                                                                 |    <0.001 |
|       UART_TXFF/iFIFOMem_reg[62][1]                                                                 |    <0.001 |
|       UART_TXFF/iFIFOMem_reg[62][2]                                                                 |    <0.001 |
|       UART_TXFF/iFIFOMem_reg[62][3]                                                                 |    <0.001 |
|       UART_TXFF/iFIFOMem_reg[62][4]                                                                 |    <0.001 |
|       UART_TXFF/iFIFOMem_reg[62][5]                                                                 |    <0.001 |
|       UART_TXFF/iFIFOMem_reg[62][6]                                                                 |    <0.001 |
|       UART_TXFF/iFIFOMem_reg[62][7]                                                                 |    <0.001 |
|       UART_TXFF/iFIFOMem_reg[63][0]                                                                 |    <0.001 |
|       UART_TXFF/iFIFOMem_reg[63][1]                                                                 |    <0.001 |
|       UART_TXFF/iFIFOMem_reg[63][2]                                                                 |    <0.001 |
|       UART_TXFF/iFIFOMem_reg[63][3]                                                                 |    <0.001 |
|       UART_TXFF/iFIFOMem_reg[63][4]                                                                 |    <0.001 |
|       UART_TXFF/iFIFOMem_reg[63][5]                                                                 |    <0.001 |
|       UART_TXFF/iFIFOMem_reg[63][6]                                                                 |    <0.001 |
|       UART_TXFF/iFIFOMem_reg[63][7]                                                                 |    <0.001 |
|       UART_TXFF/iFIFOMem_reg[6][0]                                                                  |    <0.001 |
|       UART_TXFF/iFIFOMem_reg[6][1]                                                                  |    <0.001 |
|       UART_TXFF/iFIFOMem_reg[6][2]                                                                  |    <0.001 |
|       UART_TXFF/iFIFOMem_reg[6][3]                                                                  |    <0.001 |
|       UART_TXFF/iFIFOMem_reg[6][4]                                                                  |    <0.001 |
|       UART_TXFF/iFIFOMem_reg[6][5]                                                                  |    <0.001 |
|       UART_TXFF/iFIFOMem_reg[6][6]                                                                  |    <0.001 |
|       UART_TXFF/iFIFOMem_reg[6][7]                                                                  |    <0.001 |
|       UART_TXFF/iFIFOMem_reg[7][0]                                                                  |    <0.001 |
|       UART_TXFF/iFIFOMem_reg[7][1]                                                                  |    <0.001 |
|       UART_TXFF/iFIFOMem_reg[7][2]                                                                  |    <0.001 |
|       UART_TXFF/iFIFOMem_reg[7][3]                                                                  |    <0.001 |
|       UART_TXFF/iFIFOMem_reg[7][4]                                                                  |    <0.001 |
|       UART_TXFF/iFIFOMem_reg[7][5]                                                                  |    <0.001 |
|       UART_TXFF/iFIFOMem_reg[7][6]                                                                  |    <0.001 |
|       UART_TXFF/iFIFOMem_reg[7][7]                                                                  |    <0.001 |
|       UART_TXFF/iFIFOMem_reg[8][0]                                                                  |    <0.001 |
|       UART_TXFF/iFIFOMem_reg[8][1]                                                                  |    <0.001 |
|       UART_TXFF/iFIFOMem_reg[8][2]                                                                  |    <0.001 |
|       UART_TXFF/iFIFOMem_reg[8][3]                                                                  |    <0.001 |
|       UART_TXFF/iFIFOMem_reg[8][4]                                                                  |    <0.001 |
|       UART_TXFF/iFIFOMem_reg[8][5]                                                                  |    <0.001 |
|       UART_TXFF/iFIFOMem_reg[8][6]                                                                  |    <0.001 |
|       UART_TXFF/iFIFOMem_reg[8][7]                                                                  |    <0.001 |
|       UART_TXFF/iFIFOMem_reg[9][0]                                                                  |    <0.001 |
|       UART_TXFF/iFIFOMem_reg[9][1]                                                                  |    <0.001 |
|       UART_TXFF/iFIFOMem_reg[9][2]                                                                  |    <0.001 |
|       UART_TXFF/iFIFOMem_reg[9][3]                                                                  |    <0.001 |
|       UART_TXFF/iFIFOMem_reg[9][4]                                                                  |    <0.001 |
|       UART_TXFF/iFIFOMem_reg[9][5]                                                                  |    <0.001 |
|       UART_TXFF/iFIFOMem_reg[9][6]                                                                  |    <0.001 |
|       UART_TXFF/iFIFOMem_reg[9][7]                                                                  |    <0.001 |
|       UART_TXFF/iRDAddr_reg[0]                                                                      |    <0.001 |
|       UART_TXFF/iRDAddr_reg[1]                                                                      |    <0.001 |
|       UART_TXFF/iRDAddr_reg[2]                                                                      |    <0.001 |
|       UART_TXFF/iRDAddr_reg[3]                                                                      |    <0.001 |
|       UART_TXFF/iRDAddr_reg[4]                                                                      |    <0.001 |
|       UART_TXFF/iRDAddr_reg[5]                                                                      |    <0.001 |
|       UART_TXFF/iRDAddr_reg[6]                                                                      |    <0.001 |
|       UART_TXFF/iUSAGE_reg[0]                                                                       |    <0.001 |
|       UART_TXFF/iUSAGE_reg[1]                                                                       |    <0.001 |
|       UART_TXFF/iUSAGE_reg[2]                                                                       |    <0.001 |
|       UART_TXFF/iUSAGE_reg[3]                                                                       |    <0.001 |
|       UART_TXFF/iUSAGE_reg[4]                                                                       |    <0.001 |
|       UART_TXFF/iWRAddr_reg[0]                                                                      |    <0.001 |
|       UART_TXFF/iWRAddr_reg[1]                                                                      |    <0.001 |
|       UART_TXFF/iWRAddr_reg[2]                                                                      |    <0.001 |
|       UART_TXFF/iWRAddr_reg[3]                                                                      |    <0.001 |
|       UART_TXFF/iWRAddr_reg[4]                                                                      |    <0.001 |
|       UART_TXFF/iWRAddr_reg[5]                                                                      |    <0.001 |
|       UART_TXFF/iWRAddr_reg[6]                                                                      |    <0.001 |
|       iA_reg[0]                                                                                     |    <0.001 |
|       iA_reg[1]                                                                                     |    <0.001 |
|       iA_reg[2]                                                                                     |    <0.001 |
|       iCharTimeout_reg                                                                              |    <0.001 |
|       iDIN_reg[0]                                                                                   |    <0.001 |
|       iDIN_reg[1]                                                                                   |    <0.001 |
|       iDIN_reg[2]                                                                                   |    <0.001 |
|       iDIN_reg[3]                                                                                   |    <0.001 |
|       iDIN_reg[4]                                                                                   |    <0.001 |
|       iDIN_reg[5]                                                                                   |    <0.001 |
|       iDIN_reg[6]                                                                                   |    <0.001 |
|       iDIN_reg[7]                                                                                   |    <0.001 |
|       iDLL_reg[0]                                                                                   |    <0.001 |
|       iDLL_reg[1]                                                                                   |    <0.001 |
|       iDLL_reg[2]                                                                                   |    <0.001 |
|       iDLL_reg[3]                                                                                   |    <0.001 |
|       iDLL_reg[4]                                                                                   |    <0.001 |
|       iDLL_reg[5]                                                                                   |    <0.001 |
|       iDLL_reg[6]                                                                                   |    <0.001 |
|       iDLL_reg[7]                                                                                   |    <0.001 |
|       iDLM_reg[0]                                                                                   |    <0.001 |
|       iDLM_reg[1]                                                                                   |    <0.001 |
|       iDLM_reg[2]                                                                                   |    <0.001 |
|       iDLM_reg[3]                                                                                   |    <0.001 |
|       iDLM_reg[4]                                                                                   |    <0.001 |
|       iDLM_reg[5]                                                                                   |    <0.001 |
|       iDLM_reg[6]                                                                                   |    <0.001 |
|       iDLM_reg[7]                                                                                   |    <0.001 |
|       iFCR_FIFO64E_reg                                                                              |    <0.001 |
|       iFCR_FIFOEnable_reg                                                                           |    <0.001 |
|       iFCR_RXFIFOReset_reg                                                                          |    <0.001 |
|       iFCR_RXTrigger_reg[0]                                                                         |    <0.001 |
|       iFCR_RXTrigger_reg[1]                                                                         |    <0.001 |
|       iFCR_TXFIFOReset_reg                                                                          |    <0.001 |
|       iFECounter_reg[0]                                                                             |    <0.001 |
|       iFECounter_reg[1]                                                                             |    <0.001 |
|       iFECounter_reg[2]                                                                             |    <0.001 |
|       iFECounter_reg[3]                                                                             |    <0.001 |
|       iFECounter_reg[4]                                                                             |    <0.001 |
|       iFECounter_reg[5]                                                                             |    <0.001 |
|       iFECounter_reg[6]                                                                             |    <0.001 |
|       iIER_reg[0]                                                                                   |    <0.001 |
|       iIER_reg[1]                                                                                   |    <0.001 |
|       iIER_reg[2]                                                                                   |    <0.001 |
|       iIER_reg[3]                                                                                   |    <0.001 |
|       iLCR_reg[0]                                                                                   |    <0.001 |
|       iLCR_reg[1]                                                                                   |    <0.001 |
|       iLCR_reg[2]                                                                                   |    <0.001 |
|       iLCR_reg[3]                                                                                   |    <0.001 |
|       iLCR_reg[4]                                                                                   |    <0.001 |
|       iLCR_reg[5]                                                                                   |    <0.001 |
|       iLCR_reg[6]                                                                                   |    <0.001 |
|       iLCR_reg[7]                                                                                   |    <0.001 |
|       iLSR_BI_reg                                                                                   |    <0.001 |
|       iLSR_FE_reg                                                                                   |    <0.001 |
|       iLSR_FIFOERR_reg                                                                              |    <0.001 |
|       iLSR_OE_reg                                                                                   |    <0.001 |
|       iLSR_PE_reg                                                                                   |    <0.001 |
|       iMCR_reg[0]                                                                                   |    <0.001 |
|       iMCR_reg[1]                                                                                   |    <0.001 |
|       iMCR_reg[2]                                                                                   |    <0.001 |
|       iMCR_reg[3]                                                                                   |    <0.001 |
|       iMCR_reg[4]                                                                                   |    <0.001 |
|       iMCR_reg[5]                                                                                   |    <0.001 |
|       iMSR_TERI_reg                                                                                 |    <0.001 |
|       iMSR_dCTS_reg                                                                                 |    <0.001 |
|       iMSR_dDCD_reg                                                                                 |    <0.001 |
|       iMSR_dDSR_reg                                                                                 |    <0.001 |
|       iRTS_reg                                                                                      |    <0.001 |
|       iRXFIFOClear_reg                                                                              |    <0.001 |
|       iRXFIFOD_reg[0]                                                                               |    <0.001 |
|       iRXFIFOD_reg[10]                                                                              |    <0.001 |
|       iRXFIFOD_reg[1]                                                                               |    <0.001 |
|       iRXFIFOD_reg[2]                                                                               |    <0.001 |
|       iRXFIFOD_reg[3]                                                                               |    <0.001 |
|       iRXFIFOD_reg[4]                                                                               |    <0.001 |
|       iRXFIFOD_reg[5]                                                                               |    <0.001 |
|       iRXFIFOD_reg[6]                                                                               |    <0.001 |
|       iRXFIFOD_reg[7]                                                                               |    <0.001 |
|       iRXFIFOD_reg[8]                                                                               |    <0.001 |
|       iRXFIFOD_reg[9]                                                                               |    <0.001 |
|       iRXFIFOWrite_reg                                                                              |    <0.001 |
|       iSCR_reg[0]                                                                                   |    <0.001 |
|       iSCR_reg[1]                                                                                   |    <0.001 |
|       iSCR_reg[2]                                                                                   |    <0.001 |
|       iSCR_reg[3]                                                                                   |    <0.001 |
|       iSCR_reg[4]                                                                                   |    <0.001 |
|       iSCR_reg[5]                                                                                   |    <0.001 |
|       iSCR_reg[6]                                                                                   |    <0.001 |
|       iSCR_reg[7]                                                                                   |    <0.001 |
|       iTHRInterrupt_reg                                                                             |    <0.001 |
|       iTSR_reg[0]                                                                                   |    <0.001 |
|       iTSR_reg[1]                                                                                   |    <0.001 |
|       iTSR_reg[2]                                                                                   |    <0.001 |
|       iTSR_reg[3]                                                                                   |    <0.001 |
|       iTSR_reg[4]                                                                                   |    <0.001 |
|       iTSR_reg[5]                                                                                   |    <0.001 |
|       iTSR_reg[6]                                                                                   |    <0.001 |
|       iTSR_reg[7]                                                                                   |    <0.001 |
|       iTXFIFORead_reg                                                                               |    <0.001 |
|       iTXRunning_reg                                                                                |    <0.001 |
|       iTXStart_reg                                                                                  |    <0.001 |
|       iTimeoutCount_reg[0]                                                                          |    <0.001 |
|       iTimeoutCount_reg[1]                                                                          |    <0.001 |
|       iTimeoutCount_reg[2]                                                                          |    <0.001 |
|       iTimeoutCount_reg[3]                                                                          |    <0.001 |
|       iTimeoutCount_reg[4]                                                                          |    <0.001 |
|       iTimeoutCount_reg[5]                                                                          |    <0.001 |
|     U8253                                                                                           |     0.002 |
|       count2                                                                                        |    <0.001 |
|       count3                                                                                        |    <0.001 |
|       ucount1                                                                                       |    <0.001 |
|     U8259                                                                                           |    <0.001 |
|     uspi_0                                                                                          |    <0.001 |
|   rstgen                                                                                            |    <0.001 |
|   v586                                                                                              |     0.157 |
|     ubiu                                                                                            |     0.014 |
|       datacache1                                                                                    |     0.003 |
|     ucore                                                                                           |     0.143 |
|       i_Dtlb                                                                                        |     0.002 |
|       i_Itlb                                                                                        |     0.002 |
|       i_cpu                                                                                         |     0.078 |
|         i_acu                                                                                       |     0.002 |
|         i_deco                                                                                      |     0.026 |
|         i_vliw                                                                                      |     0.050 |
|           synthetic_op                                                                              |     0.004 |
|       i_useq                                                                                        |     0.061 |
|         c1                                                                                          |     0.007 |
|         c2                                                                                          |     0.007 |
|         c3                                                                                          |     0.007 |
|         c4                                                                                          |     0.008 |
+-----------------------------------------------------------------------------------------------------+-----------+


