
*** Running vivado
    with args -log TOP_SYS.vds -m64 -mode batch -messageDb vivado.pb -notrace -source TOP_SYS.tcl

WARNING: Default location for XILINX_VIVADO_HLS not found: 

****** Vivado v2015.2 (64-bit)
  **** SW Build 1266856 on Fri Jun 26 16:35:25 MDT 2015
  **** IP Build 1264090 on Wed Jun 24 14:22:01 MDT 2015
    ** Copyright 1986-2015 Xilinx, Inc. All Rights Reserved.

source TOP_SYS.tcl -notrace
WARNING: [Board 49-26] cannot add Board Part digilentinc.com:zybo:part0:1.0 available at /opt/Xilinx/Vivado/2015.2/data/boards/board_files/zybo/B.3/board.xml as part xc7z010clg400-1 specified in board_part file is either invalid or not available
Command: synth_design -top TOP_SYS -part xc7a100tcsg324-1 -fanout_limit 400 -fsm_extraction one_hot -keep_equivalent_registers -resource_sharing off -no_lc -shreg_min_size 5
Starting synth_design
Attempting to get a license for feature 'Synthesis' and/or device 'xc7a100t'
INFO: [Common 17-349] Got license for feature 'Synthesis' and/or device 'xc7a100t'
---------------------------------------------------------------------------------
Starting RTL Elaboration : Time (s): cpu = 00:00:05 ; elapsed = 00:00:05 . Memory (MB): peak = 954.168 ; gain = 145.520 ; free physical = 1710 ; free virtual = 6413
---------------------------------------------------------------------------------
INFO: [Synth 8-638] synthesizing module 'TOP_SYS' [/home/leo/cpu/vault.memo/v10.8ddr/TOP_SYS.v:3]
INFO: [Synth 8-638] synthesizing module 'clk_wiz_0' [/home/leo/cpu/vault.memo/v10.8ddr/clk_wiz_0.v:69]
INFO: [Synth 8-638] synthesizing module 'IBUF' [/opt/Xilinx/Vivado/2015.2/scripts/rt/data/unisim_comp.v:10256]
	Parameter CAPACITANCE bound to: DONT_CARE - type: string 
	Parameter IBUF_DELAY_VALUE bound to: 0 - type: string 
	Parameter IBUF_LOW_PWR bound to: TRUE - type: string 
	Parameter IFD_DELAY_VALUE bound to: AUTO - type: string 
	Parameter IOSTANDARD bound to: DEFAULT - type: string 
INFO: [Synth 8-256] done synthesizing module 'IBUF' (1#1) [/opt/Xilinx/Vivado/2015.2/scripts/rt/data/unisim_comp.v:10256]
INFO: [Synth 8-638] synthesizing module 'MMCME2_ADV' [/opt/Xilinx/Vivado/2015.2/scripts/rt/data/unisim_comp.v:15999]
	Parameter BANDWIDTH bound to: OPTIMIZED - type: string 
	Parameter CLKFBOUT_MULT_F bound to: 10.000000 - type: float 
	Parameter CLKFBOUT_PHASE bound to: 0.000000 - type: float 
	Parameter CLKFBOUT_USE_FINE_PS bound to: FALSE - type: string 
	Parameter CLKIN1_PERIOD bound to: 10.000000 - type: float 
	Parameter CLKIN2_PERIOD bound to: 0.000000 - type: float 
	Parameter CLKOUT0_DIVIDE_F bound to: 10.000000 - type: float 
	Parameter CLKOUT0_DUTY_CYCLE bound to: 0.500000 - type: float 
	Parameter CLKOUT0_PHASE bound to: 0.000000 - type: float 
	Parameter CLKOUT0_USE_FINE_PS bound to: FALSE - type: string 
	Parameter CLKOUT1_DIVIDE bound to: 40 - type: integer 
	Parameter CLKOUT1_DUTY_CYCLE bound to: 0.500000 - type: float 
	Parameter CLKOUT1_PHASE bound to: 0.000000 - type: float 
	Parameter CLKOUT1_USE_FINE_PS bound to: FALSE - type: string 
	Parameter CLKOUT2_DIVIDE bound to: 5 - type: integer 
	Parameter CLKOUT2_DUTY_CYCLE bound to: 0.500000 - type: float 
	Parameter CLKOUT2_PHASE bound to: 0.000000 - type: float 
	Parameter CLKOUT2_USE_FINE_PS bound to: FALSE - type: string 
	Parameter CLKOUT3_DIVIDE bound to: 1 - type: integer 
	Parameter CLKOUT3_DUTY_CYCLE bound to: 0.500000 - type: float 
	Parameter CLKOUT3_PHASE bound to: 0.000000 - type: float 
	Parameter CLKOUT3_USE_FINE_PS bound to: FALSE - type: string 
	Parameter CLKOUT4_CASCADE bound to: FALSE - type: string 
	Parameter CLKOUT4_DIVIDE bound to: 1 - type: integer 
	Parameter CLKOUT4_DUTY_CYCLE bound to: 0.500000 - type: float 
	Parameter CLKOUT4_PHASE bound to: 0.000000 - type: float 
	Parameter CLKOUT4_USE_FINE_PS bound to: FALSE - type: string 
	Parameter CLKOUT5_DIVIDE bound to: 1 - type: integer 
	Parameter CLKOUT5_DUTY_CYCLE bound to: 0.500000 - type: float 
	Parameter CLKOUT5_PHASE bound to: 0.000000 - type: float 
	Parameter CLKOUT5_USE_FINE_PS bound to: FALSE - type: string 
	Parameter CLKOUT6_DIVIDE bound to: 1 - type: integer 
	Parameter CLKOUT6_DUTY_CYCLE bound to: 0.500000 - type: float 
	Parameter CLKOUT6_PHASE bound to: 0.000000 - type: float 
	Parameter CLKOUT6_USE_FINE_PS bound to: FALSE - type: string 
	Parameter COMPENSATION bound to: ZHOLD - type: string 
	Parameter DIVCLK_DIVIDE bound to: 1 - type: integer 
	Parameter IS_CLKINSEL_INVERTED bound to: 1'b0 
	Parameter IS_PSEN_INVERTED bound to: 1'b0 
	Parameter IS_PSINCDEC_INVERTED bound to: 1'b0 
	Parameter IS_PWRDWN_INVERTED bound to: 1'b0 
	Parameter IS_RST_INVERTED bound to: 1'b0 
	Parameter REF_JITTER1 bound to: 0.010000 - type: float 
	Parameter REF_JITTER2 bound to: 0.010000 - type: float 
	Parameter SS_EN bound to: FALSE - type: string 
	Parameter SS_MODE bound to: CENTER_HIGH - type: string 
	Parameter SS_MOD_PERIOD bound to: 10000 - type: integer 
	Parameter STARTUP_WAIT bound to: FALSE - type: string 
INFO: [Synth 8-256] done synthesizing module 'MMCME2_ADV' (2#1) [/opt/Xilinx/Vivado/2015.2/scripts/rt/data/unisim_comp.v:15999]
INFO: [Synth 8-638] synthesizing module 'BUFG' [/opt/Xilinx/Vivado/2015.2/scripts/rt/data/unisim_comp.v:607]
INFO: [Synth 8-256] done synthesizing module 'BUFG' (3#1) [/opt/Xilinx/Vivado/2015.2/scripts/rt/data/unisim_comp.v:607]
INFO: [Synth 8-256] done synthesizing module 'clk_wiz_0' (4#1) [/home/leo/cpu/vault.memo/v10.8ddr/clk_wiz_0.v:69]
INFO: [Synth 8-638] synthesizing module 'RSTGEN' [/home/leo/cpu/vault.memo/v10.8ddr/rstgen.V:27]
INFO: [Synth 8-256] done synthesizing module 'RSTGEN' (5#1) [/home/leo/cpu/vault.memo/v10.8ddr/rstgen.V:27]
WARNING: [Synth 8-4446] all outputs are unconnected for this instance and logic may be removed [/home/leo/cpu/vault.memo/v10.8ddr/TOP_SYS.v:213]
INFO: [Synth 8-638] synthesizing module 'STARTUPE2' [/opt/Xilinx/Vivado/2015.2/scripts/rt/data/unisim_comp.v:34708]
	Parameter PROG_USR bound to: FALSE - type: string 
	Parameter SIM_CCLK_FREQ bound to: 0.000000 - type: float 
INFO: [Synth 8-256] done synthesizing module 'STARTUPE2' (6#1) [/opt/Xilinx/Vivado/2015.2/scripts/rt/data/unisim_comp.v:34708]
INFO: [Synth 8-638] synthesizing module 'v586' [/home/leo/cpu/vault.memo/v10.8ddr/v586.v:9]
INFO: [Synth 8-638] synthesizing module 'core' [/home/leo/cpu/vault.memo/v10.8ddr/core.v:9]
INFO: [Synth 8-638] synthesizing module 'useq' [/home/leo/cpu/vault.memo/v10.8ddr/useq_cache_8k_ddr.v:8]
INFO: [Synth 8-638] synthesizing module 'cacheram' [/home/leo/cpu/vault.memo/v10.8ddr/cacheram.v:1]
INFO: [Synth 8-256] done synthesizing module 'cacheram' (7#1) [/home/leo/cpu/vault.memo/v10.8ddr/cacheram.v:1]
WARNING: [Synth 8-3848] Net wen4f in module/entity useq does not have driver. [/home/leo/cpu/vault.memo/v10.8ddr/useq_cache_8k_ddr.v:38]
WARNING: [Synth 8-3848] Net wen3f in module/entity useq does not have driver. [/home/leo/cpu/vault.memo/v10.8ddr/useq_cache_8k_ddr.v:38]
INFO: [Synth 8-256] done synthesizing module 'useq' (8#1) [/home/leo/cpu/vault.memo/v10.8ddr/useq_cache_8k_ddr.v:8]
INFO: [Synth 8-638] synthesizing module 'cpu' [/home/leo/cpu/vault.memo/v10.8ddr/cpu.v:1]
INFO: [Synth 8-638] synthesizing module 'deco' [/home/leo/cpu/vault.memo/v10.8ddr/deco.v:18]
INFO: [Synth 8-638] synthesizing module 'deco8' [/home/leo/cpu/vault.memo/v10.8ddr/deco8.v:5]
INFO: [Synth 8-256] done synthesizing module 'deco8' (9#1) [/home/leo/cpu/vault.memo/v10.8ddr/deco8.v:5]
INFO: [Synth 8-638] synthesizing module 'deco_rm' [/home/leo/cpu/vault.memo/v10.8ddr/deco_rm.v:5]
INFO: [Synth 8-256] done synthesizing module 'deco_rm' (10#1) [/home/leo/cpu/vault.memo/v10.8ddr/deco_rm.v:5]
INFO: [Synth 8-638] synthesizing module 'udecox' [/home/leo/cpu/vault.memo/v10.8ddr/udecox.v:10]
WARNING: [Synth 8-151] case item 31'b00xxxxxxxxxxx0xx1xxxxxx10001001 is unreachable [/home/leo/cpu/vault.memo/v10.8ddr/udecox.v:37]
WARNING: [Synth 8-151] case item 31'b00xxxxxxxxxxx0xx1xxxxxx10001011 is unreachable [/home/leo/cpu/vault.memo/v10.8ddr/udecox.v:37]
WARNING: [Synth 8-151] case item 31'b00xxxxxxxxxxx0xx1xxxxxx100010x1 is unreachable [/home/leo/cpu/vault.memo/v10.8ddr/udecox.v:37]
WARNING: [Synth 8-151] case item 31'b00xxxxxxxxxxx0xx1xxx0xx11001111 is unreachable [/home/leo/cpu/vault.memo/v10.8ddr/udecox.v:37]
WARNING: [Synth 8-151] case item 31'b00xxxxxxxxxxx0xx1xxx1xx11001111 is unreachable [/home/leo/cpu/vault.memo/v10.8ddr/udecox.v:37]
WARNING: [Synth 8-151] case item 31'b00xxxxxxxxxxx0xx0xxxxxx11001111 is unreachable [/home/leo/cpu/vault.memo/v10.8ddr/udecox.v:37]
WARNING: [Synth 8-151] case item 31'b00xxxxxxxxxxx0xx1xxxxxx11001111 is unreachable [/home/leo/cpu/vault.memo/v10.8ddr/udecox.v:37]
WARNING: [Synth 8-151] case item 31'b00xxxxxxxxxxx0xx0xxxxxx11001111 is unreachable [/home/leo/cpu/vault.memo/v10.8ddr/udecox.v:37]
WARNING: [Synth 8-567] referenced signal 'modrm' should be on the sensitivity list [/home/leo/cpu/vault.memo/v10.8ddr/udecox.v:32]
INFO: [Synth 8-256] done synthesizing module 'udecox' (11#1) [/home/leo/cpu/vault.memo/v10.8ddr/udecox.v:10]
INFO: [Synth 8-155] case statement is not full and has no default [/home/leo/cpu/vault.memo/v10.8ddr/deco.v:254]
INFO: [Synth 8-256] done synthesizing module 'deco' (12#1) [/home/leo/cpu/vault.memo/v10.8ddr/deco.v:18]
INFO: [Synth 8-638] synthesizing module 'acu' [/home/leo/cpu/vault.memo/v10.8ddr/acu.v:9]
INFO: [Synth 8-256] done synthesizing module 'acu' (13#1) [/home/leo/cpu/vault.memo/v10.8ddr/acu.v:9]
INFO: [Synth 8-638] synthesizing module 'vliw' [/home/leo/cpu/vault.memo/v10.8ddr/vliw.v:9]
INFO: [Synth 8-638] synthesizing module 'synthetic_op' [/home/leo/cpu/vault.memo/v10.8ddr/synthetic_op.v:3]
INFO: [Synth 8-256] done synthesizing module 'synthetic_op' (14#1) [/home/leo/cpu/vault.memo/v10.8ddr/synthetic_op.v:3]
INFO: [Synth 8-638] synthesizing module 'shiftbox' [/home/leo/cpu/vault.memo/v10.8ddr/shiftbox.v:3]
INFO: [Synth 8-256] done synthesizing module 'shiftbox' (15#1) [/home/leo/cpu/vault.memo/v10.8ddr/shiftbox.v:3]
INFO: [Synth 8-638] synthesizing module 'arithbox' [/home/leo/cpu/vault.memo/v10.8ddr/arithbox.v:5]
INFO: [Synth 8-256] done synthesizing module 'arithbox' (16#1) [/home/leo/cpu/vault.memo/v10.8ddr/arithbox.v:5]
INFO: [Synth 8-155] case statement is not full and has no default [/home/leo/cpu/vault.memo/v10.8ddr/vliw.v:500]
INFO: [Synth 8-155] case statement is not full and has no default [/home/leo/cpu/vault.memo/v10.8ddr/vliw.v:532]
INFO: [Synth 8-155] case statement is not full and has no default [/home/leo/cpu/vault.memo/v10.8ddr/vliw.v:896]
INFO: [Synth 8-155] case statement is not full and has no default [/home/leo/cpu/vault.memo/v10.8ddr/vliw.v:917]
INFO: [Synth 8-155] case statement is not full and has no default [/home/leo/cpu/vault.memo/v10.8ddr/vliw.v:386]
INFO: [Synth 8-155] case statement is not full and has no default [/home/leo/cpu/vault.memo/v10.8ddr/vliw.v:1115]
INFO: [Synth 8-256] done synthesizing module 'vliw' (17#1) [/home/leo/cpu/vault.memo/v10.8ddr/vliw.v:9]
WARNING: [Synth 8-350] instance 'i_vliw' of module 'vliw' requires 50 connections, but only 49 given [/home/leo/cpu/vault.memo/v10.8ddr/cpu.v:103]
INFO: [Synth 8-256] done synthesizing module 'cpu' (18#1) [/home/leo/cpu/vault.memo/v10.8ddr/cpu.v:1]
INFO: [Synth 8-638] synthesizing module 'Dtlb' [/home/leo/cpu/vault.memo/v10.8ddr/Dtlb.v:1]
INFO: [Synth 8-638] synthesizing module 'cmp14' [/home/leo/cpu/vault.memo/v10.8ddr/cmp14.v:4]
INFO: [Synth 8-256] done synthesizing module 'cmp14' (19#1) [/home/leo/cpu/vault.memo/v10.8ddr/cmp14.v:4]
WARNING: [Synth 8-350] instance 'd1' of module 'cmp14' requires 4 connections, but only 3 given [/home/leo/cpu/vault.memo/v10.8ddr/Dtlb.v:83]
WARNING: [Synth 8-350] instance 'd2' of module 'cmp14' requires 4 connections, but only 3 given [/home/leo/cpu/vault.memo/v10.8ddr/Dtlb.v:84]
INFO: [Synth 8-155] case statement is not full and has no default [/home/leo/cpu/vault.memo/v10.8ddr/Dtlb.v:206]
INFO: [Synth 8-256] done synthesizing module 'Dtlb' (20#1) [/home/leo/cpu/vault.memo/v10.8ddr/Dtlb.v:1]
INFO: [Synth 8-638] synthesizing module 'Itlb' [/home/leo/cpu/vault.memo/v10.8ddr/Itlb.v:1]
WARNING: [Synth 8-350] instance 'd1' of module 'cmp14' requires 4 connections, but only 3 given [/home/leo/cpu/vault.memo/v10.8ddr/Itlb.v:72]
WARNING: [Synth 8-350] instance 'd2' of module 'cmp14' requires 4 connections, but only 3 given [/home/leo/cpu/vault.memo/v10.8ddr/Itlb.v:73]
INFO: [Synth 8-155] case statement is not full and has no default [/home/leo/cpu/vault.memo/v10.8ddr/Itlb.v:195]
INFO: [Synth 8-256] done synthesizing module 'Itlb' (21#1) [/home/leo/cpu/vault.memo/v10.8ddr/Itlb.v:1]
INFO: [Synth 8-256] done synthesizing module 'core' (22#1) [/home/leo/cpu/vault.memo/v10.8ddr/core.v:9]
INFO: [Synth 8-638] synthesizing module 'biu32_axi' [/home/leo/cpu/vault.memo/v10.8ddr/biu32_axi.v:1]
INFO: [Synth 8-638] synthesizing module 'datacache' [/home/leo/cpu/vault.memo/v10.8ddr/datacache.v:10]
INFO: [Synth 8-256] done synthesizing module 'datacache' (23#1) [/home/leo/cpu/vault.memo/v10.8ddr/datacache.v:10]
INFO: [Synth 8-155] case statement is not full and has no default [/home/leo/cpu/vault.memo/v10.8ddr/biu32_axi.v:251]
INFO: [Synth 8-256] done synthesizing module 'biu32_axi' (24#1) [/home/leo/cpu/vault.memo/v10.8ddr/biu32_axi.v:1]
WARNING: [Synth 8-3848] Net m01_AXI_BREADY in module/entity v586 does not have driver. [/home/leo/cpu/vault.memo/v10.8ddr/v586.v:108]
INFO: [Synth 8-256] done synthesizing module 'v586' (25#1) [/home/leo/cpu/vault.memo/v10.8ddr/v586.v:9]
WARNING: [Synth 8-689] width (4) of port connection 'm01_AXI_ARLEN' does not match port width (8) of module 'v586' [/home/leo/cpu/vault.memo/v10.8ddr/TOP_SYS.v:244]
INFO: [Synth 8-638] synthesizing module 'ddr_axi' [/home/leo/cpu/vault.memo/v10.8ddr/v10.8ddr/v10.8ddr.runs/synth_1/.Xil/Vivado-13926-dev-machine/realtime/ddr_axi_stub.v:6]
INFO: [Synth 8-256] done synthesizing module 'ddr_axi' (26#1) [/home/leo/cpu/vault.memo/v10.8ddr/v10.8ddr/v10.8ddr.runs/synth_1/.Xil/Vivado-13926-dev-machine/realtime/ddr_axi_stub.v:6]
INFO: [Synth 8-638] synthesizing module 'axi_rom' [/home/leo/cpu/vault.memo/v10.8ddr/axi_rom.v:4]
INFO: [Synth 8-3876] $readmem data file '/home/leo/cpu/vault.memo/v10.8ddr/boot.mem' is read successfully [/home/leo/cpu/vault.memo/v10.8ddr/axi_rom.v:44]
INFO: [Synth 8-256] done synthesizing module 'axi_rom' (27#1) [/home/leo/cpu/vault.memo/v10.8ddr/axi_rom.v:4]
INFO: [Synth 8-638] synthesizing module 'axi_ethernetlite_0' [/home/leo/cpu/vault.memo/v10.8ddr/v10.8ddr/v10.8ddr.runs/synth_1/.Xil/Vivado-13926-dev-machine/realtime/axi_ethernetlite_0_stub.v:7]
INFO: [Synth 8-256] done synthesizing module 'axi_ethernetlite_0' (28#1) [/home/leo/cpu/vault.memo/v10.8ddr/v10.8ddr/v10.8ddr.runs/synth_1/.Xil/Vivado-13926-dev-machine/realtime/axi_ethernetlite_0_stub.v:7]
INFO: [Synth 8-638] synthesizing module 'IOBUF' [/opt/Xilinx/Vivado/2015.2/scripts/rt/data/unisim_comp.v:12936]
	Parameter DRIVE bound to: 12 - type: integer 
	Parameter IBUF_LOW_PWR bound to: TRUE - type: string 
	Parameter IOSTANDARD bound to: DEFAULT - type: string 
	Parameter SLEW bound to: SLOW - type: string 
INFO: [Synth 8-256] done synthesizing module 'IOBUF' (29#1) [/opt/Xilinx/Vivado/2015.2/scripts/rt/data/unisim_comp.v:12936]
INFO: [Synth 8-638] synthesizing module 'axi_crossbar_0' [/home/leo/cpu/vault.memo/v10.8ddr/v10.8ddr/v10.8ddr.runs/synth_1/.Xil/Vivado-13926-dev-machine/realtime/axi_crossbar_0_stub.v:7]
INFO: [Synth 8-256] done synthesizing module 'axi_crossbar_0' (30#1) [/home/leo/cpu/vault.memo/v10.8ddr/v10.8ddr/v10.8ddr.runs/synth_1/.Xil/Vivado-13926-dev-machine/realtime/axi_crossbar_0_stub.v:7]
WARNING: [Synth 8-350] instance 'i_axi_crossbar_0' of module 'axi_crossbar_0' requires 80 connections, but only 74 given [/home/leo/cpu/vault.memo/v10.8ddr/TOP_SYS.v:410]
INFO: [Synth 8-638] synthesizing module 'periph' [/home/leo/cpu/vault.memo/v10.8ddr/periph.v:1]
INFO: [Synth 8-638] synthesizing module 'uart_16750' [/home/leo/cpu/vault.memo/v10.8ddr/uart_16750.v:7]
INFO: [Synth 8-638] synthesizing module 'notech_reg' [/home/leo/cpu/vault.memo/v10.8ddr/notech/notech_reg.v:1]
INFO: [Synth 8-256] done synthesizing module 'notech_reg' (31#1) [/home/leo/cpu/vault.memo/v10.8ddr/notech/notech_reg.v:1]
INFO: [Synth 8-638] synthesizing module 'notech_reg_set' [/home/leo/cpu/vault.memo/v10.8ddr/notech/notech_reg_set.v:1]
INFO: [Synth 8-256] done synthesizing module 'notech_reg_set' (32#1) [/home/leo/cpu/vault.memo/v10.8ddr/notech/notech_reg_set.v:1]
INFO: [Synth 8-638] synthesizing module 'notech_inv' [/home/leo/cpu/vault.memo/v10.8ddr/notech/notech_inv.v:1]
INFO: [Synth 8-256] done synthesizing module 'notech_inv' (33#1) [/home/leo/cpu/vault.memo/v10.8ddr/notech/notech_inv.v:1]
INFO: [Synth 8-638] synthesizing module 'notech_mux2' [/home/leo/cpu/vault.memo/v10.8ddr/notech/notech_mux2.v:1]
INFO: [Synth 8-256] done synthesizing module 'notech_mux2' (34#1) [/home/leo/cpu/vault.memo/v10.8ddr/notech/notech_mux2.v:1]
INFO: [Synth 8-638] synthesizing module 'notech_and2' [/home/leo/cpu/vault.memo/v10.8ddr/notech/notech_and2.v:1]
INFO: [Synth 8-256] done synthesizing module 'notech_and2' (35#1) [/home/leo/cpu/vault.memo/v10.8ddr/notech/notech_and2.v:1]
INFO: [Synth 8-638] synthesizing module 'notech_nao3' [/home/leo/cpu/vault.memo/v10.8ddr/notech/notech_nao3.v:1]
INFO: [Synth 8-256] done synthesizing module 'notech_nao3' (36#1) [/home/leo/cpu/vault.memo/v10.8ddr/notech/notech_nao3.v:1]
INFO: [Synth 8-638] synthesizing module 'notech_or2' [/home/leo/cpu/vault.memo/v10.8ddr/notech/notech_or2.v:1]
INFO: [Synth 8-256] done synthesizing module 'notech_or2' (37#1) [/home/leo/cpu/vault.memo/v10.8ddr/notech/notech_or2.v:1]
INFO: [Synth 8-638] synthesizing module 'notech_nor2' [/home/leo/cpu/vault.memo/v10.8ddr/notech/notech_nor2.v:1]
INFO: [Synth 8-256] done synthesizing module 'notech_nor2' (38#1) [/home/leo/cpu/vault.memo/v10.8ddr/notech/notech_nor2.v:1]
INFO: [Synth 8-638] synthesizing module 'notech_nand2' [/home/leo/cpu/vault.memo/v10.8ddr/notech/notech_nand2.v:1]
INFO: [Synth 8-256] done synthesizing module 'notech_nand2' (39#1) [/home/leo/cpu/vault.memo/v10.8ddr/notech/notech_nand2.v:1]
INFO: [Synth 8-638] synthesizing module 'notech_and4' [/home/leo/cpu/vault.memo/v10.8ddr/notech/notech_and4.v:1]
INFO: [Synth 8-256] done synthesizing module 'notech_and4' (40#1) [/home/leo/cpu/vault.memo/v10.8ddr/notech/notech_and4.v:1]
INFO: [Synth 8-638] synthesizing module 'notech_nao4' [/home/leo/cpu/vault.memo/v10.8ddr/notech/notech_nao4.v:1]
INFO: [Synth 8-256] done synthesizing module 'notech_nao4' (41#1) [/home/leo/cpu/vault.memo/v10.8ddr/notech/notech_nao4.v:1]
INFO: [Synth 8-638] synthesizing module 'notech_ao3' [/home/leo/cpu/vault.memo/v10.8ddr/notech/notech_ao3.v:1]
INFO: [Synth 8-256] done synthesizing module 'notech_ao3' (42#1) [/home/leo/cpu/vault.memo/v10.8ddr/notech/notech_ao3.v:1]
INFO: [Synth 8-638] synthesizing module 'notech_and3' [/home/leo/cpu/vault.memo/v10.8ddr/notech/notech_and3.v:1]
INFO: [Synth 8-256] done synthesizing module 'notech_and3' (43#1) [/home/leo/cpu/vault.memo/v10.8ddr/notech/notech_and3.v:1]
INFO: [Synth 8-638] synthesizing module 'notech_nand3' [/home/leo/cpu/vault.memo/v10.8ddr/notech/notech_nand3.v:1]
INFO: [Synth 8-256] done synthesizing module 'notech_nand3' (44#1) [/home/leo/cpu/vault.memo/v10.8ddr/notech/notech_nand3.v:1]
INFO: [Synth 8-638] synthesizing module 'notech_or4' [/home/leo/cpu/vault.memo/v10.8ddr/notech/notech_or4.v:1]
INFO: [Synth 8-256] done synthesizing module 'notech_or4' (45#1) [/home/leo/cpu/vault.memo/v10.8ddr/notech/notech_or4.v:1]
INFO: [Synth 8-638] synthesizing module 'notech_nor4' [/home/leo/cpu/vault.memo/v10.8ddr/notech/notech_nor4.v:1]
INFO: [Synth 8-256] done synthesizing module 'notech_nor4' (46#1) [/home/leo/cpu/vault.memo/v10.8ddr/notech/notech_nor4.v:1]
INFO: [Synth 8-638] synthesizing module 'notech_xor2' [/home/leo/cpu/vault.memo/v10.8ddr/notech/notech_xor2.v:1]
INFO: [Synth 8-256] done synthesizing module 'notech_xor2' (47#1) [/home/leo/cpu/vault.memo/v10.8ddr/notech/notech_xor2.v:1]
INFO: [Synth 8-638] synthesizing module 'notech_ao4' [/home/leo/cpu/vault.memo/v10.8ddr/notech/notech_ao4.v:1]
INFO: [Synth 8-256] done synthesizing module 'notech_ao4' (48#1) [/home/leo/cpu/vault.memo/v10.8ddr/notech/notech_ao4.v:1]
INFO: [Synth 8-638] synthesizing module 'notech_ha2' [/home/leo/cpu/vault.memo/v10.8ddr/notech/notech_ha2.v:1]
INFO: [Synth 8-256] done synthesizing module 'notech_ha2' (49#1) [/home/leo/cpu/vault.memo/v10.8ddr/notech/notech_ha2.v:1]
INFO: [Synth 8-638] synthesizing module 'notech_mux4' [/home/leo/cpu/vault.memo/v10.8ddr/notech/notech_mux4.v:1]
INFO: [Synth 8-256] done synthesizing module 'notech_mux4' (50#1) [/home/leo/cpu/vault.memo/v10.8ddr/notech/notech_mux4.v:1]
INFO: [Synth 8-638] synthesizing module 'notech_fa2' [/home/leo/cpu/vault.memo/v10.8ddr/notech/notech_fa2.v:1]
INFO: [Synth 8-256] done synthesizing module 'notech_fa2' (51#1) [/home/leo/cpu/vault.memo/v10.8ddr/notech/notech_fa2.v:1]
WARNING: [Synth 8-350] instance 'UART_TX/U82' of module 'notech_fa2' requires 5 connections, but only 4 given [/home/leo/cpu/vault.memo/v10.8ddr/uart_16750.v:9786]
WARNING: [Synth 8-350] instance 'UART_TX/U81' of module 'notech_fa2' requires 5 connections, but only 4 given [/home/leo/cpu/vault.memo/v10.8ddr/uart_16750.v:9788]
WARNING: [Synth 8-350] instance 'UART_TX/U78' of module 'notech_fa2' requires 5 connections, but only 4 given [/home/leo/cpu/vault.memo/v10.8ddr/uart_16750.v:9791]
WARNING: [Synth 8-350] instance 'UART_RX/U104' of module 'notech_fa2' requires 5 connections, but only 4 given [/home/leo/cpu/vault.memo/v10.8ddr/uart_16750.v:9943]
WARNING: [Synth 8-350] instance 'UART_RX/U103' of module 'notech_fa2' requires 5 connections, but only 4 given [/home/leo/cpu/vault.memo/v10.8ddr/uart_16750.v:9945]
WARNING: [Synth 8-350] instance 'UART_RX/U101' of module 'notech_fa2' requires 5 connections, but only 4 given [/home/leo/cpu/vault.memo/v10.8ddr/uart_16750.v:9949]
WARNING: [Synth 8-350] instance 'r108/U1_0' of module 'notech_fa2' requires 5 connections, but only 4 given [/home/leo/cpu/vault.memo/v10.8ddr/uart_16750.v:10307]
WARNING: [Synth 8-350] instance 'r108/U1_6' of module 'notech_fa2' requires 5 connections, but only 4 given [/home/leo/cpu/vault.memo/v10.8ddr/uart_16750.v:10319]
INFO: [Synth 8-256] done synthesizing module 'uart_16750' (52#1) [/home/leo/cpu/vault.memo/v10.8ddr/uart_16750.v:7]
INFO: [Synth 8-638] synthesizing module 'v8259' [/home/leo/cpu/vault.memo/v10.8ddr/v8259.v:3]
INFO: [Synth 8-256] done synthesizing module 'v8259' (53#1) [/home/leo/cpu/vault.memo/v10.8ddr/v8259.v:3]
INFO: [Synth 8-638] synthesizing module 'v8253' [/home/leo/cpu/vault.memo/v10.8ddr/v8253.v:3]
INFO: [Synth 8-638] synthesizing module 'v8253_counter' [/home/leo/cpu/vault.memo/v10.8ddr/v8253_counter.v:3]
INFO: [Synth 8-256] done synthesizing module 'v8253_counter' (54#1) [/home/leo/cpu/vault.memo/v10.8ddr/v8253_counter.v:3]
INFO: [Synth 8-256] done synthesizing module 'v8253' (55#1) [/home/leo/cpu/vault.memo/v10.8ddr/v8253.v:3]
WARNING: [Synth 8-350] instance 'U8253' of module 'v8253' requires 16 connections, but only 14 given [/home/leo/cpu/vault.memo/v10.8ddr/periph.v:302]
INFO: [Synth 8-638] synthesizing module 'v8042' [/home/leo/cpu/vault.memo/v10.8ddr/v8042_stub.v:1]
INFO: [Synth 8-256] done synthesizing module 'v8042' (56#1) [/home/leo/cpu/vault.memo/v10.8ddr/v8042_stub.v:1]
INFO: [Synth 8-638] synthesizing module 'tiny_spi' [/home/leo/cpu/vault.memo/v10.8ddr/tiny_spi.v:41]
	Parameter BAUD_WIDTH bound to: 8 - type: integer 
	Parameter BAUD_DIV bound to: 0 - type: integer 
	Parameter SPI_MODE bound to: 0 - type: integer 
	Parameter BC_WIDTH bound to: 3 - type: integer 
	Parameter DIV_WIDTH bound to: 8 - type: integer 
	Parameter IDLE bound to: 0 - type: integer 
	Parameter PHASE1 bound to: 1 - type: integer 
	Parameter PHASE2 bound to: 2 - type: integer 
INFO: [Synth 8-155] case statement is not full and has no default [/home/leo/cpu/vault.memo/v10.8ddr/tiny_spi.v:126]
INFO: [Synth 8-256] done synthesizing module 'tiny_spi' (57#1) [/home/leo/cpu/vault.memo/v10.8ddr/tiny_spi.v:41]
WARNING: [Synth 8-689] width (4) of port connection 'adr_i' does not match port width (3) of module 'tiny_spi' [/home/leo/cpu/vault.memo/v10.8ddr/periph.v:320]
INFO: [Synth 8-256] done synthesizing module 'periph' (58#1) [/home/leo/cpu/vault.memo/v10.8ddr/periph.v:1]
WARNING: [Synth 8-689] width (8) of port connection 's00_AXI_AWLEN' does not match port width (4) of module 'periph' [/home/leo/cpu/vault.memo/v10.8ddr/TOP_SYS.v:522]
WARNING: [Synth 8-350] instance 'i_periph' of module 'periph' requires 47 connections, but only 45 given [/home/leo/cpu/vault.memo/v10.8ddr/TOP_SYS.v:492]
WARNING: [Synth 8-3848] Net PhyCrs in module/entity TOP_SYS does not have driver. [/home/leo/cpu/vault.memo/v10.8ddr/TOP_SYS.v:86]
WARNING: [Synth 8-3848] Net PhyTxEn in module/entity TOP_SYS does not have driver. [/home/leo/cpu/vault.memo/v10.8ddr/TOP_SYS.v:89]
WARNING: [Synth 8-3848] Net PhyTxd in module/entity TOP_SYS does not have driver. [/home/leo/cpu/vault.memo/v10.8ddr/TOP_SYS.v:90]
WARNING: [Synth 8-3848] Net rmii2mac_tx_clk in module/entity TOP_SYS does not have driver. [/home/leo/cpu/vault.memo/v10.8ddr/TOP_SYS.v:97]
WARNING: [Synth 8-3848] Net rmii2mac_rx_clk in module/entity TOP_SYS does not have driver. [/home/leo/cpu/vault.memo/v10.8ddr/TOP_SYS.v:98]
WARNING: [Synth 8-3848] Net rmii2mac_crs in module/entity TOP_SYS does not have driver. [/home/leo/cpu/vault.memo/v10.8ddr/TOP_SYS.v:99]
WARNING: [Synth 8-3848] Net rmii2mac_rx_dv in module/entity TOP_SYS does not have driver. [/home/leo/cpu/vault.memo/v10.8ddr/TOP_SYS.v:100]
WARNING: [Synth 8-3848] Net rmii2mac_rxd in module/entity TOP_SYS does not have driver. [/home/leo/cpu/vault.memo/v10.8ddr/TOP_SYS.v:101]
WARNING: [Synth 8-3848] Net rmii2mac_col in module/entity TOP_SYS does not have driver. [/home/leo/cpu/vault.memo/v10.8ddr/TOP_SYS.v:102]
WARNING: [Synth 8-3848] Net rmii2mac_rx_er in module/entity TOP_SYS does not have driver. [/home/leo/cpu/vault.memo/v10.8ddr/TOP_SYS.v:103]
INFO: [Synth 8-256] done synthesizing module 'TOP_SYS' (59#1) [/home/leo/cpu/vault.memo/v10.8ddr/TOP_SYS.v:3]
WARNING: [Synth 8-3917] design TOP_SYS has port sdwp driven by constant 1
WARNING: [Synth 8-3917] design TOP_SYS has port sdhld driven by constant 1
WARNING: [Synth 8-3331] design TOP_SYS has unconnected port PhyCrs
WARNING: [Synth 8-3331] design TOP_SYS has unconnected port PhyTxEn
WARNING: [Synth 8-3331] design TOP_SYS has unconnected port PhyTxd[1]
WARNING: [Synth 8-3331] design TOP_SYS has unconnected port PhyTxd[0]
WARNING: [Synth 8-3331] design TOP_SYS has unconnected port PhyRxErr
WARNING: [Synth 8-3331] design TOP_SYS has unconnected port PhyRxd[1]
WARNING: [Synth 8-3331] design TOP_SYS has unconnected port PhyRxd[0]
---------------------------------------------------------------------------------
Finished RTL Elaboration : Time (s): cpu = 00:00:14 ; elapsed = 00:00:14 . Memory (MB): peak = 1235.254 ; gain = 426.605 ; free physical = 1421 ; free virtual = 6129
---------------------------------------------------------------------------------

Report Check Netlist: 
+------+------------------+-------+---------+-------+------------------+
|      |Item              |Errors |Warnings |Status |Description       |
+------+------------------+-------+---------+-------+------------------+
|1     |multi_driven_nets |      0|        0|Passed |Multi driven nets |
+------+------------------+-------+---------+-------+------------------+
WARNING: [Synth 8-3295] tying undriven pin i_periph:ps2data to constant 0 [/home/leo/cpu/vault.memo/v10.8ddr/TOP_SYS.v:492]
---------------------------------------------------------------------------------
Finished RTL Optimization Phase 1 : Time (s): cpu = 00:00:16 ; elapsed = 00:00:17 . Memory (MB): peak = 1235.254 ; gain = 426.605 ; free physical = 1421 ; free virtual = 6129
---------------------------------------------------------------------------------
INFO: [Netlist 29-17] Analyzing 4 Unisim elements for replacement
INFO: [Netlist 29-28] Unisim Transformation completed in 0 CPU seconds
INFO: [Device 21-403] Loading part xc7a100tcsg324-1
INFO: [Project 1-570] Preparing netlist for logic optimization

Processing XDC Constraints
Initializing timing engine
Parsing XDC File [/home/leo/cpu/vault.memo/v10.8ddr/v10.8ddr/v10.8ddr.runs/synth_1/.Xil/Vivado-13926-dev-machine/dcp/axi_ethernetlite_0_in_context.xdc] for cell 'i_etherlite'
Finished Parsing XDC File [/home/leo/cpu/vault.memo/v10.8ddr/v10.8ddr/v10.8ddr.runs/synth_1/.Xil/Vivado-13926-dev-machine/dcp/axi_ethernetlite_0_in_context.xdc] for cell 'i_etherlite'
Parsing XDC File [/home/leo/cpu/vault.memo/v10.8ddr/v10.8ddr/v10.8ddr.runs/synth_1/.Xil/Vivado-13926-dev-machine/dcp_2/ddr_axi_in_context.xdc] for cell 'i_ddr_axi'
Finished Parsing XDC File [/home/leo/cpu/vault.memo/v10.8ddr/v10.8ddr/v10.8ddr.runs/synth_1/.Xil/Vivado-13926-dev-machine/dcp_2/ddr_axi_in_context.xdc] for cell 'i_ddr_axi'
Parsing XDC File [/home/leo/cpu/vault.memo/v10.8ddr/TOP_SYS.xdc]
WARNING: [Vivado 12-584] No ports matched 'DDR2CKE[0]'. [/home/leo/cpu/vault.memo/v10.8ddr/TOP_SYS.xdc:268]
WARNING: [Vivado 12-584] No ports matched 'DDR2CKE[0]'. [/home/leo/cpu/vault.memo/v10.8ddr/TOP_SYS.xdc:269]
WARNING: [Vivado 12-584] No ports matched 'DDR2CKE[0]'. [/home/leo/cpu/vault.memo/v10.8ddr/TOP_SYS.xdc:270]
WARNING: [Vivado 12-584] No ports matched 'DDR2ODT[0]'. [/home/leo/cpu/vault.memo/v10.8ddr/TOP_SYS.xdc:272]
WARNING: [Vivado 12-584] No ports matched 'DDR2ODT[0]'. [/home/leo/cpu/vault.memo/v10.8ddr/TOP_SYS.xdc:273]
WARNING: [Vivado 12-584] No ports matched 'DDR2ODT[0]'. [/home/leo/cpu/vault.memo/v10.8ddr/TOP_SYS.xdc:274]
WARNING: [Vivado 12-584] No ports matched 'DDR2CS_N[0]'. [/home/leo/cpu/vault.memo/v10.8ddr/TOP_SYS.xdc:276]
WARNING: [Vivado 12-584] No ports matched 'DDR2CS_N[0]'. [/home/leo/cpu/vault.memo/v10.8ddr/TOP_SYS.xdc:277]
WARNING: [Vivado 12-584] No ports matched 'DDR2CS_N[0]'. [/home/leo/cpu/vault.memo/v10.8ddr/TOP_SYS.xdc:278]
WARNING: [Vivado 12-584] No ports matched 'DDR2CK_P[0]'. [/home/leo/cpu/vault.memo/v10.8ddr/TOP_SYS.xdc:308]
WARNING: [Vivado 12-584] No ports matched 'DDR2CK_P[0]'. [/home/leo/cpu/vault.memo/v10.8ddr/TOP_SYS.xdc:309]
WARNING: [Vivado 12-584] No ports matched 'DDR2CK_P[0]'. [/home/leo/cpu/vault.memo/v10.8ddr/TOP_SYS.xdc:310]
WARNING: [Vivado 12-584] No ports matched 'DDR2CK_N[0]'. [/home/leo/cpu/vault.memo/v10.8ddr/TOP_SYS.xdc:312]
WARNING: [Vivado 12-584] No ports matched 'DDR2CK_N[0]'. [/home/leo/cpu/vault.memo/v10.8ddr/TOP_SYS.xdc:313]
WARNING: [Vivado 12-584] No ports matched 'DDR2CK_N[0]'. [/home/leo/cpu/vault.memo/v10.8ddr/TOP_SYS.xdc:314]
Finished Parsing XDC File [/home/leo/cpu/vault.memo/v10.8ddr/TOP_SYS.xdc]
INFO: [Timing 38-2] Deriving generated clocks
WARNING: [Project 1-498] One or more constraints failed evaluation while reading constraint file [/home/leo/cpu/vault.memo/v10.8ddr/TOP_SYS.xdc] and the design contains unresolved black boxes. These constraints will be read post-synthesis (as long as their source constraint file is marked as used_in_implementation) and should be applied correctly then. You should review the constraints listed in the file [.Xil/TOP_SYS_propImpl.xdc] and check the run log file to verify that these constraints were correctly applied.
Completed Processing XDC Constraints

INFO: [Project 1-111] Unisim Transformation Summary:
  A total of 1 instances were transformed.
  IOBUF => IOBUF (IBUF, OBUFT): 1 instances

Constraint Validation Runtime : Time (s): cpu = 00:00:00.03 ; elapsed = 00:00:00.03 . Memory (MB): peak = 1607.801 ; gain = 0.000 ; free physical = 1113 ; free virtual = 5815
---------------------------------------------------------------------------------
Finished Constraint Validation : Time (s): cpu = 00:00:36 ; elapsed = 00:00:34 . Memory (MB): peak = 1607.805 ; gain = 799.156 ; free physical = 1113 ; free virtual = 5815
---------------------------------------------------------------------------------
---------------------------------------------------------------------------------
Start Loading Part and Timing Information
---------------------------------------------------------------------------------
Loading part: xc7a100tcsg324-1
---------------------------------------------------------------------------------
Finished Loading Part and Timing Information : Time (s): cpu = 00:00:36 ; elapsed = 00:00:34 . Memory (MB): peak = 1607.805 ; gain = 799.156 ; free physical = 1113 ; free virtual = 5815
---------------------------------------------------------------------------------
---------------------------------------------------------------------------------
Start Applying 'set_property' XDC Constraints
---------------------------------------------------------------------------------
Applied set_property IO_BUFFER_TYPE = NONE for DDR2ADDR[0]. (constraint file  /home/leo/cpu/vault.memo/v10.8ddr/v10.8ddr/v10.8ddr.runs/synth_1/.Xil/Vivado-13926-dev-machine/dcp_2/ddr_axi_in_context.xdc, line 2).
Applied set_property IO_BUFFER_TYPE = NONE for DDR2ADDR[10]. (constraint file  /home/leo/cpu/vault.memo/v10.8ddr/v10.8ddr/v10.8ddr.runs/synth_1/.Xil/Vivado-13926-dev-machine/dcp_2/ddr_axi_in_context.xdc, line 3).
Applied set_property IO_BUFFER_TYPE = NONE for DDR2ADDR[11]. (constraint file  /home/leo/cpu/vault.memo/v10.8ddr/v10.8ddr/v10.8ddr.runs/synth_1/.Xil/Vivado-13926-dev-machine/dcp_2/ddr_axi_in_context.xdc, line 4).
Applied set_property IO_BUFFER_TYPE = NONE for DDR2ADDR[12]. (constraint file  /home/leo/cpu/vault.memo/v10.8ddr/v10.8ddr/v10.8ddr.runs/synth_1/.Xil/Vivado-13926-dev-machine/dcp_2/ddr_axi_in_context.xdc, line 5).
Applied set_property IO_BUFFER_TYPE = NONE for DDR2ADDR[1]. (constraint file  /home/leo/cpu/vault.memo/v10.8ddr/v10.8ddr/v10.8ddr.runs/synth_1/.Xil/Vivado-13926-dev-machine/dcp_2/ddr_axi_in_context.xdc, line 6).
Applied set_property IO_BUFFER_TYPE = NONE for DDR2ADDR[2]. (constraint file  /home/leo/cpu/vault.memo/v10.8ddr/v10.8ddr/v10.8ddr.runs/synth_1/.Xil/Vivado-13926-dev-machine/dcp_2/ddr_axi_in_context.xdc, line 7).
Applied set_property IO_BUFFER_TYPE = NONE for DDR2ADDR[3]. (constraint file  /home/leo/cpu/vault.memo/v10.8ddr/v10.8ddr/v10.8ddr.runs/synth_1/.Xil/Vivado-13926-dev-machine/dcp_2/ddr_axi_in_context.xdc, line 8).
Applied set_property IO_BUFFER_TYPE = NONE for DDR2ADDR[4]. (constraint file  /home/leo/cpu/vault.memo/v10.8ddr/v10.8ddr/v10.8ddr.runs/synth_1/.Xil/Vivado-13926-dev-machine/dcp_2/ddr_axi_in_context.xdc, line 9).
Applied set_property IO_BUFFER_TYPE = NONE for DDR2ADDR[5]. (constraint file  /home/leo/cpu/vault.memo/v10.8ddr/v10.8ddr/v10.8ddr.runs/synth_1/.Xil/Vivado-13926-dev-machine/dcp_2/ddr_axi_in_context.xdc, line 10).
Applied set_property IO_BUFFER_TYPE = NONE for DDR2ADDR[6]. (constraint file  /home/leo/cpu/vault.memo/v10.8ddr/v10.8ddr/v10.8ddr.runs/synth_1/.Xil/Vivado-13926-dev-machine/dcp_2/ddr_axi_in_context.xdc, line 11).
Applied set_property IO_BUFFER_TYPE = NONE for DDR2ADDR[7]. (constraint file  /home/leo/cpu/vault.memo/v10.8ddr/v10.8ddr/v10.8ddr.runs/synth_1/.Xil/Vivado-13926-dev-machine/dcp_2/ddr_axi_in_context.xdc, line 12).
Applied set_property IO_BUFFER_TYPE = NONE for DDR2ADDR[8]. (constraint file  /home/leo/cpu/vault.memo/v10.8ddr/v10.8ddr/v10.8ddr.runs/synth_1/.Xil/Vivado-13926-dev-machine/dcp_2/ddr_axi_in_context.xdc, line 13).
Applied set_property IO_BUFFER_TYPE = NONE for DDR2ADDR[9]. (constraint file  /home/leo/cpu/vault.memo/v10.8ddr/v10.8ddr/v10.8ddr.runs/synth_1/.Xil/Vivado-13926-dev-machine/dcp_2/ddr_axi_in_context.xdc, line 14).
Applied set_property IO_BUFFER_TYPE = NONE for DDR2BA[0]. (constraint file  /home/leo/cpu/vault.memo/v10.8ddr/v10.8ddr/v10.8ddr.runs/synth_1/.Xil/Vivado-13926-dev-machine/dcp_2/ddr_axi_in_context.xdc, line 15).
Applied set_property IO_BUFFER_TYPE = NONE for DDR2BA[1]. (constraint file  /home/leo/cpu/vault.memo/v10.8ddr/v10.8ddr/v10.8ddr.runs/synth_1/.Xil/Vivado-13926-dev-machine/dcp_2/ddr_axi_in_context.xdc, line 16).
Applied set_property IO_BUFFER_TYPE = NONE for DDR2BA[2]. (constraint file  /home/leo/cpu/vault.memo/v10.8ddr/v10.8ddr/v10.8ddr.runs/synth_1/.Xil/Vivado-13926-dev-machine/dcp_2/ddr_axi_in_context.xdc, line 17).
Applied set_property IO_BUFFER_TYPE = NONE for DDR2CAS_N. (constraint file  /home/leo/cpu/vault.memo/v10.8ddr/v10.8ddr/v10.8ddr.runs/synth_1/.Xil/Vivado-13926-dev-machine/dcp_2/ddr_axi_in_context.xdc, line 18).
Applied set_property IO_BUFFER_TYPE = NONE for DDR2CKE. (constraint file  /home/leo/cpu/vault.memo/v10.8ddr/v10.8ddr/v10.8ddr.runs/synth_1/.Xil/Vivado-13926-dev-machine/dcp_2/ddr_axi_in_context.xdc, line 19).
Applied set_property IO_BUFFER_TYPE = NONE for DDR2CS_N. (constraint file  /home/leo/cpu/vault.memo/v10.8ddr/v10.8ddr/v10.8ddr.runs/synth_1/.Xil/Vivado-13926-dev-machine/dcp_2/ddr_axi_in_context.xdc, line 20).
Applied set_property IO_BUFFER_TYPE = NONE for DDR2DM[0]. (constraint file  /home/leo/cpu/vault.memo/v10.8ddr/v10.8ddr/v10.8ddr.runs/synth_1/.Xil/Vivado-13926-dev-machine/dcp_2/ddr_axi_in_context.xdc, line 21).
Applied set_property IO_BUFFER_TYPE = NONE for DDR2DM[1]. (constraint file  /home/leo/cpu/vault.memo/v10.8ddr/v10.8ddr/v10.8ddr.runs/synth_1/.Xil/Vivado-13926-dev-machine/dcp_2/ddr_axi_in_context.xdc, line 22).
Applied set_property IO_BUFFER_TYPE = NONE for DDR2DQ[0]. (constraint file  /home/leo/cpu/vault.memo/v10.8ddr/v10.8ddr/v10.8ddr.runs/synth_1/.Xil/Vivado-13926-dev-machine/dcp_2/ddr_axi_in_context.xdc, line 23).
Applied set_property IO_BUFFER_TYPE = NONE for DDR2DQ[10]. (constraint file  /home/leo/cpu/vault.memo/v10.8ddr/v10.8ddr/v10.8ddr.runs/synth_1/.Xil/Vivado-13926-dev-machine/dcp_2/ddr_axi_in_context.xdc, line 24).
Applied set_property IO_BUFFER_TYPE = NONE for DDR2DQ[11]. (constraint file  /home/leo/cpu/vault.memo/v10.8ddr/v10.8ddr/v10.8ddr.runs/synth_1/.Xil/Vivado-13926-dev-machine/dcp_2/ddr_axi_in_context.xdc, line 25).
Applied set_property IO_BUFFER_TYPE = NONE for DDR2DQ[12]. (constraint file  /home/leo/cpu/vault.memo/v10.8ddr/v10.8ddr/v10.8ddr.runs/synth_1/.Xil/Vivado-13926-dev-machine/dcp_2/ddr_axi_in_context.xdc, line 26).
Applied set_property IO_BUFFER_TYPE = NONE for DDR2DQ[13]. (constraint file  /home/leo/cpu/vault.memo/v10.8ddr/v10.8ddr/v10.8ddr.runs/synth_1/.Xil/Vivado-13926-dev-machine/dcp_2/ddr_axi_in_context.xdc, line 27).
Applied set_property IO_BUFFER_TYPE = NONE for DDR2DQ[14]. (constraint file  /home/leo/cpu/vault.memo/v10.8ddr/v10.8ddr/v10.8ddr.runs/synth_1/.Xil/Vivado-13926-dev-machine/dcp_2/ddr_axi_in_context.xdc, line 28).
Applied set_property IO_BUFFER_TYPE = NONE for DDR2DQ[15]. (constraint file  /home/leo/cpu/vault.memo/v10.8ddr/v10.8ddr/v10.8ddr.runs/synth_1/.Xil/Vivado-13926-dev-machine/dcp_2/ddr_axi_in_context.xdc, line 29).
Applied set_property IO_BUFFER_TYPE = NONE for DDR2DQ[1]. (constraint file  /home/leo/cpu/vault.memo/v10.8ddr/v10.8ddr/v10.8ddr.runs/synth_1/.Xil/Vivado-13926-dev-machine/dcp_2/ddr_axi_in_context.xdc, line 30).
Applied set_property IO_BUFFER_TYPE = NONE for DDR2DQ[2]. (constraint file  /home/leo/cpu/vault.memo/v10.8ddr/v10.8ddr/v10.8ddr.runs/synth_1/.Xil/Vivado-13926-dev-machine/dcp_2/ddr_axi_in_context.xdc, line 31).
Applied set_property IO_BUFFER_TYPE = NONE for DDR2DQ[3]. (constraint file  /home/leo/cpu/vault.memo/v10.8ddr/v10.8ddr/v10.8ddr.runs/synth_1/.Xil/Vivado-13926-dev-machine/dcp_2/ddr_axi_in_context.xdc, line 32).
Applied set_property IO_BUFFER_TYPE = NONE for DDR2DQ[4]. (constraint file  /home/leo/cpu/vault.memo/v10.8ddr/v10.8ddr/v10.8ddr.runs/synth_1/.Xil/Vivado-13926-dev-machine/dcp_2/ddr_axi_in_context.xdc, line 33).
Applied set_property IO_BUFFER_TYPE = NONE for DDR2DQ[5]. (constraint file  /home/leo/cpu/vault.memo/v10.8ddr/v10.8ddr/v10.8ddr.runs/synth_1/.Xil/Vivado-13926-dev-machine/dcp_2/ddr_axi_in_context.xdc, line 34).
Applied set_property IO_BUFFER_TYPE = NONE for DDR2DQ[6]. (constraint file  /home/leo/cpu/vault.memo/v10.8ddr/v10.8ddr/v10.8ddr.runs/synth_1/.Xil/Vivado-13926-dev-machine/dcp_2/ddr_axi_in_context.xdc, line 35).
Applied set_property IO_BUFFER_TYPE = NONE for DDR2DQ[7]. (constraint file  /home/leo/cpu/vault.memo/v10.8ddr/v10.8ddr/v10.8ddr.runs/synth_1/.Xil/Vivado-13926-dev-machine/dcp_2/ddr_axi_in_context.xdc, line 36).
Applied set_property IO_BUFFER_TYPE = NONE for DDR2DQ[8]. (constraint file  /home/leo/cpu/vault.memo/v10.8ddr/v10.8ddr/v10.8ddr.runs/synth_1/.Xil/Vivado-13926-dev-machine/dcp_2/ddr_axi_in_context.xdc, line 37).
Applied set_property IO_BUFFER_TYPE = NONE for DDR2DQ[9]. (constraint file  /home/leo/cpu/vault.memo/v10.8ddr/v10.8ddr/v10.8ddr.runs/synth_1/.Xil/Vivado-13926-dev-machine/dcp_2/ddr_axi_in_context.xdc, line 38).
Applied set_property IO_BUFFER_TYPE = NONE for DDR2DQS_N[0]. (constraint file  /home/leo/cpu/vault.memo/v10.8ddr/v10.8ddr/v10.8ddr.runs/synth_1/.Xil/Vivado-13926-dev-machine/dcp_2/ddr_axi_in_context.xdc, line 39).
Applied set_property IO_BUFFER_TYPE = NONE for DDR2DQS_N[1]. (constraint file  /home/leo/cpu/vault.memo/v10.8ddr/v10.8ddr/v10.8ddr.runs/synth_1/.Xil/Vivado-13926-dev-machine/dcp_2/ddr_axi_in_context.xdc, line 40).
Applied set_property IO_BUFFER_TYPE = NONE for DDR2DQS_P[0]. (constraint file  /home/leo/cpu/vault.memo/v10.8ddr/v10.8ddr/v10.8ddr.runs/synth_1/.Xil/Vivado-13926-dev-machine/dcp_2/ddr_axi_in_context.xdc, line 41).
Applied set_property IO_BUFFER_TYPE = NONE for DDR2DQS_P[1]. (constraint file  /home/leo/cpu/vault.memo/v10.8ddr/v10.8ddr/v10.8ddr.runs/synth_1/.Xil/Vivado-13926-dev-machine/dcp_2/ddr_axi_in_context.xdc, line 42).
Applied set_property IO_BUFFER_TYPE = NONE for DDR2ODT. (constraint file  /home/leo/cpu/vault.memo/v10.8ddr/v10.8ddr/v10.8ddr.runs/synth_1/.Xil/Vivado-13926-dev-machine/dcp_2/ddr_axi_in_context.xdc, line 43).
Applied set_property IO_BUFFER_TYPE = NONE for DDR2RAS_N. (constraint file  /home/leo/cpu/vault.memo/v10.8ddr/v10.8ddr/v10.8ddr.runs/synth_1/.Xil/Vivado-13926-dev-machine/dcp_2/ddr_axi_in_context.xdc, line 44).
Applied set_property IO_BUFFER_TYPE = NONE for DDR2WE_N. (constraint file  /home/leo/cpu/vault.memo/v10.8ddr/v10.8ddr/v10.8ddr.runs/synth_1/.Xil/Vivado-13926-dev-machine/dcp_2/ddr_axi_in_context.xdc, line 45).
incorrect argument "-dict" for "set_property" at line 16 of file /home/leo/cpu/vault.memo/v10.8ddr/TOP_SYS.xdc
incorrect set of required parameters for "set_property" at line 16 of file /home/leo/cpu/vault.memo/v10.8ddr/TOP_SYS.xdc
---------------------------------------------------------------------
Usage:
  set_property
    [-help]
    [-quiet]
    attribute
    value
    object
    [{>|>>} <stdoutFile>]
---------------------------------------------------------------------
incorrect argument "-dict" for "set_property" at line 17 of file /home/leo/cpu/vault.memo/v10.8ddr/TOP_SYS.xdc
incorrect set of required parameters for "set_property" at line 17 of file /home/leo/cpu/vault.memo/v10.8ddr/TOP_SYS.xdc
---------------------------------------------------------------------
Usage:
  set_property
    [-help]
    [-quiet]
    attribute
    value
    object
    [{>|>>} <stdoutFile>]
---------------------------------------------------------------------
incorrect argument "-dict" for "set_property" at line 18 of file /home/leo/cpu/vault.memo/v10.8ddr/TOP_SYS.xdc
incorrect set of required parameters for "set_property" at line 18 of file /home/leo/cpu/vault.memo/v10.8ddr/TOP_SYS.xdc
---------------------------------------------------------------------
Usage:
  set_property
    [-help]
    [-quiet]
    attribute
    value
    object
    [{>|>>} <stdoutFile>]
---------------------------------------------------------------------
incorrect argument "-dict" for "set_property" at line 19 of file /home/leo/cpu/vault.memo/v10.8ddr/TOP_SYS.xdc
incorrect set of required parameters for "set_property" at line 19 of file /home/leo/cpu/vault.memo/v10.8ddr/TOP_SYS.xdc
---------------------------------------------------------------------
Usage:
  set_property
    [-help]
    [-quiet]
    attribute
    value
    object
    [{>|>>} <stdoutFile>]
---------------------------------------------------------------------
incorrect argument "-dict" for "set_property" at line 24 of file /home/leo/cpu/vault.memo/v10.8ddr/TOP_SYS.xdc
incorrect set of required parameters for "set_property" at line 24 of file /home/leo/cpu/vault.memo/v10.8ddr/TOP_SYS.xdc
---------------------------------------------------------------------
Usage:
  set_property
    [-help]
    [-quiet]
    attribute
    value
    object
    [{>|>>} <stdoutFile>]
---------------------------------------------------------------------
incorrect argument "-dict" for "set_property" at line 25 of file /home/leo/cpu/vault.memo/v10.8ddr/TOP_SYS.xdc
incorrect set of required parameters for "set_property" at line 25 of file /home/leo/cpu/vault.memo/v10.8ddr/TOP_SYS.xdc
---------------------------------------------------------------------
Usage:
  set_property
    [-help]
    [-quiet]
    attribute
    value
    object
    [{>|>>} <stdoutFile>]
---------------------------------------------------------------------
incorrect argument "-dict" for "set_property" at line 27 of file /home/leo/cpu/vault.memo/v10.8ddr/TOP_SYS.xdc
incorrect set of required parameters for "set_property" at line 27 of file /home/leo/cpu/vault.memo/v10.8ddr/TOP_SYS.xdc
---------------------------------------------------------------------
Usage:
  set_property
    [-help]
    [-quiet]
    attribute
    value
    object
    [{>|>>} <stdoutFile>]
---------------------------------------------------------------------
incorrect argument "-dict" for "set_property" at line 29 of file /home/leo/cpu/vault.memo/v10.8ddr/TOP_SYS.xdc
incorrect set of required parameters for "set_property" at line 29 of file /home/leo/cpu/vault.memo/v10.8ddr/TOP_SYS.xdc
---------------------------------------------------------------------
Usage:
  set_property
    [-help]
    [-quiet]
    attribute
    value
    object
    [{>|>>} <stdoutFile>]
---------------------------------------------------------------------
incorrect argument "-dict" for "set_property" at line 32 of file /home/leo/cpu/vault.memo/v10.8ddr/TOP_SYS.xdc
incorrect set of required parameters for "set_property" at line 32 of file /home/leo/cpu/vault.memo/v10.8ddr/TOP_SYS.xdc
---------------------------------------------------------------------
Usage:
  set_property
    [-help]
    [-quiet]
    attribute
    value
    object
    [{>|>>} <stdoutFile>]
---------------------------------------------------------------------
incorrect argument "-dict" for "set_property" at line 33 of file /home/leo/cpu/vault.memo/v10.8ddr/TOP_SYS.xdc
incorrect set of required parameters for "set_property" at line 33 of file /home/leo/cpu/vault.memo/v10.8ddr/TOP_SYS.xdc
---------------------------------------------------------------------
Usage:
  set_property
    [-help]
    [-quiet]
    attribute
    value
    object
    [{>|>>} <stdoutFile>]
---------------------------------------------------------------------
incorrect argument "-dict" for "set_property" at line 34 of file /home/leo/cpu/vault.memo/v10.8ddr/TOP_SYS.xdc
incorrect set of required parameters for "set_property" at line 34 of file /home/leo/cpu/vault.memo/v10.8ddr/TOP_SYS.xdc
---------------------------------------------------------------------
Usage:
  set_property
    [-help]
    [-quiet]
    attribute
    value
    object
    [{>|>>} <stdoutFile>]
---------------------------------------------------------------------
incorrect argument "-dict" for "set_property" at line 35 of file /home/leo/cpu/vault.memo/v10.8ddr/TOP_SYS.xdc
incorrect set of required parameters for "set_property" at line 35 of file /home/leo/cpu/vault.memo/v10.8ddr/TOP_SYS.xdc
---------------------------------------------------------------------
Usage:
  set_property
    [-help]
    [-quiet]
    attribute
    value
    object
    [{>|>>} <stdoutFile>]
---------------------------------------------------------------------
incorrect argument "-dict" for "set_property" at line 36 of file /home/leo/cpu/vault.memo/v10.8ddr/TOP_SYS.xdc
incorrect set of required parameters for "set_property" at line 36 of file /home/leo/cpu/vault.memo/v10.8ddr/TOP_SYS.xdc
---------------------------------------------------------------------
Usage:
  set_property
    [-help]
    [-quiet]
    attribute
    value
    object
    [{>|>>} <stdoutFile>]
---------------------------------------------------------------------
incorrect argument "-dict" for "set_property" at line 37 of file /home/leo/cpu/vault.memo/v10.8ddr/TOP_SYS.xdc
incorrect set of required parameters for "set_property" at line 37 of file /home/leo/cpu/vault.memo/v10.8ddr/TOP_SYS.xdc
---------------------------------------------------------------------
Usage:
  set_property
    [-help]
    [-quiet]
    attribute
    value
    object
    [{>|>>} <stdoutFile>]
---------------------------------------------------------------------
incorrect argument "-dict" for "set_property" at line 38 of file /home/leo/cpu/vault.memo/v10.8ddr/TOP_SYS.xdc
incorrect set of required parameters for "set_property" at line 38 of file /home/leo/cpu/vault.memo/v10.8ddr/TOP_SYS.xdc
---------------------------------------------------------------------
Usage:
  set_property
    [-help]
    [-quiet]
    attribute
    value
    object
    [{>|>>} <stdoutFile>]
---------------------------------------------------------------------
incorrect argument "-dict" for "set_property" at line 39 of file /home/leo/cpu/vault.memo/v10.8ddr/TOP_SYS.xdc
incorrect set of required parameters for "set_property" at line 39 of file /home/leo/cpu/vault.memo/v10.8ddr/TOP_SYS.xdc
---------------------------------------------------------------------
Usage:
  set_property
    [-help]
    [-quiet]
    attribute
    value
    object
    [{>|>>} <stdoutFile>]
---------------------------------------------------------------------
incorrect argument "-dict" for "set_property" at line 43 of file /home/leo/cpu/vault.memo/v10.8ddr/TOP_SYS.xdc
incorrect set of required parameters for "set_property" at line 43 of file /home/leo/cpu/vault.memo/v10.8ddr/TOP_SYS.xdc
---------------------------------------------------------------------
Usage:
  set_property
    [-help]
    [-quiet]
    attribute
    value
    object
    [{>|>>} <stdoutFile>]
---------------------------------------------------------------------
incorrect argument "-dict" for "set_property" at line 44 of file /home/leo/cpu/vault.memo/v10.8ddr/TOP_SYS.xdc
incorrect set of required parameters for "set_property" at line 44 of file /home/leo/cpu/vault.memo/v10.8ddr/TOP_SYS.xdc
---------------------------------------------------------------------
Usage:
  set_property
    [-help]
    [-quiet]
    attribute
    value
    object
    [{>|>>} <stdoutFile>]
---------------------------------------------------------------------
incorrect argument "-dict" for "set_property" at line 45 of file /home/leo/cpu/vault.memo/v10.8ddr/TOP_SYS.xdc
incorrect set of required parameters for "set_property" at line 45 of file /home/leo/cpu/vault.memo/v10.8ddr/TOP_SYS.xdc
---------------------------------------------------------------------
Usage:
  set_property
    [-help]
    [-quiet]
    attribute
    value
    object
    [{>|>>} <stdoutFile>]
---------------------------------------------------------------------
incorrect argument "-dict" for "set_property" at line 46 of file /home/leo/cpu/vault.memo/v10.8ddr/TOP_SYS.xdc
incorrect set of required parameters for "set_property" at line 46 of file /home/leo/cpu/vault.memo/v10.8ddr/TOP_SYS.xdc
---------------------------------------------------------------------
Usage:
  set_property
    [-help]
    [-quiet]
    attribute
    value
    object
    [{>|>>} <stdoutFile>]
---------------------------------------------------------------------
incorrect argument "-dict" for "set_property" at line 47 of file /home/leo/cpu/vault.memo/v10.8ddr/TOP_SYS.xdc
incorrect set of required parameters for "set_property" at line 47 of file /home/leo/cpu/vault.memo/v10.8ddr/TOP_SYS.xdc
---------------------------------------------------------------------
Usage:
  set_property
    [-help]
    [-quiet]
    attribute
    value
    object
    [{>|>>} <stdoutFile>]
---------------------------------------------------------------------
incorrect argument "-dict" for "set_property" at line 54 of file /home/leo/cpu/vault.memo/v10.8ddr/TOP_SYS.xdc
incorrect set of required parameters for "set_property" at line 54 of file /home/leo/cpu/vault.memo/v10.8ddr/TOP_SYS.xdc
---------------------------------------------------------------------
Usage:
  set_property
    [-help]
    [-quiet]
    attribute
    value
    object
    [{>|>>} <stdoutFile>]
---------------------------------------------------------------------
incorrect argument "-dict" for "set_property" at line 55 of file /home/leo/cpu/vault.memo/v10.8ddr/TOP_SYS.xdc
incorrect set of required parameters for "set_property" at line 55 of file /home/leo/cpu/vault.memo/v10.8ddr/TOP_SYS.xdc
---------------------------------------------------------------------
Usage:
  set_property
    [-help]
    [-quiet]
    attribute
    value
    object
    [{>|>>} <stdoutFile>]
---------------------------------------------------------------------
incorrect argument "-dict" for "set_property" at line 56 of file /home/leo/cpu/vault.memo/v10.8ddr/TOP_SYS.xdc
incorrect set of required parameters for "set_property" at line 56 of file /home/leo/cpu/vault.memo/v10.8ddr/TOP_SYS.xdc
---------------------------------------------------------------------
Usage:
  set_property
    [-help]
    [-quiet]
    attribute
    value
    object
    [{>|>>} <stdoutFile>]
---------------------------------------------------------------------
incorrect argument "-dict" for "set_property" at line 101 of file /home/leo/cpu/vault.memo/v10.8ddr/TOP_SYS.xdc
incorrect set of required parameters for "set_property" at line 101 of file /home/leo/cpu/vault.memo/v10.8ddr/TOP_SYS.xdc
---------------------------------------------------------------------
Usage:
  set_property
    [-help]
    [-quiet]
    attribute
    value
    object
    [{>|>>} <stdoutFile>]
---------------------------------------------------------------------
incorrect argument "-dict" for "set_property" at line 102 of file /home/leo/cpu/vault.memo/v10.8ddr/TOP_SYS.xdc
incorrect set of required parameters for "set_property" at line 102 of file /home/leo/cpu/vault.memo/v10.8ddr/TOP_SYS.xdc
---------------------------------------------------------------------
Usage:
  set_property
    [-help]
    [-quiet]
    attribute
    value
    object
    [{>|>>} <stdoutFile>]
---------------------------------------------------------------------
incorrect argument "-dict" for "set_property" at line 103 of file /home/leo/cpu/vault.memo/v10.8ddr/TOP_SYS.xdc
incorrect set of required parameters for "set_property" at line 103 of file /home/leo/cpu/vault.memo/v10.8ddr/TOP_SYS.xdc
---------------------------------------------------------------------
Usage:
  set_property
    [-help]
    [-quiet]
    attribute
    value
    object
    [{>|>>} <stdoutFile>]
---------------------------------------------------------------------
incorrect argument "-dict" for "set_property" at line 104 of file /home/leo/cpu/vault.memo/v10.8ddr/TOP_SYS.xdc
incorrect set of required parameters for "set_property" at line 104 of file /home/leo/cpu/vault.memo/v10.8ddr/TOP_SYS.xdc
---------------------------------------------------------------------
Usage:
  set_property
    [-help]
    [-quiet]
    attribute
    value
    object
    [{>|>>} <stdoutFile>]
---------------------------------------------------------------------
incorrect argument "-dict" for "set_property" at line 105 of file /home/leo/cpu/vault.memo/v10.8ddr/TOP_SYS.xdc
incorrect set of required parameters for "set_property" at line 105 of file /home/leo/cpu/vault.memo/v10.8ddr/TOP_SYS.xdc
---------------------------------------------------------------------
Usage:
  set_property
    [-help]
    [-quiet]
    attribute
    value
    object
    [{>|>>} <stdoutFile>]
---------------------------------------------------------------------
---------------------------------------------------------------------------------
Finished applying 'set_property' XDC Constraints : Time (s): cpu = 00:00:36 ; elapsed = 00:00:35 . Memory (MB): peak = 1607.805 ; gain = 799.156 ; free physical = 1113 ; free virtual = 5815
---------------------------------------------------------------------------------
INFO: [Synth 8-5544] ROM "hit_ack" won't be mapped to Block RAM because address size (4) smaller than threshold (5)
INFO: [Synth 8-5544] ROM "tagA1" won't be mapped to Block RAM because address size (4) smaller than threshold (5)
INFO: [Synth 8-5544] ROM "tagD1" won't be mapped to Block RAM because address size (4) smaller than threshold (5)
INFO: [Synth 8-5544] ROM "hit_ack" won't be mapped to Block RAM because address size (4) smaller than threshold (5)
INFO: [Synth 8-5544] ROM "tagA1" won't be mapped to Block RAM because address size (4) smaller than threshold (5)
INFO: [Synth 8-5544] ROM "tagD1" won't be mapped to Block RAM because address size (4) smaller than threshold (5)
INFO: [Synth 8-5544] ROM "queue" won't be mapped to Block RAM because address size (2) smaller than threshold (5)
INFO: [Synth 8-5546] ROM "indic" won't be mapped to RAM because it is too sparse
INFO: [Synth 8-5546] ROM "indic" won't be mapped to RAM because it is too sparse
INFO: [Synth 8-5546] ROM "indic" won't be mapped to RAM because it is too sparse
INFO: [Synth 8-5546] ROM "indic" won't be mapped to RAM because it is too sparse
INFO: [Synth 8-5546] ROM "indic" won't be mapped to RAM because it is too sparse
INFO: [Synth 8-5546] ROM "indic" won't be mapped to RAM because it is too sparse
INFO: [Synth 8-5546] ROM "indic" won't be mapped to RAM because it is too sparse
INFO: [Synth 8-5546] ROM "indic" won't be mapped to RAM because it is too sparse
INFO: [Synth 8-5546] ROM "indic" won't be mapped to RAM because it is too sparse
INFO: [Synth 8-5546] ROM "indic" won't be mapped to RAM because it is too sparse
INFO: [Synth 8-5546] ROM "indic" won't be mapped to RAM because it is too sparse
INFO: [Synth 8-5546] ROM "indic" won't be mapped to RAM because it is too sparse
INFO: [Synth 8-5546] ROM "indic" won't be mapped to RAM because it is too sparse
INFO: [Synth 8-5546] ROM "indic" won't be mapped to RAM because it is too sparse
INFO: [Synth 8-5546] ROM "indic" won't be mapped to RAM because it is too sparse
INFO: [Synth 8-5546] ROM "indic" won't be mapped to RAM because it is too sparse
INFO: [Synth 8-5546] ROM "indic" won't be mapped to RAM because it is too sparse
INFO: [Synth 8-5546] ROM "indic" won't be mapped to RAM because it is too sparse
INFO: [Synth 8-5546] ROM "indic" won't be mapped to RAM because it is too sparse
INFO: [Synth 8-5546] ROM "indic" won't be mapped to RAM because it is too sparse
INFO: [Synth 8-5546] ROM "indic" won't be mapped to RAM because it is too sparse
INFO: [Synth 8-5546] ROM "indic" won't be mapped to RAM because it is too sparse
INFO: [Synth 8-5546] ROM "indic" won't be mapped to RAM because it is too sparse
INFO: [Synth 8-5546] ROM "indic" won't be mapped to RAM because it is too sparse
INFO: [Synth 8-802] inferred FSM for state register 'fsm_reg' in module 'deco'
INFO: [Synth 8-5546] ROM "displc" won't be mapped to RAM because it is too sparse
INFO: [Synth 8-5546] ROM "i_ptr" won't be mapped to RAM because it is too sparse
INFO: [Synth 8-5544] ROM "idx_deco" won't be mapped to Block RAM because address size (2) smaller than threshold (5)
INFO: [Synth 8-5544] ROM "inst_deco" won't be mapped to Block RAM because address size (2) smaller than threshold (5)
INFO: [Synth 8-5544] ROM "inst_deco" won't be mapped to Block RAM because address size (2) smaller than threshold (5)
INFO: [Synth 8-5544] ROM "inst_deco2" won't be mapped to Block RAM because address size (2) smaller than threshold (5)
INFO: [Synth 8-5546] ROM "trig_it" won't be mapped to RAM because it is too sparse
INFO: [Synth 8-5544] ROM "fsm" won't be mapped to Block RAM because address size (1) smaller than threshold (5)
INFO: [Synth 8-5544] ROM "fsm" won't be mapped to Block RAM because address size (2) smaller than threshold (5)
INFO: [Synth 8-5544] ROM "fsm" won't be mapped to Block RAM because address size (1) smaller than threshold (5)
INFO: [Synth 8-5546] ROM "displc" won't be mapped to RAM because it is too sparse
INFO: [Synth 8-5546] ROM "i_ptr" won't be mapped to RAM because it is too sparse
INFO: [Synth 8-5544] ROM "idx_deco" won't be mapped to Block RAM because address size (2) smaller than threshold (5)
INFO: [Synth 8-5544] ROM "inst_deco" won't be mapped to Block RAM because address size (2) smaller than threshold (5)
INFO: [Synth 8-5544] ROM "inst_deco" won't be mapped to Block RAM because address size (2) smaller than threshold (5)
INFO: [Synth 8-5544] ROM "inst_deco2" won't be mapped to Block RAM because address size (2) smaller than threshold (5)
INFO: [Synth 8-5546] ROM "trig_it" won't be mapped to RAM because it is too sparse
INFO: [Synth 8-5544] ROM "fsm" won't be mapped to Block RAM because address size (1) smaller than threshold (5)
INFO: [Synth 8-5544] ROM "fsm" won't be mapped to Block RAM because address size (2) smaller than threshold (5)
INFO: [Synth 8-5544] ROM "fsm" won't be mapped to Block RAM because address size (1) smaller than threshold (5)
INFO: [Synth 8-5544] ROM "valid_op0" won't be mapped to Block RAM because address size (1) smaller than threshold (5)
INFO: [Synth 8-5544] ROM "term_rise" won't be mapped to Block RAM because address size (1) smaller than threshold (5)
INFO: [Synth 8-5544] ROM "opz" won't be mapped to Block RAM because address size (1) smaller than threshold (5)
INFO: [Synth 8-5544] ROM "imm_sz" won't be mapped to Block RAM because address size (1) smaller than threshold (5)
INFO: [Synth 8-5544] ROM "jsz" won't be mapped to Block RAM because address size (1) smaller than threshold (5)
INFO: [Synth 8-5544] ROM "i_ptr" won't be mapped to Block RAM because address size (1) smaller than threshold (5)
INFO: [Synth 8-5544] ROM "i_ptr" won't be mapped to Block RAM because address size (1) smaller than threshold (5)
INFO: [Synth 8-5544] ROM "i_ptr" won't be mapped to Block RAM because address size (1) smaller than threshold (5)
INFO: [Synth 8-5544] ROM "i_ptr" won't be mapped to Block RAM because address size (1) smaller than threshold (5)
INFO: [Synth 8-5545] ROM "seg_src" won't be mapped to RAM because address size (32) is larger than maximum supported(18)
INFO: [Synth 8-802] inferred FSM for state register 'fsm_reg' in module 'vliw'
INFO: [Synth 8-5546] ROM "nZF" won't be mapped to RAM because it is too sparse
INFO: [Synth 8-5546] ROM "nZF" won't be mapped to RAM because it is too sparse
INFO: [Synth 8-5546] ROM "nZF" won't be mapped to RAM because it is too sparse
INFO: [Synth 8-5545] ROM "nZF" won't be mapped to RAM because address size (32) is larger than maximum supported(18)
INFO: [Synth 8-5546] ROM "regs_reg[15]" won't be mapped to RAM because it is too sparse
INFO: [Synth 8-5546] ROM "regs_reg[15]" won't be mapped to RAM because it is too sparse
INFO: [Synth 8-5544] ROM "regs" won't be mapped to Block RAM because address size (4) smaller than threshold (5)
INFO: [Synth 8-5546] ROM "regs_reg[14]" won't be mapped to RAM because it is too sparse
INFO: [Synth 8-5546] ROM "regs_reg[13]" won't be mapped to RAM because it is too sparse
INFO: [Synth 8-5546] ROM "regs_reg[13]" won't be mapped to RAM because it is too sparse
INFO: [Synth 8-5546] ROM "regs_reg[12]" won't be mapped to RAM because it is too sparse
INFO: [Synth 8-5546] ROM "regs_reg[12]" won't be mapped to RAM because it is too sparse
INFO: [Synth 8-5546] ROM "regs_reg[11]" won't be mapped to RAM because it is too sparse
INFO: [Synth 8-5546] ROM "regs_reg[11]" won't be mapped to RAM because it is too sparse
INFO: [Synth 8-5546] ROM "regs_reg[10]" won't be mapped to RAM because it is too sparse
INFO: [Synth 8-5546] ROM "regs_reg[10]" won't be mapped to RAM because it is too sparse
INFO: [Synth 8-5546] ROM "regs_reg[9]" won't be mapped to RAM because it is too sparse
INFO: [Synth 8-5546] ROM "regs_reg[9]" won't be mapped to RAM because it is too sparse
INFO: [Synth 8-5546] ROM "regs_reg[8]" won't be mapped to RAM because it is too sparse
INFO: [Synth 8-5546] ROM "regs_reg[8]" won't be mapped to RAM because it is too sparse
INFO: [Synth 8-5546] ROM "regs_reg[7]" won't be mapped to RAM because it is too sparse
INFO: [Synth 8-5546] ROM "regs_reg[7]" won't be mapped to RAM because it is too sparse
INFO: [Synth 8-5546] ROM "regs_reg[6]" won't be mapped to RAM because it is too sparse
INFO: [Synth 8-5546] ROM "regs_reg[6]" won't be mapped to RAM because it is too sparse
INFO: [Synth 8-5546] ROM "regs_reg[5]" won't be mapped to RAM because it is too sparse
INFO: [Synth 8-5546] ROM "regs_reg[5]" won't be mapped to RAM because it is too sparse
INFO: [Synth 8-5546] ROM "regs_reg[4]" won't be mapped to RAM because it is too sparse
INFO: [Synth 8-5544] ROM "regs_reg[4]" won't be mapped to Block RAM because address size (4) smaller than threshold (5)
INFO: [Synth 8-5544] ROM "regs_reg[4]" won't be mapped to Block RAM because address size (4) smaller than threshold (5)
INFO: [Synth 8-5546] ROM "regs_reg[4]" won't be mapped to RAM because it is too sparse
INFO: [Synth 8-5544] ROM "regs_reg[4]" won't be mapped to Block RAM because address size (4) smaller than threshold (5)
INFO: [Synth 8-5544] ROM "regs_reg[4]" won't be mapped to Block RAM because address size (4) smaller than threshold (5)
INFO: [Synth 8-5544] ROM "regs_reg[4]" won't be mapped to Block RAM because address size (4) smaller than threshold (5)
INFO: [Synth 8-5544] ROM "regs_reg[4]" won't be mapped to Block RAM because address size (4) smaller than threshold (5)
INFO: [Synth 8-5544] ROM "regs_reg[4]" won't be mapped to Block RAM because address size (4) smaller than threshold (5)
INFO: [Synth 8-5544] ROM "regs_reg[4]" won't be mapped to Block RAM because address size (4) smaller than threshold (5)
INFO: [Synth 8-5545] ROM "regs" won't be mapped to RAM because address size (32) is larger than maximum supported(18)
INFO: [Synth 8-5546] ROM "regs_reg[3]" won't be mapped to RAM because it is too sparse
INFO: [Synth 8-5544] ROM "regs_reg[3]" won't be mapped to Block RAM because address size (4) smaller than threshold (5)
INFO: [Synth 8-5546] ROM "regs_reg[3]" won't be mapped to RAM because it is too sparse
INFO: [Synth 8-5545] ROM "regs" won't be mapped to RAM because address size (32) is larger than maximum supported(18)
INFO: [Synth 8-5546] ROM "regs_reg[2]" won't be mapped to RAM because it is too sparse
INFO: [Synth 8-5546] ROM "regs_reg[2]" won't be mapped to RAM because it is too sparse
INFO: [Synth 8-5545] ROM "regs" won't be mapped to RAM because address size (32) is larger than maximum supported(18)
INFO: [Synth 8-5546] ROM "regs_reg[1]" won't be mapped to RAM because it is too sparse
INFO: [Synth 8-5546] ROM "regs_reg[1]" won't be mapped to RAM because it is too sparse
INFO: [Synth 8-5545] ROM "regs" won't be mapped to RAM because address size (32) is larger than maximum supported(18)
INFO: [Synth 8-5546] ROM "regs_reg[0]" won't be mapped to RAM because it is too sparse
INFO: [Synth 8-5544] ROM "regs_reg[0]" won't be mapped to Block RAM because address size (4) smaller than threshold (5)
INFO: [Synth 8-5546] ROM "regs_reg[0]" won't be mapped to RAM because it is too sparse
INFO: [Synth 8-5544] ROM "opa" won't be mapped to Block RAM because address size (4) smaller than threshold (5)
INFO: [Synth 8-5544] ROM "opa" won't be mapped to Block RAM because address size (4) smaller than threshold (5)
INFO: [Synth 8-5546] ROM "rep_cond0" won't be mapped to RAM because it is too sparse
INFO: [Synth 8-5546] ROM "rep_cond1" won't be mapped to RAM because it is too sparse
INFO: [Synth 8-5545] ROM "rep_cond2" won't be mapped to RAM because address size (32) is larger than maximum supported(18)
INFO: [Synth 8-5545] ROM "nCF" won't be mapped to RAM because address size (32) is larger than maximum supported(18)
INFO: [Synth 8-5546] ROM "nCF" won't be mapped to RAM because it is too sparse
INFO: [Synth 8-5546] ROM "nCF" won't be mapped to RAM because it is too sparse
INFO: [Synth 8-5545] ROM "nCF" won't be mapped to RAM because address size (32) is larger than maximum supported(18)
INFO: [Synth 8-5544] ROM "nPF" won't be mapped to Block RAM because address size (4) smaller than threshold (5)
INFO: [Synth 8-5544] ROM "nPF" won't be mapped to Block RAM because address size (4) smaller than threshold (5)
INFO: [Synth 8-5544] ROM "nZF" won't be mapped to Block RAM because address size (4) smaller than threshold (5)
INFO: [Synth 8-5545] ROM "CFOF_mul8o" won't be mapped to RAM because address size (56) is larger than maximum supported(18)
INFO: [Synth 8-5545] ROM "CFOF_mul8z" won't be mapped to RAM because address size (56) is larger than maximum supported(18)
INFO: [Synth 8-5545] ROM "CFOF_mul16o" won't be mapped to RAM because address size (48) is larger than maximum supported(18)
INFO: [Synth 8-5545] ROM "CFOF_mul16z" won't be mapped to RAM because address size (48) is larger than maximum supported(18)
INFO: [Synth 8-5545] ROM "CFOF_mul32o" won't be mapped to RAM because address size (32) is larger than maximum supported(18)
INFO: [Synth 8-5545] ROM "CFOF_mul32z" won't be mapped to RAM because address size (32) is larger than maximum supported(18)
INFO: [Synth 8-5544] ROM "repbytecache" won't be mapped to Block RAM because address size (4) smaller than threshold (5)
INFO: [Synth 8-5544] ROM "opc" won't be mapped to Block RAM because address size (4) smaller than threshold (5)
INFO: [Synth 8-5544] ROM "opc" won't be mapped to Block RAM because address size (4) smaller than threshold (5)
INFO: [Synth 8-5544] ROM "opd" won't be mapped to Block RAM because address size (4) smaller than threshold (5)
INFO: [Synth 8-5546] ROM "pc_req" won't be mapped to RAM because it is too sparse
INFO: [Synth 8-5546] ROM "ready_vliw" won't be mapped to RAM because it is too sparse
INFO: [Synth 8-5546] ROM "first_rep" won't be mapped to RAM because it is too sparse
INFO: [Synth 8-5544] ROM "fsm" won't be mapped to Block RAM because address size (1) smaller than threshold (5)
INFO: [Synth 8-5544] ROM "fsm" won't be mapped to Block RAM because address size (1) smaller than threshold (5)
INFO: [Synth 8-5544] ROM "fsm" won't be mapped to Block RAM because address size (1) smaller than threshold (5)
INFO: [Synth 8-5544] ROM "fsm" won't be mapped to Block RAM because address size (1) smaller than threshold (5)
INFO: [Synth 8-5544] ROM "fsm" won't be mapped to Block RAM because address size (1) smaller than threshold (5)
INFO: [Synth 8-5544] ROM "fsm" won't be mapped to Block RAM because address size (1) smaller than threshold (5)
INFO: [Synth 8-5544] ROM "fsm" won't be mapped to Block RAM because address size (1) smaller than threshold (5)
INFO: [Synth 8-5544] ROM "fsm" won't be mapped to Block RAM because address size (1) smaller than threshold (5)
INFO: [Synth 8-5544] ROM "fsm" won't be mapped to Block RAM because address size (1) smaller than threshold (5)
INFO: [Synth 8-5544] ROM "fsm" won't be mapped to Block RAM because address size (1) smaller than threshold (5)
INFO: [Synth 8-5544] ROM "fsm" won't be mapped to Block RAM because address size (1) smaller than threshold (5)
INFO: [Synth 8-5544] ROM "fsm" won't be mapped to Block RAM because address size (1) smaller than threshold (5)
INFO: [Synth 8-5544] ROM "fsm" won't be mapped to Block RAM because address size (1) smaller than threshold (5)
INFO: [Synth 8-5544] ROM "fsm" won't be mapped to Block RAM because address size (1) smaller than threshold (5)
INFO: [Synth 8-5544] ROM "fsm" won't be mapped to Block RAM because address size (1) smaller than threshold (5)
INFO: [Synth 8-5544] ROM "fsm" won't be mapped to Block RAM because address size (1) smaller than threshold (5)
INFO: [Synth 8-5544] ROM "fsm" won't be mapped to Block RAM because address size (1) smaller than threshold (5)
INFO: [Synth 8-5544] ROM "fsm" won't be mapped to Block RAM because address size (1) smaller than threshold (5)
INFO: [Synth 8-5544] ROM "fsm" won't be mapped to Block RAM because address size (1) smaller than threshold (5)
INFO: [Synth 8-5546] ROM "nZF" won't be mapped to RAM because it is too sparse
INFO: [Synth 8-5546] ROM "nZF" won't be mapped to RAM because it is too sparse
INFO: [Synth 8-5546] ROM "nZF" won't be mapped to RAM because it is too sparse
INFO: [Synth 8-5545] ROM "nZF" won't be mapped to RAM because address size (32) is larger than maximum supported(18)
INFO: [Synth 8-5546] ROM "regs_reg[15]" won't be mapped to RAM because it is too sparse
INFO: [Synth 8-5546] ROM "regs_reg[15]" won't be mapped to RAM because it is too sparse
INFO: [Synth 8-5544] ROM "regs" won't be mapped to Block RAM because address size (4) smaller than threshold (5)
INFO: [Synth 8-5546] ROM "regs_reg[14]" won't be mapped to RAM because it is too sparse
INFO: [Synth 8-5546] ROM "regs_reg[13]" won't be mapped to RAM because it is too sparse
INFO: [Synth 8-5546] ROM "regs_reg[13]" won't be mapped to RAM because it is too sparse
INFO: [Synth 8-5546] ROM "regs_reg[12]" won't be mapped to RAM because it is too sparse
INFO: [Synth 8-5546] ROM "regs_reg[12]" won't be mapped to RAM because it is too sparse
INFO: [Synth 8-5546] ROM "regs_reg[11]" won't be mapped to RAM because it is too sparse
INFO: [Synth 8-5546] ROM "regs_reg[11]" won't be mapped to RAM because it is too sparse
INFO: [Synth 8-5546] ROM "regs_reg[10]" won't be mapped to RAM because it is too sparse
INFO: [Synth 8-5546] ROM "regs_reg[10]" won't be mapped to RAM because it is too sparse
INFO: [Synth 8-5546] ROM "regs_reg[9]" won't be mapped to RAM because it is too sparse
INFO: [Synth 8-5546] ROM "regs_reg[9]" won't be mapped to RAM because it is too sparse
INFO: [Synth 8-5546] ROM "regs_reg[8]" won't be mapped to RAM because it is too sparse
INFO: [Synth 8-5546] ROM "regs_reg[8]" won't be mapped to RAM because it is too sparse
INFO: [Synth 8-5546] ROM "regs_reg[7]" won't be mapped to RAM because it is too sparse
INFO: [Synth 8-5546] ROM "regs_reg[7]" won't be mapped to RAM because it is too sparse
INFO: [Synth 8-5546] ROM "regs_reg[6]" won't be mapped to RAM because it is too sparse
INFO: [Synth 8-5546] ROM "regs_reg[6]" won't be mapped to RAM because it is too sparse
INFO: [Synth 8-5546] ROM "regs_reg[5]" won't be mapped to RAM because it is too sparse
INFO: [Synth 8-5546] ROM "regs_reg[5]" won't be mapped to RAM because it is too sparse
INFO: [Synth 8-5546] ROM "regs_reg[4]" won't be mapped to RAM because it is too sparse
INFO: [Synth 8-5544] ROM "regs_reg[4]" won't be mapped to Block RAM because address size (4) smaller than threshold (5)
INFO: [Synth 8-5544] ROM "regs_reg[4]" won't be mapped to Block RAM because address size (4) smaller than threshold (5)
INFO: [Synth 8-5546] ROM "regs_reg[4]" won't be mapped to RAM because it is too sparse
INFO: [Synth 8-5544] ROM "regs_reg[4]" won't be mapped to Block RAM because address size (4) smaller than threshold (5)
INFO: [Synth 8-5544] ROM "regs_reg[4]" won't be mapped to Block RAM because address size (4) smaller than threshold (5)
INFO: [Synth 8-5544] ROM "regs_reg[4]" won't be mapped to Block RAM because address size (4) smaller than threshold (5)
INFO: [Synth 8-5544] ROM "regs_reg[4]" won't be mapped to Block RAM because address size (4) smaller than threshold (5)
INFO: [Synth 8-5544] ROM "regs_reg[4]" won't be mapped to Block RAM because address size (4) smaller than threshold (5)
INFO: [Synth 8-5544] ROM "regs_reg[4]" won't be mapped to Block RAM because address size (4) smaller than threshold (5)
INFO: [Synth 8-5545] ROM "regs" won't be mapped to RAM because address size (32) is larger than maximum supported(18)
INFO: [Synth 8-5546] ROM "regs_reg[3]" won't be mapped to RAM because it is too sparse
INFO: [Synth 8-5544] ROM "regs_reg[3]" won't be mapped to Block RAM because address size (4) smaller than threshold (5)
INFO: [Synth 8-5546] ROM "regs_reg[3]" won't be mapped to RAM because it is too sparse
INFO: [Synth 8-5545] ROM "regs" won't be mapped to RAM because address size (32) is larger than maximum supported(18)
INFO: [Synth 8-5546] ROM "regs_reg[2]" won't be mapped to RAM because it is too sparse
INFO: [Common 17-14] Message 'Synth 8-5546' appears 100 times and further instances of the messages will be disabled. Use the Tcl command set_msg_config to change the current settings.
INFO: [Synth 8-5545] ROM "regs" won't be mapped to RAM because address size (32) is larger than maximum supported(18)
INFO: [Synth 8-5545] ROM "regs" won't be mapped to RAM because address size (32) is larger than maximum supported(18)
INFO: [Synth 8-5544] ROM "regs_reg[0]" won't be mapped to Block RAM because address size (4) smaller than threshold (5)
INFO: [Synth 8-5544] ROM "opa" won't be mapped to Block RAM because address size (4) smaller than threshold (5)
INFO: [Synth 8-5544] ROM "opa" won't be mapped to Block RAM because address size (4) smaller than threshold (5)
INFO: [Synth 8-5545] ROM "rep_cond2" won't be mapped to RAM because address size (32) is larger than maximum supported(18)
INFO: [Synth 8-5545] ROM "nCF" won't be mapped to RAM because address size (32) is larger than maximum supported(18)
INFO: [Synth 8-5545] ROM "nCF" won't be mapped to RAM because address size (32) is larger than maximum supported(18)
INFO: [Synth 8-5544] ROM "nPF" won't be mapped to Block RAM because address size (4) smaller than threshold (5)
INFO: [Synth 8-5544] ROM "nPF" won't be mapped to Block RAM because address size (4) smaller than threshold (5)
INFO: [Synth 8-5544] ROM "nZF" won't be mapped to Block RAM because address size (4) smaller than threshold (5)
INFO: [Synth 8-5545] ROM "CFOF_mul8o" won't be mapped to RAM because address size (56) is larger than maximum supported(18)
INFO: [Synth 8-5545] ROM "CFOF_mul8z" won't be mapped to RAM because address size (56) is larger than maximum supported(18)
INFO: [Synth 8-5545] ROM "CFOF_mul16o" won't be mapped to RAM because address size (48) is larger than maximum supported(18)
INFO: [Synth 8-5545] ROM "CFOF_mul16z" won't be mapped to RAM because address size (48) is larger than maximum supported(18)
INFO: [Synth 8-5545] ROM "CFOF_mul32o" won't be mapped to RAM because address size (32) is larger than maximum supported(18)
INFO: [Synth 8-5545] ROM "CFOF_mul32z" won't be mapped to RAM because address size (32) is larger than maximum supported(18)
INFO: [Synth 8-5544] ROM "repbytecache" won't be mapped to Block RAM because address size (4) smaller than threshold (5)
INFO: [Synth 8-5544] ROM "opc" won't be mapped to Block RAM because address size (4) smaller than threshold (5)
INFO: [Synth 8-5544] ROM "opc" won't be mapped to Block RAM because address size (4) smaller than threshold (5)
INFO: [Synth 8-5544] ROM "opd" won't be mapped to Block RAM because address size (4) smaller than threshold (5)
INFO: [Synth 8-5544] ROM "fsm" won't be mapped to Block RAM because address size (1) smaller than threshold (5)
INFO: [Synth 8-5544] ROM "fsm" won't be mapped to Block RAM because address size (1) smaller than threshold (5)
INFO: [Synth 8-5544] ROM "fsm" won't be mapped to Block RAM because address size (1) smaller than threshold (5)
INFO: [Synth 8-5544] ROM "fsm" won't be mapped to Block RAM because address size (1) smaller than threshold (5)
INFO: [Synth 8-5544] ROM "fsm" won't be mapped to Block RAM because address size (1) smaller than threshold (5)
INFO: [Synth 8-5544] ROM "fsm" won't be mapped to Block RAM because address size (1) smaller than threshold (5)
INFO: [Synth 8-5544] ROM "fsm" won't be mapped to Block RAM because address size (1) smaller than threshold (5)
INFO: [Synth 8-5544] ROM "fsm" won't be mapped to Block RAM because address size (1) smaller than threshold (5)
INFO: [Synth 8-5544] ROM "fsm" won't be mapped to Block RAM because address size (1) smaller than threshold (5)
INFO: [Synth 8-5544] ROM "fsm" won't be mapped to Block RAM because address size (1) smaller than threshold (5)
INFO: [Synth 8-5544] ROM "fsm" won't be mapped to Block RAM because address size (1) smaller than threshold (5)
INFO: [Common 17-14] Message 'Synth 8-5544' appears 100 times and further instances of the messages will be disabled. Use the Tcl command set_msg_config to change the current settings.
INFO: [Synth 8-802] inferred FSM for state register 'fsm_reg' in module 'Dtlb'
INFO: [Synth 8-802] inferred FSM for state register 'fsm_reg' in module 'Itlb'
INFO: [Synth 8-5562] The signal Mem_reg is implemented as block RAM but is better mapped onto distributed LUT RAM for the following reason(s): The *depth (7 address bits)* is shallow. Please use attribute (* ram_style = "distributed" *) to instruct Vivado to infer distributed LUT RAM.
---------------------------------------------------------------------------------------------------
                   State |                     New Encoding |                     Old Encoding 
---------------------------------------------------------------------------------------------------
                 iSTATE0 |                            00001 |                            00000
                 iSTATE1 |                            01000 |                            00010
                 iSTATE3 |                            10000 |                            00100
                  iSTATE |                            00010 |                            00001
                 iSTATE2 |                            00100 |                            00011
---------------------------------------------------------------------------------------------------
INFO: [Synth 8-3354] encoded FSM with state register 'fsm_reg' using encoding 'one-hot' in module 'deco'
---------------------------------------------------------------------------------------------------
                   State |                     New Encoding |                     Old Encoding 
---------------------------------------------------------------------------------------------------
                iSTATE22 |          00000000000000000000001 |                            01111
                  iSTATE |          00000000000000000000010 |                            00000
                 iSTATE7 |          00000000000000000000100 |                            01011
                 iSTATE8 |          00000000000000000001000 |                            01100
                 iSTATE3 |          00000000000000000010000 |                            00110
                 iSTATE4 |          00000000000000000100000 |                            00111
                 iSTATE5 |          00000000000000001000000 |                            01000
                iSTATE10 |          00000000000000010000000 |                            10000
                iSTATE11 |          00000000000000100000000 |                            10001
                iSTATE17 |          00000000000001000000000 |                            11001
                iSTATE18 |          00000000000010000000000 |                            11010
                iSTATE19 |          00000000000100000000000 |                            11011
                 iSTATE0 |          00000000001000000000000 |                            00001
                 iSTATE1 |          00000000010000000000000 |                            00011
                iSTATE23 |          00000000100000000000000 |                            01101
                iSTATE24 |          00000001000000000000000 |                            11111
*
                 iSTATE6 |          00000010000000000000000 |                            01010
                iSTATE12 |          00000100000000000000000 |                            10100
                iSTATE13 |          00001000000000000000000 |                            10101
                iSTATE14 |          00010000000000000000000 |                            10110
                iSTATE15 |          00100000000000000000000 |                            10111
                iSTATE16 |          01000000000000000000000 |                            11000
                 iSTATE9 |          10000000000000000000000 |                            01110
---------------------------------------------------------------------------------------------------
INFO: [Synth 8-3354] encoded FSM with state register 'fsm_reg' using encoding 'one-hot' in module 'vliw'
---------------------------------------------------------------------------------------------------
                   State |                     New Encoding |                     Old Encoding 
---------------------------------------------------------------------------------------------------
                  iSTATE |                       0000000010 |                             0000
                 iSTATE0 |                       0000000100 |                             0001
                 iSTATE1 |                       0000010000 |                             0010
                 iSTATE5 |                       0001000000 |                             0110
                 iSTATE7 |                       1000000000 |                             1000
                 iSTATE2 |                       0000001000 |                             0011
                 iSTATE3 |                       0010000000 |                             0100
                 iSTATE4 |                       0000100000 |                             0101
                 iSTATE6 |                       0100000000 |                             0111
                 iSTATE8 |                       0000000001 |                             1001
*
---------------------------------------------------------------------------------------------------
INFO: [Synth 8-3354] encoded FSM with state register 'fsm_reg' using encoding 'one-hot' in module 'Dtlb'
---------------------------------------------------------------------------------------------------
                   State |                     New Encoding |                     Old Encoding 
---------------------------------------------------------------------------------------------------
                  iSTATE |                       0000000010 |                             0000
                 iSTATE0 |                       0000000100 |                             0001
                 iSTATE1 |                       0000010000 |                             0010
                 iSTATE5 |                       0001000000 |                             0110
                 iSTATE7 |                       1000000000 |                             1000
                 iSTATE2 |                       0000001000 |                             0011
                 iSTATE3 |                       0010000000 |                             0100
                 iSTATE4 |                       0000100000 |                             0101
                 iSTATE6 |                       0100000000 |                             0111
                 iSTATE8 |                       0000000001 |                             1001
*
---------------------------------------------------------------------------------------------------
INFO: [Synth 8-3354] encoded FSM with state register 'fsm_reg' using encoding 'one-hot' in module 'Itlb'
WARNING: [Synth 8-327] inferring latch for variable 'spi_seq_next_reg' [/home/leo/cpu/vault.memo/v10.8ddr/tiny_spi.v:133]
---------------------------------------------------------------------------------
Finished RTL Optimization Phase 2 : Time (s): cpu = 00:01:07 ; elapsed = 00:01:05 . Memory (MB): peak = 1607.805 ; gain = 799.156 ; free physical = 1107 ; free virtual = 5809
---------------------------------------------------------------------------------
INFO: [Synth 8-223] decloning instance 'i_periph/A16750/U447' (notech_inv) to 'i_periph/A16750/U448'
INFO: [Synth 8-223] decloning instance 'i_periph/A16750/U447' (notech_inv) to 'i_periph/A16750/U449'
INFO: [Synth 8-223] decloning instance 'i_periph/A16750/U447' (notech_inv) to 'i_periph/A16750/U450'
INFO: [Synth 8-223] decloning instance 'i_periph/A16750/U447' (notech_inv) to 'i_periph/A16750/U451'
INFO: [Synth 8-223] decloning instance 'i_periph/A16750/U447' (notech_inv) to 'i_periph/A16750/U452'
INFO: [Synth 8-223] decloning instance 'i_periph/A16750/U447' (notech_inv) to 'i_periph/A16750/\UART_IS_SIN/U3 '
INFO: [Synth 8-223] decloning instance 'i_periph/A16750/U447' (notech_inv) to 'i_periph/A16750/\UART_IS_CTS/U3 '
INFO: [Synth 8-223] decloning instance 'i_periph/A16750/U447' (notech_inv) to 'i_periph/A16750/\UART_IS_DSR/U3 '
INFO: [Synth 8-223] decloning instance 'i_periph/A16750/U447' (notech_inv) to 'i_periph/A16750/\UART_IS_DCD/U3 '
INFO: [Synth 8-223] decloning instance 'i_periph/A16750/U447' (notech_inv) to 'i_periph/A16750/\UART_IS_RI/U3 '
INFO: [Synth 8-223] decloning instance 'i_periph/A16750/U447' (notech_inv) to 'i_periph/A16750/\UART_IF_CTS/U3 '
INFO: [Synth 8-223] decloning instance 'i_periph/A16750/U447' (notech_inv) to 'i_periph/A16750/\UART_IF_DSR/U3 '
INFO: [Synth 8-223] decloning instance 'i_periph/A16750/\UART_TXFF/U50 ' (notech_inv) to 'i_periph/A16750/\UART_TXFF/U49 '
INFO: [Synth 8-223] decloning instance 'i_periph/A16750/\UART_TXFF/U50 ' (notech_inv) to 'i_periph/A16750/\UART_TXFF/U48 '
INFO: [Synth 8-223] decloning instance 'i_periph/A16750/\UART_TXFF/U50 ' (notech_inv) to 'i_periph/A16750/\UART_TXFF/U47 '
INFO: [Synth 8-223] decloning instance 'i_periph/A16750/\UART_TXFF/U50 ' (notech_inv) to 'i_periph/A16750/\UART_TXFF/U46 '
INFO: [Synth 8-223] decloning instance 'i_periph/A16750/\UART_TXFF/U50 ' (notech_inv) to 'i_periph/A16750/\UART_TXFF/U45 '
INFO: [Synth 8-223] decloning instance 'i_periph/A16750/\UART_TXFF/U43 ' (notech_inv) to 'i_periph/A16750/\UART_TXFF/U42 '
INFO: [Synth 8-223] decloning instance 'i_periph/A16750/\UART_TXFF/U43 ' (notech_inv) to 'i_periph/A16750/\UART_TXFF/U41 '
INFO: [Synth 8-223] decloning instance 'i_periph/A16750/\UART_TXFF/U43 ' (notech_inv) to 'i_periph/A16750/\UART_TXFF/U40 '
INFO: [Synth 8-223] decloning instance 'i_periph/A16750/\UART_TXFF/U43 ' (notech_inv) to 'i_periph/A16750/\UART_TXFF/U39 '
INFO: [Synth 8-223] decloning instance 'i_periph/A16750/\UART_TXFF/U43 ' (notech_inv) to 'i_periph/A16750/\UART_TXFF/U38 '
INFO: [Synth 8-223] decloning instance 'i_periph/A16750/\UART_TXFF/U34 ' (notech_inv) to 'i_periph/A16750/\UART_TXFF/U33 '
INFO: [Synth 8-223] decloning instance 'i_periph/A16750/\UART_TXFF/U34 ' (notech_inv) to 'i_periph/A16750/\UART_TXFF/U32 '
INFO: [Synth 8-223] decloning instance 'i_periph/A16750/\UART_TXFF/U30 ' (notech_inv) to 'i_periph/A16750/\UART_TXFF/U29 '
INFO: [Synth 8-223] decloning instance 'i_periph/A16750/\UART_TXFF/U30 ' (notech_inv) to 'i_periph/A16750/\UART_TXFF/U28 '
INFO: [Synth 8-223] decloning instance 'i_periph/A16750/\UART_TXFF/U26 ' (notech_inv) to 'i_periph/A16750/\UART_TXFF/U25 '
INFO: [Synth 8-223] decloning instance 'i_periph/A16750/\UART_TXFF/U26 ' (notech_inv) to 'i_periph/A16750/\UART_TXFF/U24 '
INFO: [Synth 8-223] decloning instance 'i_periph/A16750/\UART_TXFF/U22 ' (notech_inv) to 'i_periph/A16750/\UART_TXFF/U21 '
INFO: [Synth 8-223] decloning instance 'i_periph/A16750/\UART_TXFF/U22 ' (notech_inv) to 'i_periph/A16750/\UART_TXFF/U20 '
INFO: [Synth 8-223] decloning instance 'i_periph/A16750/\UART_TXFF/U18 ' (notech_inv) to 'i_periph/A16750/\UART_TXFF/U17 '
INFO: [Synth 8-223] decloning instance 'i_periph/A16750/\UART_TXFF/U18 ' (notech_inv) to 'i_periph/A16750/\UART_TXFF/U16 '
INFO: [Synth 8-223] decloning instance 'i_periph/A16750/\UART_TXFF/U14 ' (notech_inv) to 'i_periph/A16750/\UART_TXFF/U13 '
INFO: [Synth 8-223] decloning instance 'i_periph/A16750/\UART_TXFF/U14 ' (notech_inv) to 'i_periph/A16750/\UART_TXFF/U12 '
INFO: [Synth 8-223] decloning instance 'i_periph/A16750/\UART_TXFF/U10 ' (notech_inv) to 'i_periph/A16750/\UART_TXFF/U9 '
INFO: [Synth 8-223] decloning instance 'i_periph/A16750/\UART_TXFF/U10 ' (notech_inv) to 'i_periph/A16750/\UART_TXFF/U8 '
INFO: [Synth 8-223] decloning instance 'i_periph/A16750/\UART_TXFF/U6 ' (notech_inv) to 'i_periph/A16750/\UART_TXFF/U5 '
INFO: [Synth 8-223] decloning instance 'i_periph/A16750/\UART_TXFF/U6 ' (notech_inv) to 'i_periph/A16750/\UART_TXFF/U4 '
INFO: [Synth 8-223] decloning instance 'i_periph/A16750/\UART_RXFF/U70 ' (notech_inv) to 'i_periph/A16750/\UART_RXFF/U69 '
INFO: [Synth 8-223] decloning instance 'i_periph/A16750/\UART_RXFF/U70 ' (notech_inv) to 'i_periph/A16750/\UART_RXFF/U68 '
INFO: [Synth 8-223] decloning instance 'i_periph/A16750/\UART_RXFF/U70 ' (notech_inv) to 'i_periph/A16750/\UART_RXFF/U67 '
INFO: [Synth 8-223] decloning instance 'i_periph/A16750/\UART_RXFF/U70 ' (notech_inv) to 'i_periph/A16750/\UART_RXFF/U66 '
INFO: [Synth 8-223] decloning instance 'i_periph/A16750/\UART_RXFF/U70 ' (notech_inv) to 'i_periph/A16750/\UART_RXFF/U65 '
INFO: [Synth 8-223] decloning instance 'i_periph/A16750/\UART_RXFF/U70 ' (notech_inv) to 'i_periph/A16750/\UART_RXFF/U64 '
INFO: [Synth 8-223] decloning instance 'i_periph/A16750/\UART_RXFF/U70 ' (notech_inv) to 'i_periph/A16750/\UART_RXFF/U63 '
INFO: [Synth 8-223] decloning instance 'i_periph/A16750/\UART_RXFF/U61 ' (notech_inv) to 'i_periph/A16750/\UART_RXFF/U60 '
INFO: [Synth 8-223] decloning instance 'i_periph/A16750/\UART_RXFF/U61 ' (notech_inv) to 'i_periph/A16750/\UART_RXFF/U59 '
INFO: [Synth 8-223] decloning instance 'i_periph/A16750/\UART_RXFF/U61 ' (notech_inv) to 'i_periph/A16750/\UART_RXFF/U58 '
INFO: [Synth 8-223] decloning instance 'i_periph/A16750/\UART_RXFF/U61 ' (notech_inv) to 'i_periph/A16750/\UART_RXFF/U57 '
INFO: [Synth 8-223] decloning instance 'i_periph/A16750/\UART_RXFF/U61 ' (notech_inv) to 'i_periph/A16750/\UART_RXFF/U56 '
INFO: [Synth 8-223] decloning instance 'i_periph/A16750/\UART_RXFF/U61 ' (notech_inv) to 'i_periph/A16750/\UART_RXFF/U55 '
INFO: [Synth 8-223] decloning instance 'i_periph/A16750/\UART_RXFF/U61 ' (notech_inv) to 'i_periph/A16750/\UART_RXFF/U54 '
INFO: [Synth 8-223] decloning instance 'i_periph/A16750/\UART_RXFF/U53 ' (notech_inv) to 'i_periph/A16750/\UART_RXFF/U52 '
INFO: [Synth 8-223] decloning instance 'i_periph/A16750/\UART_RXFF/U50 ' (notech_inv) to 'i_periph/A16750/\UART_RXFF/U49 '
INFO: [Synth 8-223] decloning instance 'i_periph/A16750/\UART_RXFF/U46 ' (notech_inv) to 'i_periph/A16750/\UART_RXFF/U45 '
INFO: [Synth 8-223] decloning instance 'i_periph/A16750/\UART_RXFF/U46 ' (notech_inv) to 'i_periph/A16750/\UART_RXFF/U44 '
INFO: [Synth 8-223] decloning instance 'i_periph/A16750/\UART_RXFF/U42 ' (notech_inv) to 'i_periph/A16750/\UART_RXFF/U41 '
INFO: [Synth 8-223] decloning instance 'i_periph/A16750/\UART_RXFF/U42 ' (notech_inv) to 'i_periph/A16750/\UART_RXFF/U40 '
INFO: [Synth 8-223] decloning instance 'i_periph/A16750/\UART_RXFF/U38 ' (notech_inv) to 'i_periph/A16750/\UART_RXFF/U37 '
INFO: [Synth 8-223] decloning instance 'i_periph/A16750/\UART_RXFF/U38 ' (notech_inv) to 'i_periph/A16750/\UART_RXFF/U36 '
INFO: [Synth 8-223] decloning instance 'i_periph/A16750/\UART_RXFF/U34 ' (notech_inv) to 'i_periph/A16750/\UART_RXFF/U33 '
INFO: [Synth 8-223] decloning instance 'i_periph/A16750/\UART_RXFF/U34 ' (notech_inv) to 'i_periph/A16750/\UART_RXFF/U32 '
INFO: [Synth 8-223] decloning instance 'i_periph/A16750/\UART_RXFF/U30 ' (notech_inv) to 'i_periph/A16750/\UART_RXFF/U29 '
INFO: [Synth 8-223] decloning instance 'i_periph/A16750/\UART_RXFF/U30 ' (notech_inv) to 'i_periph/A16750/\UART_RXFF/U28 '
INFO: [Synth 8-223] decloning instance 'i_periph/A16750/\UART_RXFF/U26 ' (notech_inv) to 'i_periph/A16750/\UART_RXFF/U25 '
INFO: [Synth 8-223] decloning instance 'i_periph/A16750/\UART_RXFF/U26 ' (notech_inv) to 'i_periph/A16750/\UART_RXFF/U24 '
INFO: [Synth 8-223] decloning instance 'i_periph/A16750/\UART_RXFF/U22 ' (notech_inv) to 'i_periph/A16750/\UART_RXFF/U21 '
INFO: [Synth 8-223] decloning instance 'i_periph/A16750/\UART_RXFF/U22 ' (notech_inv) to 'i_periph/A16750/\UART_RXFF/U20 '
INFO: [Synth 8-223] decloning instance 'i_periph/A16750/\UART_RXFF/U18 ' (notech_inv) to 'i_periph/A16750/\UART_RXFF/U17 '
INFO: [Synth 8-223] decloning instance 'i_periph/A16750/\UART_RXFF/U18 ' (notech_inv) to 'i_periph/A16750/\UART_RXFF/U16 '
INFO: [Synth 8-223] decloning instance 'i_periph/A16750/\UART_RXFF/U14 ' (notech_inv) to 'i_periph/A16750/\UART_RXFF/U13 '
INFO: [Synth 8-223] decloning instance 'i_periph/A16750/\UART_RXFF/U14 ' (notech_inv) to 'i_periph/A16750/\UART_RXFF/U12 '
INFO: [Synth 8-223] decloning instance 'i_periph/A16750/\UART_RXFF/U10 ' (notech_inv) to 'i_periph/A16750/\UART_RXFF/U9 '
INFO: [Synth 8-223] decloning instance 'i_periph/A16750/\UART_RXFF/U10 ' (notech_inv) to 'i_periph/A16750/\UART_RXFF/U8 '
INFO: [Synth 8-223] decloning instance 'i_periph/A16750/\UART_RXFF/U6 ' (notech_inv) to 'i_periph/A16750/\UART_RXFF/U5 '
INFO: [Synth 8-223] decloning instance 'i_periph/A16750/\UART_RXFF/U6 ' (notech_inv) to 'i_periph/A16750/\UART_RXFF/U4 '

Report RTL Partitions: 
+------+---------------+------------+----------+
|      |RTL Partition  |Replication |Instances |
+------+---------------+------------+----------+
|1     |clk_wiz_0__GC0 |           1|         5|
|2     |vliw__GB0      |           1|     33347|
|3     |vliw__GB1      |           1|      7837|
|4     |vliw__GB2      |           1|     19762|
|5     |vliw__GB3      |           1|     26483|
|6     |vliw__GB4      |           1|     23478|
|7     |cpu__GC0       |           1|     37091|
|8     |core__GC0      |           1|     19612|
|9     |biu32_axi__GB0 |           1|     41490|
|10    |biu32_axi__GB1 |           1|     15173|
|11    |biu32_axi__GB2 |           1|       433|
|12    |biu32_axi__GB3 |           1|     13902|
|13    |TOP_SYS__GC0   |           1|     17457|
+------+---------------+------------+----------+
---------------------------------------------------------------------------------
Start RTL Component Statistics 
---------------------------------------------------------------------------------
Detailed RTL Component Info : 
+---Adders : 
	   3 Input     64 Bit       Adders := 1     
	   2 Input     64 Bit       Adders := 1     
	   2 Input     33 Bit       Adders := 7     
	   3 Input     33 Bit       Adders := 2     
	   4 Input     33 Bit       Adders := 1     
	   2 Input     32 Bit       Adders := 27    
	   3 Input     32 Bit       Adders := 3     
	   2 Input     17 Bit       Adders := 6     
	   3 Input     17 Bit       Adders := 2     
	   4 Input     17 Bit       Adders := 1     
	   2 Input     16 Bit       Adders := 9     
	   3 Input     16 Bit       Adders := 1     
	   8 Input     12 Bit       Adders := 1     
	   2 Input     11 Bit       Adders := 3     
	   2 Input     10 Bit       Adders := 1     
	   2 Input      9 Bit       Adders := 6     
	   4 Input      9 Bit       Adders := 1     
	   3 Input      9 Bit       Adders := 1     
	   2 Input      8 Bit       Adders := 8     
	   2 Input      7 Bit       Adders := 1     
	   2 Input      6 Bit       Adders := 7     
	   3 Input      6 Bit       Adders := 2     
	   2 Input      5 Bit       Adders := 8     
	   3 Input      5 Bit       Adders := 2     
	   4 Input      5 Bit       Adders := 1     
	   2 Input      4 Bit       Adders := 11    
	   3 Input      4 Bit       Adders := 1     
	   2 Input      3 Bit       Adders := 8     
	   3 Input      3 Bit       Adders := 4     
	   2 Input      2 Bit       Adders := 37    
	   3 Input      2 Bit       Adders := 13    
+---XORs : 
	   2 Input     32 Bit         XORs := 1     
	   9 Input      1 Bit         XORs := 1     
	   2 Input      1 Bit         XORs := 71    
+---Registers : 
	              256 Bit    Registers := 9     
	              211 Bit    Registers := 3     
	              128 Bit    Registers := 13    
	               64 Bit    Registers := 5     
	               48 Bit    Registers := 2     
	               34 Bit    Registers := 20    
	               32 Bit    Registers := 82    
	               21 Bit    Registers := 4     
	               17 Bit    Registers := 2     
	               16 Bit    Registers := 6     
	               10 Bit    Registers := 2     
	                9 Bit    Registers := 3     
	                8 Bit    Registers := 55    
	                7 Bit    Registers := 1     
	                6 Bit    Registers := 7     
	                5 Bit    Registers := 6     
	                4 Bit    Registers := 9     
	                3 Bit    Registers := 31    
	                2 Bit    Registers := 21    
	                1 Bit    Registers := 1694  
+---RAMs : 
	              64K Bit         RAMs := 1     
	              16K Bit         RAMs := 4     
+---ROMs : 
	                              ROMs := 4     
+---Muxes : 
	   9 Input    256 Bit        Muxes := 1     
	   2 Input    256 Bit        Muxes := 3     
	   2 Input    211 Bit        Muxes := 4     
	   5 Input    211 Bit        Muxes := 3     
	 358 Input    128 Bit        Muxes := 1     
	   2 Input    128 Bit        Muxes := 32    
	   5 Input    128 Bit        Muxes := 3     
	   3 Input    128 Bit        Muxes := 1     
	   6 Input    128 Bit        Muxes := 4     
	   4 Input    128 Bit        Muxes := 3     
	  17 Input    128 Bit        Muxes := 2     
	   3 Input     64 Bit        Muxes := 1     
	   2 Input     64 Bit        Muxes := 8     
	 129 Input     64 Bit        Muxes := 2     
	   5 Input     64 Bit        Muxes := 3     
	   2 Input     34 Bit        Muxes := 4     
	   3 Input     34 Bit        Muxes := 2     
	   2 Input     33 Bit        Muxes := 1     
	   2 Input     32 Bit        Muxes := 537   
	   3 Input     32 Bit        Muxes := 50    
	 129 Input     32 Bit        Muxes := 38    
	   4 Input     32 Bit        Muxes := 35    
	  20 Input     32 Bit        Muxes := 7     
	   5 Input     32 Bit        Muxes := 5     
	  19 Input     32 Bit        Muxes := 1     
	  12 Input     32 Bit        Muxes := 1     
	   6 Input     32 Bit        Muxes := 1     
	  10 Input     32 Bit        Muxes := 1     
	  13 Input     32 Bit        Muxes := 2     
	  18 Input     32 Bit        Muxes := 1     
	  23 Input     32 Bit        Muxes := 1     
	   7 Input     32 Bit        Muxes := 2     
	  22 Input     32 Bit        Muxes := 1     
	   9 Input     32 Bit        Muxes := 1     
	   8 Input     32 Bit        Muxes := 1     
	  17 Input     32 Bit        Muxes := 5     
	  32 Input     32 Bit        Muxes := 1     
	   2 Input     24 Bit        Muxes := 3     
	 172 Input     23 Bit        Muxes := 1     
	   2 Input     20 Bit        Muxes := 16    
	   2 Input     16 Bit        Muxes := 36    
	   3 Input     16 Bit        Muxes := 1     
	   5 Input     16 Bit        Muxes := 6     
	   2 Input     12 Bit        Muxes := 1     
	   5 Input     12 Bit        Muxes := 1     
	  19 Input     10 Bit        Muxes := 2     
	   2 Input     10 Bit        Muxes := 2     
	   2 Input      9 Bit        Muxes := 3     
	   2 Input      8 Bit        Muxes := 51    
	   4 Input      8 Bit        Muxes := 3     
	   5 Input      8 Bit        Muxes := 2     
	   3 Input      8 Bit        Muxes := 1     
	  17 Input      8 Bit        Muxes := 2     
	   8 Input      8 Bit        Muxes := 5     
	   7 Input      8 Bit        Muxes := 1     
	   5 Input      7 Bit        Muxes := 2     
	   2 Input      7 Bit        Muxes := 5     
	   2 Input      6 Bit        Muxes := 10    
	   5 Input      6 Bit        Muxes := 3     
	   2 Input      5 Bit        Muxes := 6     
	   4 Input      5 Bit        Muxes := 1     
	   3 Input      5 Bit        Muxes := 1     
	   5 Input      5 Bit        Muxes := 1     
	  17 Input      5 Bit        Muxes := 3     
	   9 Input      5 Bit        Muxes := 1     
	   2 Input      4 Bit        Muxes := 17    
	 129 Input      4 Bit        Muxes := 1     
	   5 Input      4 Bit        Muxes := 1     
	   9 Input      4 Bit        Muxes := 1     
	   7 Input      4 Bit        Muxes := 1     
	  17 Input      4 Bit        Muxes := 1     
	 129 Input      3 Bit        Muxes := 1     
	   2 Input      3 Bit        Muxes := 59    
	   5 Input      3 Bit        Muxes := 17    
	   7 Input      3 Bit        Muxes := 6     
	   4 Input      3 Bit        Muxes := 1     
	   9 Input      3 Bit        Muxes := 1     
	   3 Input      3 Bit        Muxes := 2     
	   3 Input      2 Bit        Muxes := 5     
	   2 Input      2 Bit        Muxes := 26    
	 129 Input      2 Bit        Muxes := 4     
	   5 Input      2 Bit        Muxes := 2     
	   4 Input      2 Bit        Muxes := 7     
	   6 Input      2 Bit        Muxes := 1     
	   2 Input      1 Bit        Muxes := 3294  
	   3 Input      1 Bit        Muxes := 120   
	  10 Input      1 Bit        Muxes := 3     
	 129 Input      1 Bit        Muxes := 94    
	  21 Input      1 Bit        Muxes := 4     
	   5 Input      1 Bit        Muxes := 66    
	  14 Input      1 Bit        Muxes := 12    
	   8 Input      1 Bit        Muxes := 11    
	  18 Input      1 Bit        Muxes := 16    
	   4 Input      1 Bit        Muxes := 32    
	   1 Input      1 Bit        Muxes := 4     
	  23 Input      1 Bit        Muxes := 6     
	   6 Input      1 Bit        Muxes := 39    
	  22 Input      1 Bit        Muxes := 6     
	   7 Input      1 Bit        Muxes := 11    
	  13 Input      1 Bit        Muxes := 2     
	   9 Input      1 Bit        Muxes := 22    
	  17 Input      1 Bit        Muxes := 33    
	  11 Input      1 Bit        Muxes := 2     
---------------------------------------------------------------------------------
Finished RTL Component Statistics 
---------------------------------------------------------------------------------
---------------------------------------------------------------------------------
Start RTL Hierarchical Component Statistics 
---------------------------------------------------------------------------------
Hierarchical RTL Component report 
Module TOP_SYS 
Detailed RTL Component Info : 
+---Registers : 
	                4 Bit    Registers := 1     
	                1 Bit    Registers := 2     
Module shiftbox 
Detailed RTL Component Info : 
+---Muxes : 
	   2 Input     32 Bit        Muxes := 22    
	   3 Input     32 Bit        Muxes := 14    
	   2 Input      1 Bit        Muxes := 6     
	   3 Input      1 Bit        Muxes := 4     
	  10 Input      1 Bit        Muxes := 2     
Module arithbox 
Detailed RTL Component Info : 
+---Adders : 
	   2 Input     33 Bit       Adders := 2     
	   4 Input     33 Bit       Adders := 1     
	   3 Input     33 Bit       Adders := 1     
	   2 Input     17 Bit       Adders := 2     
	   4 Input     17 Bit       Adders := 1     
	   3 Input     17 Bit       Adders := 1     
	   2 Input      9 Bit       Adders := 2     
	   4 Input      9 Bit       Adders := 1     
	   3 Input      9 Bit       Adders := 1     
	   2 Input      5 Bit       Adders := 1     
	   3 Input      5 Bit       Adders := 2     
	   4 Input      5 Bit       Adders := 1     
+---XORs : 
	   2 Input     32 Bit         XORs := 1     
+---Muxes : 
	   2 Input     32 Bit        Muxes := 5     
	   3 Input     32 Bit        Muxes := 4     
	   2 Input      1 Bit        Muxes := 12    
	   3 Input      1 Bit        Muxes := 7     
	   8 Input      1 Bit        Muxes := 3     
Module synthetic_op 
Detailed RTL Component Info : 
+---Adders : 
	   2 Input     64 Bit       Adders := 1     
+---Registers : 
	               48 Bit    Registers := 2     
	               17 Bit    Registers := 2     
	               16 Bit    Registers := 2     
	                3 Bit    Registers := 2     
+---Muxes : 
	   2 Input     64 Bit        Muxes := 1     
	   3 Input     32 Bit        Muxes := 4     
	   2 Input     32 Bit        Muxes := 2     
Module vliw 
Detailed RTL Component Info : 
+---Adders : 
	   3 Input     64 Bit       Adders := 1     
	   2 Input     33 Bit       Adders := 5     
	   3 Input     33 Bit       Adders := 1     
	   2 Input     32 Bit       Adders := 21    
	   3 Input     32 Bit       Adders := 3     
	   2 Input     17 Bit       Adders := 4     
	   3 Input     17 Bit       Adders := 1     
	   2 Input     16 Bit       Adders := 3     
	   2 Input      9 Bit       Adders := 1     
	   2 Input      8 Bit       Adders := 2     
	   2 Input      6 Bit       Adders := 2     
	   3 Input      6 Bit       Adders := 1     
	   2 Input      5 Bit       Adders := 4     
	   2 Input      4 Bit       Adders := 1     
	   2 Input      2 Bit       Adders := 1     
+---XORs : 
	   9 Input      1 Bit         XORs := 1     
	   2 Input      1 Bit         XORs := 2     
+---Registers : 
	               64 Bit    Registers := 2     
	               32 Bit    Registers := 41    
	                5 Bit    Registers := 1     
	                4 Bit    Registers := 1     
	                3 Bit    Registers := 1     
	                2 Bit    Registers := 4     
	                1 Bit    Registers := 33    
+---Muxes : 
	   3 Input     64 Bit        Muxes := 1     
	   2 Input     64 Bit        Muxes := 2     
	 129 Input     64 Bit        Muxes := 2     
	   2 Input     33 Bit        Muxes := 1     
	 129 Input     32 Bit        Muxes := 38    
	   2 Input     32 Bit        Muxes := 451   
	   4 Input     32 Bit        Muxes := 30    
	   3 Input     32 Bit        Muxes := 22    
	  20 Input     32 Bit        Muxes := 7     
	   5 Input     32 Bit        Muxes := 2     
	  19 Input     32 Bit        Muxes := 1     
	  12 Input     32 Bit        Muxes := 1     
	   6 Input     32 Bit        Muxes := 1     
	  10 Input     32 Bit        Muxes := 1     
	  13 Input     32 Bit        Muxes := 2     
	  18 Input     32 Bit        Muxes := 1     
	  23 Input     32 Bit        Muxes := 1     
	   7 Input     32 Bit        Muxes := 1     
	  22 Input     32 Bit        Muxes := 1     
	   9 Input     32 Bit        Muxes := 1     
	 172 Input     23 Bit        Muxes := 1     
	   2 Input     16 Bit        Muxes := 2     
	   2 Input     12 Bit        Muxes := 1     
	   5 Input     12 Bit        Muxes := 1     
	   2 Input      8 Bit        Muxes := 2     
	   4 Input      8 Bit        Muxes := 1     
	   2 Input      6 Bit        Muxes := 1     
	   2 Input      5 Bit        Muxes := 4     
	   4 Input      5 Bit        Muxes := 1     
	   3 Input      5 Bit        Muxes := 1     
	   2 Input      4 Bit        Muxes := 1     
	 129 Input      4 Bit        Muxes := 1     
	 129 Input      3 Bit        Muxes := 1     
	   2 Input      3 Bit        Muxes := 2     
	   3 Input      2 Bit        Muxes := 1     
	   2 Input      2 Bit        Muxes := 3     
	 129 Input      2 Bit        Muxes := 4     
	   5 Input      2 Bit        Muxes := 1     
	   2 Input      1 Bit        Muxes := 301   
	 129 Input      1 Bit        Muxes := 94    
	  21 Input      1 Bit        Muxes := 4     
	  10 Input      1 Bit        Muxes := 1     
	   5 Input      1 Bit        Muxes := 6     
	   3 Input      1 Bit        Muxes := 103   
	  14 Input      1 Bit        Muxes := 12    
	   8 Input      1 Bit        Muxes := 6     
	  18 Input      1 Bit        Muxes := 16    
	   4 Input      1 Bit        Muxes := 6     
	   1 Input      1 Bit        Muxes := 4     
	  23 Input      1 Bit        Muxes := 3     
	   6 Input      1 Bit        Muxes := 2     
	  22 Input      1 Bit        Muxes := 6     
	   7 Input      1 Bit        Muxes := 9     
	  13 Input      1 Bit        Muxes := 2     
	   9 Input      1 Bit        Muxes := 2     
	  17 Input      1 Bit        Muxes := 1     
Module deco8 
Detailed RTL Component Info : 
+---Muxes : 
	   2 Input      1 Bit        Muxes := 45    
Module deco_rm 
Detailed RTL Component Info : 
+---Muxes : 
	   2 Input      1 Bit        Muxes := 8     
Module udecox 
Detailed RTL Component Info : 
+---Muxes : 
	 358 Input    128 Bit        Muxes := 1     
	   2 Input      8 Bit        Muxes := 2     
Module deco 
Detailed RTL Component Info : 
+---Adders : 
	   8 Input     12 Bit       Adders := 1     
	   2 Input      6 Bit       Adders := 1     
	   2 Input      5 Bit       Adders := 2     
	   3 Input      4 Bit       Adders := 1     
	   2 Input      4 Bit       Adders := 1     
	   2 Input      3 Bit       Adders := 1     
+---XORs : 
	   2 Input      1 Bit         XORs := 1     
+---Registers : 
	              211 Bit    Registers := 3     
	              128 Bit    Registers := 3     
	               64 Bit    Registers := 3     
	               32 Bit    Registers := 3     
	                8 Bit    Registers := 6     
	                6 Bit    Registers := 4     
	                5 Bit    Registers := 1     
	                4 Bit    Registers := 1     
	                3 Bit    Registers := 9     
	                2 Bit    Registers := 1     
	                1 Bit    Registers := 19    
+---Muxes : 
	   2 Input    211 Bit        Muxes := 4     
	   5 Input    211 Bit        Muxes := 3     
	   2 Input    128 Bit        Muxes := 6     
	   5 Input    128 Bit        Muxes := 3     
	   3 Input    128 Bit        Muxes := 1     
	   2 Input     64 Bit        Muxes := 5     
	   5 Input     64 Bit        Muxes := 3     
	   2 Input     32 Bit        Muxes := 4     
	   3 Input     32 Bit        Muxes := 5     
	   5 Input     32 Bit        Muxes := 3     
	   2 Input      8 Bit        Muxes := 6     
	   5 Input      8 Bit        Muxes := 2     
	   2 Input      6 Bit        Muxes := 5     
	   5 Input      6 Bit        Muxes := 3     
	   2 Input      5 Bit        Muxes := 1     
	   5 Input      5 Bit        Muxes := 1     
	  17 Input      5 Bit        Muxes := 1     
	   5 Input      4 Bit        Muxes := 1     
	   2 Input      4 Bit        Muxes := 2     
	   2 Input      3 Bit        Muxes := 39    
	   5 Input      3 Bit        Muxes := 13    
	   2 Input      2 Bit        Muxes := 13    
	   4 Input      2 Bit        Muxes := 1     
	   3 Input      2 Bit        Muxes := 2     
	   5 Input      2 Bit        Muxes := 1     
	   2 Input      1 Bit        Muxes := 81    
	   5 Input      1 Bit        Muxes := 39    
	   3 Input      1 Bit        Muxes := 1     
Module acu 
Detailed RTL Component Info : 
+---Adders : 
	   2 Input     32 Bit       Adders := 6     
	   3 Input     16 Bit       Adders := 1     
+---Registers : 
	               32 Bit    Registers := 1     
	                2 Bit    Registers := 1     
+---Muxes : 
	   4 Input     32 Bit        Muxes := 1     
	   2 Input     32 Bit        Muxes := 2     
	   8 Input     32 Bit        Muxes := 1     
	   3 Input     16 Bit        Muxes := 1     
	   2 Input      8 Bit        Muxes := 1     
	   2 Input      4 Bit        Muxes := 5     
	   2 Input      3 Bit        Muxes := 2     
	   4 Input      2 Bit        Muxes := 1     
	   2 Input      2 Bit        Muxes := 1     
Module cacheram__1 
Detailed RTL Component Info : 
+---Registers : 
	              128 Bit    Registers := 1     
+---RAMs : 
	              16K Bit         RAMs := 1     
Module cacheram__2 
Detailed RTL Component Info : 
+---Registers : 
	              128 Bit    Registers := 1     
+---RAMs : 
	              16K Bit         RAMs := 1     
Module cacheram__3 
Detailed RTL Component Info : 
+---Registers : 
	              128 Bit    Registers := 1     
+---RAMs : 
	              16K Bit         RAMs := 1     
Module cacheram 
Detailed RTL Component Info : 
+---Registers : 
	              128 Bit    Registers := 1     
+---RAMs : 
	              16K Bit         RAMs := 1     
Module useq 
Detailed RTL Component Info : 
+---Adders : 
	   2 Input      7 Bit       Adders := 1     
	   3 Input      6 Bit       Adders := 1     
	   2 Input      6 Bit       Adders := 2     
	   2 Input      2 Bit       Adders := 2     
+---Registers : 
	              256 Bit    Registers := 1     
	              128 Bit    Registers := 5     
	               32 Bit    Registers := 1     
	               21 Bit    Registers := 4     
	                7 Bit    Registers := 1     
	                6 Bit    Registers := 1     
	                4 Bit    Registers := 4     
	                2 Bit    Registers := 2     
	                1 Bit    Registers := 11    
+---Muxes : 
	   9 Input    256 Bit        Muxes := 1     
	   2 Input    256 Bit        Muxes := 3     
	   2 Input    128 Bit        Muxes := 22    
	   6 Input    128 Bit        Muxes := 4     
	   4 Input    128 Bit        Muxes := 1     
	   5 Input      7 Bit        Muxes := 2     
	   2 Input      7 Bit        Muxes := 5     
	   2 Input      6 Bit        Muxes := 3     
	   2 Input      4 Bit        Muxes := 4     
	   2 Input      2 Bit        Muxes := 3     
	   2 Input      1 Bit        Muxes := 40    
	   5 Input      1 Bit        Muxes := 1     
	   4 Input      1 Bit        Muxes := 2     
	   3 Input      1 Bit        Muxes := 1     
Module Dtlb 
Detailed RTL Component Info : 
+---Adders : 
	   2 Input      9 Bit       Adders := 1     
	   2 Input      3 Bit       Adders := 2     
+---XORs : 
	   2 Input      1 Bit         XORs := 4     
+---Registers : 
	               34 Bit    Registers := 10    
	               32 Bit    Registers := 7     
	                9 Bit    Registers := 1     
	                3 Bit    Registers := 4     
	                2 Bit    Registers := 2     
	                1 Bit    Registers := 14    
+---Muxes : 
	   2 Input     34 Bit        Muxes := 2     
	   3 Input     34 Bit        Muxes := 1     
	   2 Input     32 Bit        Muxes := 7     
	   2 Input     20 Bit        Muxes := 8     
	  19 Input     10 Bit        Muxes := 1     
	   2 Input      9 Bit        Muxes := 1     
	   2 Input      3 Bit        Muxes := 4     
	   4 Input      2 Bit        Muxes := 2     
	   2 Input      2 Bit        Muxes := 2     
	   2 Input      1 Bit        Muxes := 21    
	   9 Input      1 Bit        Muxes := 10    
	  11 Input      1 Bit        Muxes := 1     
	   5 Input      1 Bit        Muxes := 1     
	   3 Input      1 Bit        Muxes := 2     
	   7 Input      1 Bit        Muxes := 1     
	   4 Input      1 Bit        Muxes := 8     
	   6 Input      1 Bit        Muxes := 13    
Module Itlb 
Detailed RTL Component Info : 
+---Adders : 
	   2 Input      9 Bit       Adders := 1     
	   2 Input      3 Bit       Adders := 2     
+---Registers : 
	               34 Bit    Registers := 10    
	               32 Bit    Registers := 5     
	                9 Bit    Registers := 1     
	                3 Bit    Registers := 4     
	                2 Bit    Registers := 1     
	                1 Bit    Registers := 12    
+---Muxes : 
	   2 Input     34 Bit        Muxes := 2     
	   3 Input     34 Bit        Muxes := 1     
	   2 Input     32 Bit        Muxes := 7     
	   2 Input     20 Bit        Muxes := 8     
	  19 Input     10 Bit        Muxes := 1     
	   2 Input      9 Bit        Muxes := 1     
	   2 Input      3 Bit        Muxes := 4     
	   4 Input      2 Bit        Muxes := 2     
	   2 Input      2 Bit        Muxes := 2     
	   2 Input      1 Bit        Muxes := 21    
	   9 Input      1 Bit        Muxes := 10    
	  11 Input      1 Bit        Muxes := 1     
	   5 Input      1 Bit        Muxes := 1     
	   3 Input      1 Bit        Muxes := 2     
	   7 Input      1 Bit        Muxes := 1     
	   4 Input      1 Bit        Muxes := 8     
	   6 Input      1 Bit        Muxes := 13    
Module datacache 
Detailed RTL Component Info : 
+---Registers : 
	               32 Bit    Registers := 1     
+---RAMs : 
	              64K Bit         RAMs := 1     
Module biu32_axi 
Detailed RTL Component Info : 
+---Adders : 
	   2 Input      5 Bit       Adders := 1     
+---Registers : 
	              256 Bit    Registers := 8     
	              128 Bit    Registers := 1     
	               32 Bit    Registers := 19    
	                8 Bit    Registers := 2     
	                5 Bit    Registers := 2     
	                4 Bit    Registers := 1     
	                3 Bit    Registers := 3     
	                2 Bit    Registers := 6     
	                1 Bit    Registers := 23    
+---Muxes : 
	   2 Input    128 Bit        Muxes := 4     
	   4 Input    128 Bit        Muxes := 2     
	  17 Input    128 Bit        Muxes := 2     
	   4 Input     32 Bit        Muxes := 3     
	   2 Input     32 Bit        Muxes := 32    
	  17 Input     32 Bit        Muxes := 5     
	  32 Input     32 Bit        Muxes := 1     
	   2 Input     24 Bit        Muxes := 3     
	   2 Input      8 Bit        Muxes := 2     
	   4 Input      8 Bit        Muxes := 1     
	   3 Input      8 Bit        Muxes := 1     
	  17 Input      8 Bit        Muxes := 2     
	   9 Input      5 Bit        Muxes := 1     
	   2 Input      5 Bit        Muxes := 1     
	  17 Input      5 Bit        Muxes := 2     
	   9 Input      4 Bit        Muxes := 1     
	   2 Input      4 Bit        Muxes := 5     
	   7 Input      4 Bit        Muxes := 1     
	  17 Input      4 Bit        Muxes := 1     
	   7 Input      3 Bit        Muxes := 1     
	   2 Input      3 Bit        Muxes := 4     
	   5 Input      3 Bit        Muxes := 1     
	   4 Input      3 Bit        Muxes := 1     
	   9 Input      3 Bit        Muxes := 1     
	   2 Input      2 Bit        Muxes := 1     
	   2 Input      1 Bit        Muxes := 44    
	   6 Input      1 Bit        Muxes := 8     
	  17 Input      1 Bit        Muxes := 32    
	   4 Input      1 Bit        Muxes := 2     
	   8 Input      1 Bit        Muxes := 2     
	   5 Input      1 Bit        Muxes := 14    
Module RSTGEN 
Detailed RTL Component Info : 
+---Adders : 
	   2 Input      8 Bit       Adders := 1     
+---Registers : 
	                8 Bit    Registers := 1     
Module axi_rom 
Detailed RTL Component Info : 
+---Adders : 
	   2 Input     11 Bit       Adders := 3     
	   2 Input     10 Bit       Adders := 1     
	   2 Input      8 Bit       Adders := 1     
+---Registers : 
	               10 Bit    Registers := 2     
	                8 Bit    Registers := 6     
	                1 Bit    Registers := 5     
+---ROMs : 
	                              ROMs := 4     
+---Muxes : 
	   2 Input     10 Bit        Muxes := 2     
	   2 Input      8 Bit        Muxes := 1     
	   2 Input      1 Bit        Muxes := 12    
Module notech_reg__1 
Detailed RTL Component Info : 
+---Registers : 
	                1 Bit    Registers := 1     
Module notech_reg__2 
Detailed RTL Component Info : 
+---Registers : 
	                1 Bit    Registers := 1     
Module notech_reg__3 
Detailed RTL Component Info : 
+---Registers : 
	                1 Bit    Registers := 1     
Module notech_reg__4 
Detailed RTL Component Info : 
+---Registers : 
	                1 Bit    Registers := 1     
Module notech_reg__5 
Detailed RTL Component Info : 
+---Registers : 
	                1 Bit    Registers := 1     
Module notech_reg__6 
Detailed RTL Component Info : 
+---Registers : 
	                1 Bit    Registers := 1     
Module notech_reg__7 
Detailed RTL Component Info : 
+---Registers : 
	                1 Bit    Registers := 1     
Module notech_reg__8 
Detailed RTL Component Info : 
+---Registers : 
	                1 Bit    Registers := 1     
Module notech_reg__9 
Detailed RTL Component Info : 
+---Registers : 
	                1 Bit    Registers := 1     
Module notech_reg__10 
Detailed RTL Component Info : 
+---Registers : 
	                1 Bit    Registers := 1     
Module notech_reg__11 
Detailed RTL Component Info : 
+---Registers : 
	                1 Bit    Registers := 1     
Module notech_reg__12 
Detailed RTL Component Info : 
+---Registers : 
	                1 Bit    Registers := 1     
Module notech_reg__13 
Detailed RTL Component Info : 
+---Registers : 
	                1 Bit    Registers := 1     
Module notech_reg__14 
Detailed RTL Component Info : 
+---Registers : 
	                1 Bit    Registers := 1     
Module notech_reg__15 
Detailed RTL Component Info : 
+---Registers : 
	                1 Bit    Registers := 1     
Module notech_reg__16 
Detailed RTL Component Info : 
+---Registers : 
	                1 Bit    Registers := 1     
Module notech_reg__17 
Detailed RTL Component Info : 
+---Registers : 
	                1 Bit    Registers := 1     
Module notech_reg__18 
Detailed RTL Component Info : 
+---Registers : 
	                1 Bit    Registers := 1     
Module notech_reg__19 
Detailed RTL Component Info : 
+---Registers : 
	                1 Bit    Registers := 1     
Module notech_reg__20 
Detailed RTL Component Info : 
+---Registers : 
	                1 Bit    Registers := 1     
Module notech_reg__21 
Detailed RTL Component Info : 
+---Registers : 
	                1 Bit    Registers := 1     
Module notech_reg__22 
Detailed RTL Component Info : 
+---Registers : 
	                1 Bit    Registers := 1     
Module notech_reg__23 
Detailed RTL Component Info : 
+---Registers : 
	                1 Bit    Registers := 1     
Module notech_reg__24 
Detailed RTL Component Info : 
+---Registers : 
	                1 Bit    Registers := 1     
Module notech_reg__25 
Detailed RTL Component Info : 
+---Registers : 
	                1 Bit    Registers := 1     
Module notech_reg__26 
Detailed RTL Component Info : 
+---Registers : 
	                1 Bit    Registers := 1     
Module notech_reg__27 
Detailed RTL Component Info : 
+---Registers : 
	                1 Bit    Registers := 1     
Module notech_reg__28 
Detailed RTL Component Info : 
+---Registers : 
	                1 Bit    Registers := 1     
Module notech_reg__29 
Detailed RTL Component Info : 
+---Registers : 
	                1 Bit    Registers := 1     
Module notech_reg__30 
Detailed RTL Component Info : 
+---Registers : 
	                1 Bit    Registers := 1     
Module notech_reg__31 
Detailed RTL Component Info : 
+---Registers : 
	                1 Bit    Registers := 1     
Module notech_reg__32 
Detailed RTL Component Info : 
+---Registers : 
	                1 Bit    Registers := 1     
Module notech_reg__33 
Detailed RTL Component Info : 
+---Registers : 
	                1 Bit    Registers := 1     
Module notech_reg__34 
Detailed RTL Component Info : 
+---Registers : 
	                1 Bit    Registers := 1     
Module notech_reg__35 
Detailed RTL Component Info : 
+---Registers : 
	                1 Bit    Registers := 1     
Module notech_reg__36 
Detailed RTL Component Info : 
+---Registers : 
	                1 Bit    Registers := 1     
Module notech_reg__37 
Detailed RTL Component Info : 
+---Registers : 
	                1 Bit    Registers := 1     
Module notech_reg__38 
Detailed RTL Component Info : 
+---Registers : 
	                1 Bit    Registers := 1     
Module notech_reg__39 
Detailed RTL Component Info : 
+---Registers : 
	                1 Bit    Registers := 1     
Module notech_reg__40 
Detailed RTL Component Info : 
+---Registers : 
	                1 Bit    Registers := 1     
Module notech_reg__41 
Detailed RTL Component Info : 
+---Registers : 
	                1 Bit    Registers := 1     
Module notech_reg__42 
Detailed RTL Component Info : 
+---Registers : 
	                1 Bit    Registers := 1     
Module notech_reg__43 
Detailed RTL Component Info : 
+---Registers : 
	                1 Bit    Registers := 1     
Module notech_reg__44 
Detailed RTL Component Info : 
+---Registers : 
	                1 Bit    Registers := 1     
Module notech_reg__45 
Detailed RTL Component Info : 
+---Registers : 
	                1 Bit    Registers := 1     
Module notech_reg__46 
Detailed RTL Component Info : 
+---Registers : 
	                1 Bit    Registers := 1     
Module notech_reg__47 
Detailed RTL Component Info : 
+---Registers : 
	                1 Bit    Registers := 1     
Module notech_reg__48 
Detailed RTL Component Info : 
+---Registers : 
	                1 Bit    Registers := 1     
Module notech_reg__49 
Detailed RTL Component Info : 
+---Registers : 
	                1 Bit    Registers := 1     
Module notech_reg__50 
Detailed RTL Component Info : 
+---Registers : 
	                1 Bit    Registers := 1     
Module notech_reg__51 
Detailed RTL Component Info : 
+---Registers : 
	                1 Bit    Registers := 1     
Module notech_reg__52 
Detailed RTL Component Info : 
+---Registers : 
	                1 Bit    Registers := 1     
Module notech_reg__53 
Detailed RTL Component Info : 
+---Registers : 
	                1 Bit    Registers := 1     
Module notech_reg__54 
Detailed RTL Component Info : 
+---Registers : 
	                1 Bit    Registers := 1     
Module notech_reg__55 
Detailed RTL Component Info : 
+---Registers : 
	                1 Bit    Registers := 1     
Module notech_reg__56 
Detailed RTL Component Info : 
+---Registers : 
	                1 Bit    Registers := 1     
Module notech_reg__57 
Detailed RTL Component Info : 
+---Registers : 
	                1 Bit    Registers := 1     
Module notech_reg__58 
Detailed RTL Component Info : 
+---Registers : 
	                1 Bit    Registers := 1     
Module notech_reg__59 
Detailed RTL Component Info : 
+---Registers : 
	                1 Bit    Registers := 1     
Module notech_reg__60 
Detailed RTL Component Info : 
+---Registers : 
	                1 Bit    Registers := 1     
Module notech_reg__61 
Detailed RTL Component Info : 
+---Registers : 
	                1 Bit    Registers := 1     
Module notech_reg__62 
Detailed RTL Component Info : 
+---Registers : 
	                1 Bit    Registers := 1     
Module notech_reg__63 
Detailed RTL Component Info : 
+---Registers : 
	                1 Bit    Registers := 1     
Module notech_reg__64 
Detailed RTL Component Info : 
+---Registers : 
	                1 Bit    Registers := 1     
Module notech_reg__65 
Detailed RTL Component Info : 
+---Registers : 
	                1 Bit    Registers := 1     
Module notech_reg__66 
Detailed RTL Component Info : 
+---Registers : 
	                1 Bit    Registers := 1     
Module notech_reg__67 
Detailed RTL Component Info : 
+---Registers : 
	                1 Bit    Registers := 1     
Module notech_reg__68 
Detailed RTL Component Info : 
+---Registers : 
	                1 Bit    Registers := 1     
Module notech_reg__69 
Detailed RTL Component Info : 
+---Registers : 
	                1 Bit    Registers := 1     
Module notech_reg__70 
Detailed RTL Component Info : 
+---Registers : 
	                1 Bit    Registers := 1     
Module notech_reg__71 
Detailed RTL Component Info : 
+---Registers : 
	                1 Bit    Registers := 1     
Module notech_reg__72 
Detailed RTL Component Info : 
+---Registers : 
	                1 Bit    Registers := 1     
Module notech_reg__73 
Detailed RTL Component Info : 
+---Registers : 
	                1 Bit    Registers := 1     
Module notech_reg__74 
Detailed RTL Component Info : 
+---Registers : 
	                1 Bit    Registers := 1     
Module notech_reg__75 
Detailed RTL Component Info : 
+---Registers : 
	                1 Bit    Registers := 1     
Module notech_reg__76 
Detailed RTL Component Info : 
+---Registers : 
	                1 Bit    Registers := 1     
Module notech_reg__77 
Detailed RTL Component Info : 
+---Registers : 
	                1 Bit    Registers := 1     
Module notech_reg__78 
Detailed RTL Component Info : 
+---Registers : 
	                1 Bit    Registers := 1     
Module notech_reg__79 
Detailed RTL Component Info : 
+---Registers : 
	                1 Bit    Registers := 1     
Module notech_reg__80 
Detailed RTL Component Info : 
+---Registers : 
	                1 Bit    Registers := 1     
Module notech_reg__81 
Detailed RTL Component Info : 
+---Registers : 
	                1 Bit    Registers := 1     
Module notech_reg__82 
Detailed RTL Component Info : 
+---Registers : 
	                1 Bit    Registers := 1     
Module notech_reg__83 
Detailed RTL Component Info : 
+---Registers : 
	                1 Bit    Registers := 1     
Module notech_reg__84 
Detailed RTL Component Info : 
+---Registers : 
	                1 Bit    Registers := 1     
Module notech_reg__85 
Detailed RTL Component Info : 
+---Registers : 
	                1 Bit    Registers := 1     
Module notech_reg__86 
Detailed RTL Component Info : 
+---Registers : 
	                1 Bit    Registers := 1     
Module notech_reg__87 
Detailed RTL Component Info : 
+---Registers : 
	                1 Bit    Registers := 1     
Module notech_reg__88 
Detailed RTL Component Info : 
+---Registers : 
	                1 Bit    Registers := 1     
Module notech_reg__89 
Detailed RTL Component Info : 
+---Registers : 
	                1 Bit    Registers := 1     
Module notech_reg__90 
Detailed RTL Component Info : 
+---Registers : 
	                1 Bit    Registers := 1     
Module notech_reg__91 
Detailed RTL Component Info : 
+---Registers : 
	                1 Bit    Registers := 1     
Module notech_reg__92 
Detailed RTL Component Info : 
+---Registers : 
	                1 Bit    Registers := 1     
Module notech_reg__93 
Detailed RTL Component Info : 
+---Registers : 
	                1 Bit    Registers := 1     
Module notech_reg__94 
Detailed RTL Component Info : 
+---Registers : 
	                1 Bit    Registers := 1     
Module notech_reg__95 
Detailed RTL Component Info : 
+---Registers : 
	                1 Bit    Registers := 1     
Module notech_reg__96 
Detailed RTL Component Info : 
+---Registers : 
	                1 Bit    Registers := 1     
Module notech_reg__97 
Detailed RTL Component Info : 
+---Registers : 
	                1 Bit    Registers := 1     
Module notech_reg__98 
Detailed RTL Component Info : 
+---Registers : 
	                1 Bit    Registers := 1     
Module notech_reg__99 
Detailed RTL Component Info : 
+---Registers : 
	                1 Bit    Registers := 1     
Module notech_reg__100 
Detailed RTL Component Info : 
+---Registers : 
	                1 Bit    Registers := 1     
Module notech_reg__101 
Detailed RTL Component Info : 
+---Registers : 
	                1 Bit    Registers := 1     
Module notech_reg__102 
Detailed RTL Component Info : 
+---Registers : 
	                1 Bit    Registers := 1     
Module notech_reg__103 
Detailed RTL Component Info : 
+---Registers : 
	                1 Bit    Registers := 1     
Module notech_reg__104 
Detailed RTL Component Info : 
+---Registers : 
	                1 Bit    Registers := 1     
Module notech_reg__105 
Detailed RTL Component Info : 
+---Registers : 
	                1 Bit    Registers := 1     
Module notech_reg__106 
Detailed RTL Component Info : 
+---Registers : 
	                1 Bit    Registers := 1     
Module notech_reg__107 
Detailed RTL Component Info : 
+---Registers : 
	                1 Bit    Registers := 1     
Module notech_reg__108 
Detailed RTL Component Info : 
+---Registers : 
	                1 Bit    Registers := 1     
Module notech_reg__109 
Detailed RTL Component Info : 
+---Registers : 
	                1 Bit    Registers := 1     
Module notech_reg__110 
Detailed RTL Component Info : 
+---Registers : 
	                1 Bit    Registers := 1     
Module notech_reg__111 
Detailed RTL Component Info : 
+---Registers : 
	                1 Bit    Registers := 1     
Module notech_reg_set__1 
Detailed RTL Component Info : 
+---Registers : 
	                1 Bit    Registers := 1     
Module notech_reg_set__2 
Detailed RTL Component Info : 
+---Registers : 
	                1 Bit    Registers := 1     
Module notech_reg_set__3 
Detailed RTL Component Info : 
+---Registers : 
	                1 Bit    Registers := 1     
Module notech_reg_set__4 
Detailed RTL Component Info : 
+---Registers : 
	                1 Bit    Registers := 1     
Module notech_reg_set__5 
Detailed RTL Component Info : 
+---Registers : 
	                1 Bit    Registers := 1     
Module notech_reg_set__6 
Detailed RTL Component Info : 
+---Registers : 
	                1 Bit    Registers := 1     
Module notech_reg_set__7 
Detailed RTL Component Info : 
+---Registers : 
	                1 Bit    Registers := 1     
Module notech_mux2__1 
Detailed RTL Component Info : 
+---Muxes : 
	   2 Input      1 Bit        Muxes := 1     
Module notech_mux2__2 
Detailed RTL Component Info : 
+---Muxes : 
	   2 Input      1 Bit        Muxes := 1     
Module notech_mux2__3 
Detailed RTL Component Info : 
+---Muxes : 
	   2 Input      1 Bit        Muxes := 1     
Module notech_mux2__4 
Detailed RTL Component Info : 
+---Muxes : 
	   2 Input      1 Bit        Muxes := 1     
Module notech_mux2__5 
Detailed RTL Component Info : 
+---Muxes : 
	   2 Input      1 Bit        Muxes := 1     
Module notech_mux2__6 
Detailed RTL Component Info : 
+---Muxes : 
	   2 Input      1 Bit        Muxes := 1     
Module notech_mux2__7 
Detailed RTL Component Info : 
+---Muxes : 
	   2 Input      1 Bit        Muxes := 1     
Module notech_mux2__8 
Detailed RTL Component Info : 
+---Muxes : 
	   2 Input      1 Bit        Muxes := 1     
Module notech_mux2__9 
Detailed RTL Component Info : 
+---Muxes : 
	   2 Input      1 Bit        Muxes := 1     
Module notech_mux2__10 
Detailed RTL Component Info : 
+---Muxes : 
	   2 Input      1 Bit        Muxes := 1     
Module notech_mux2__11 
Detailed RTL Component Info : 
+---Muxes : 
	   2 Input      1 Bit        Muxes := 1     
Module notech_mux2__12 
Detailed RTL Component Info : 
+---Muxes : 
	   2 Input      1 Bit        Muxes := 1     
Module notech_mux2__13 
Detailed RTL Component Info : 
+---Muxes : 
	   2 Input      1 Bit        Muxes := 1     
Module notech_mux2__14 
Detailed RTL Component Info : 
+---Muxes : 
	   2 Input      1 Bit        Muxes := 1     
Module notech_mux2__15 
Detailed RTL Component Info : 
+---Muxes : 
	   2 Input      1 Bit        Muxes := 1     
Module notech_mux2__16 
Detailed RTL Component Info : 
+---Muxes : 
	   2 Input      1 Bit        Muxes := 1     
Module notech_mux2__17 
Detailed RTL Component Info : 
+---Muxes : 
	   2 Input      1 Bit        Muxes := 1     
Module notech_mux2__18 
Detailed RTL Component Info : 
+---Muxes : 
	   2 Input      1 Bit        Muxes := 1     
Module notech_mux2__19 
Detailed RTL Component Info : 
+---Muxes : 
	   2 Input      1 Bit        Muxes := 1     
Module notech_mux2__20 
Detailed RTL Component Info : 
+---Muxes : 
	   2 Input      1 Bit        Muxes := 1     
Module notech_mux2__21 
Detailed RTL Component Info : 
+---Muxes : 
	   2 Input      1 Bit        Muxes := 1     
Module notech_mux2__22 
Detailed RTL Component Info : 
+---Muxes : 
	   2 Input      1 Bit        Muxes := 1     
Module notech_mux2__23 
Detailed RTL Component Info : 
+---Muxes : 
	   2 Input      1 Bit        Muxes := 1     
Module notech_mux2__24 
Detailed RTL Component Info : 
+---Muxes : 
	   2 Input      1 Bit        Muxes := 1     
Module notech_mux2__25 
Detailed RTL Component Info : 
+---Muxes : 
	   2 Input      1 Bit        Muxes := 1     
Module notech_mux2__26 
Detailed RTL Component Info : 
+---Muxes : 
	   2 Input      1 Bit        Muxes := 1     
Module notech_mux2__27 
Detailed RTL Component Info : 
+---Muxes : 
	   2 Input      1 Bit        Muxes := 1     
Module notech_mux2__28 
Detailed RTL Component Info : 
+---Muxes : 
	   2 Input      1 Bit        Muxes := 1     
Module notech_mux2__29 
Detailed RTL Component Info : 
+---Muxes : 
	   2 Input      1 Bit        Muxes := 1     
Module notech_mux2__30 
Detailed RTL Component Info : 
+---Muxes : 
	   2 Input      1 Bit        Muxes := 1     
Module notech_mux2__31 
Detailed RTL Component Info : 
+---Muxes : 
	   2 Input      1 Bit        Muxes := 1     
Module notech_mux2__32 
Detailed RTL Component Info : 
+---Muxes : 
	   2 Input      1 Bit        Muxes := 1     
Module notech_mux2__33 
Detailed RTL Component Info : 
+---Muxes : 
	   2 Input      1 Bit        Muxes := 1     
Module notech_mux2__34 
Detailed RTL Component Info : 
+---Muxes : 
	   2 Input      1 Bit        Muxes := 1     
Module notech_mux2__35 
Detailed RTL Component Info : 
+---Muxes : 
	   2 Input      1 Bit        Muxes := 1     
Module notech_mux2__36 
Detailed RTL Component Info : 
+---Muxes : 
	   2 Input      1 Bit        Muxes := 1     
Module notech_mux2__37 
Detailed RTL Component Info : 
+---Muxes : 
	   2 Input      1 Bit        Muxes := 1     
Module notech_mux2__38 
Detailed RTL Component Info : 
+---Muxes : 
	   2 Input      1 Bit        Muxes := 1     
Module notech_mux2__39 
Detailed RTL Component Info : 
+---Muxes : 
	   2 Input      1 Bit        Muxes := 1     
Module notech_mux2__40 
Detailed RTL Component Info : 
+---Muxes : 
	   2 Input      1 Bit        Muxes := 1     
Module notech_mux2__41 
Detailed RTL Component Info : 
+---Muxes : 
	   2 Input      1 Bit        Muxes := 1     
Module notech_mux2__42 
Detailed RTL Component Info : 
+---Muxes : 
	   2 Input      1 Bit        Muxes := 1     
Module notech_mux2__43 
Detailed RTL Component Info : 
+---Muxes : 
	   2 Input      1 Bit        Muxes := 1     
Module notech_mux2__44 
Detailed RTL Component Info : 
+---Muxes : 
	   2 Input      1 Bit        Muxes := 1     
Module notech_mux2__45 
Detailed RTL Component Info : 
+---Muxes : 
	   2 Input      1 Bit        Muxes := 1     
Module notech_mux2__46 
Detailed RTL Component Info : 
+---Muxes : 
	   2 Input      1 Bit        Muxes := 1     
Module notech_mux2__47 
Detailed RTL Component Info : 
+---Muxes : 
	   2 Input      1 Bit        Muxes := 1     
Module notech_mux2__48 
Detailed RTL Component Info : 
+---Muxes : 
	   2 Input      1 Bit        Muxes := 1     
Module notech_mux2__49 
Detailed RTL Component Info : 
+---Muxes : 
	   2 Input      1 Bit        Muxes := 1     
Module notech_mux2__50 
Detailed RTL Component Info : 
+---Muxes : 
	   2 Input      1 Bit        Muxes := 1     
Module notech_mux2__51 
Detailed RTL Component Info : 
+---Muxes : 
	   2 Input      1 Bit        Muxes := 1     
Module notech_mux2__52 
Detailed RTL Component Info : 
+---Muxes : 
	   2 Input      1 Bit        Muxes := 1     
Module notech_mux2__53 
Detailed RTL Component Info : 
+---Muxes : 
	   2 Input      1 Bit        Muxes := 1     
Module notech_mux2__54 
Detailed RTL Component Info : 
+---Muxes : 
	   2 Input      1 Bit        Muxes := 1     
Module notech_mux2__55 
Detailed RTL Component Info : 
+---Muxes : 
	   2 Input      1 Bit        Muxes := 1     
Module notech_mux2__56 
Detailed RTL Component Info : 
+---Muxes : 
	   2 Input      1 Bit        Muxes := 1     
Module notech_mux2__57 
Detailed RTL Component Info : 
+---Muxes : 
	   2 Input      1 Bit        Muxes := 1     
Module notech_mux2__58 
Detailed RTL Component Info : 
+---Muxes : 
	   2 Input      1 Bit        Muxes := 1     
Module notech_mux2__59 
Detailed RTL Component Info : 
+---Muxes : 
	   2 Input      1 Bit        Muxes := 1     
Module notech_mux2__60 
Detailed RTL Component Info : 
+---Muxes : 
	   2 Input      1 Bit        Muxes := 1     
Module notech_mux2__61 
Detailed RTL Component Info : 
+---Muxes : 
	   2 Input      1 Bit        Muxes := 1     
Module notech_mux2__62 
Detailed RTL Component Info : 
+---Muxes : 
	   2 Input      1 Bit        Muxes := 1     
Module notech_mux2__63 
Detailed RTL Component Info : 
+---Muxes : 
	   2 Input      1 Bit        Muxes := 1     
Module notech_mux2__64 
Detailed RTL Component Info : 
+---Muxes : 
	   2 Input      1 Bit        Muxes := 1     
Module notech_mux2__65 
Detailed RTL Component Info : 
+---Muxes : 
	   2 Input      1 Bit        Muxes := 1     
Module notech_mux2__66 
Detailed RTL Component Info : 
+---Muxes : 
	   2 Input      1 Bit        Muxes := 1     
Module notech_mux2__67 
Detailed RTL Component Info : 
+---Muxes : 
	   2 Input      1 Bit        Muxes := 1     
Module notech_mux2__68 
Detailed RTL Component Info : 
+---Muxes : 
	   2 Input      1 Bit        Muxes := 1     
Module notech_mux2__69 
Detailed RTL Component Info : 
+---Muxes : 
	   2 Input      1 Bit        Muxes := 1     
Module notech_mux2__70 
Detailed RTL Component Info : 
+---Muxes : 
	   2 Input      1 Bit        Muxes := 1     
Module notech_mux2__71 
Detailed RTL Component Info : 
+---Muxes : 
	   2 Input      1 Bit        Muxes := 1     
Module notech_mux2__72 
Detailed RTL Component Info : 
+---Muxes : 
	   2 Input      1 Bit        Muxes := 1     
Module notech_mux2__73 
Detailed RTL Component Info : 
+---Muxes : 
	   2 Input      1 Bit        Muxes := 1     
Module notech_mux2__74 
Detailed RTL Component Info : 
+---Muxes : 
	   2 Input      1 Bit        Muxes := 1     
Module notech_mux2__75 
Detailed RTL Component Info : 
+---Muxes : 
	   2 Input      1 Bit        Muxes := 1     
Module notech_xor2__1 
Detailed RTL Component Info : 
+---XORs : 
	   2 Input      1 Bit         XORs := 1     
Module notech_mux2__76 
Detailed RTL Component Info : 
+---Muxes : 
	   2 Input      1 Bit        Muxes := 1     
Module notech_xor2__2 
Detailed RTL Component Info : 
+---XORs : 
	   2 Input      1 Bit         XORs := 1     
Module notech_mux2__77 
Detailed RTL Component Info : 
+---Muxes : 
	   2 Input      1 Bit        Muxes := 1     
Module notech_mux2__78 
Detailed RTL Component Info : 
+---Muxes : 
	   2 Input      1 Bit        Muxes := 1     
Module notech_mux2__79 
Detailed RTL Component Info : 
+---Muxes : 
	   2 Input      1 Bit        Muxes := 1     
Module notech_mux2__80 
Detailed RTL Component Info : 
+---Muxes : 
	   2 Input      1 Bit        Muxes := 1     
Module notech_mux2__81 
Detailed RTL Component Info : 
+---Muxes : 
	   2 Input      1 Bit        Muxes := 1     
Module notech_mux2__82 
Detailed RTL Component Info : 
+---Muxes : 
	   2 Input      1 Bit        Muxes := 1     
Module notech_mux2__83 
Detailed RTL Component Info : 
+---Muxes : 
	   2 Input      1 Bit        Muxes := 1     
Module notech_mux2__84 
Detailed RTL Component Info : 
+---Muxes : 
	   2 Input      1 Bit        Muxes := 1     
Module notech_mux2__85 
Detailed RTL Component Info : 
+---Muxes : 
	   2 Input      1 Bit        Muxes := 1     
Module notech_reg__112 
Detailed RTL Component Info : 
+---Registers : 
	                1 Bit    Registers := 1     
Module notech_reg__113 
Detailed RTL Component Info : 
+---Registers : 
	                1 Bit    Registers := 1     
Module notech_reg__114 
Detailed RTL Component Info : 
+---Registers : 
	                1 Bit    Registers := 1     
Module notech_reg__115 
Detailed RTL Component Info : 
+---Registers : 
	                1 Bit    Registers := 1     
Module notech_reg__116 
Detailed RTL Component Info : 
+---Registers : 
	                1 Bit    Registers := 1     
Module notech_reg__117 
Detailed RTL Component Info : 
+---Registers : 
	                1 Bit    Registers := 1     
Module notech_reg__118 
Detailed RTL Component Info : 
+---Registers : 
	                1 Bit    Registers := 1     
Module notech_reg__119 
Detailed RTL Component Info : 
+---Registers : 
	                1 Bit    Registers := 1     
Module notech_reg__120 
Detailed RTL Component Info : 
+---Registers : 
	                1 Bit    Registers := 1     
Module notech_reg__121 
Detailed RTL Component Info : 
+---Registers : 
	                1 Bit    Registers := 1     
Module notech_reg__122 
Detailed RTL Component Info : 
+---Registers : 
	                1 Bit    Registers := 1     
Module notech_reg__123 
Detailed RTL Component Info : 
+---Registers : 
	                1 Bit    Registers := 1     
Module notech_mux2__86 
Detailed RTL Component Info : 
+---Muxes : 
	   2 Input      1 Bit        Muxes := 1     
Module notech_xor2__3 
Detailed RTL Component Info : 
+---XORs : 
	   2 Input      1 Bit         XORs := 1     
Module notech_mux2__87 
Detailed RTL Component Info : 
+---Muxes : 
	   2 Input      1 Bit        Muxes := 1     
Module notech_xor2__4 
Detailed RTL Component Info : 
+---XORs : 
	   2 Input      1 Bit         XORs := 1     
Module notech_xor2__5 
Detailed RTL Component Info : 
+---XORs : 
	   2 Input      1 Bit         XORs := 1     
Module notech_reg__124 
Detailed RTL Component Info : 
+---Registers : 
	                1 Bit    Registers := 1     
Module notech_reg__125 
Detailed RTL Component Info : 
+---Registers : 
	                1 Bit    Registers := 1     
Module notech_reg__126 
Detailed RTL Component Info : 
+---Registers : 
	                1 Bit    Registers := 1     
Module notech_mux2__88 
Detailed RTL Component Info : 
+---Muxes : 
	   2 Input      1 Bit        Muxes := 1     
Module notech_xor2__6 
Detailed RTL Component Info : 
+---XORs : 
	   2 Input      1 Bit         XORs := 1     
Module notech_mux2__89 
Detailed RTL Component Info : 
+---Muxes : 
	   2 Input      1 Bit        Muxes := 1     
Module notech_xor2__7 
Detailed RTL Component Info : 
+---XORs : 
	   2 Input      1 Bit         XORs := 1     
Module notech_xor2__8 
Detailed RTL Component Info : 
+---XORs : 
	   2 Input      1 Bit         XORs := 1     
Module notech_reg__127 
Detailed RTL Component Info : 
+---Registers : 
	                1 Bit    Registers := 1     
Module notech_reg__128 
Detailed RTL Component Info : 
+---Registers : 
	                1 Bit    Registers := 1     
Module notech_reg__129 
Detailed RTL Component Info : 
+---Registers : 
	                1 Bit    Registers := 1     
Module notech_mux2__90 
Detailed RTL Component Info : 
+---Muxes : 
	   2 Input      1 Bit        Muxes := 1     
Module notech_xor2__9 
Detailed RTL Component Info : 
+---XORs : 
	   2 Input      1 Bit         XORs := 1     
Module notech_mux2__91 
Detailed RTL Component Info : 
+---Muxes : 
	   2 Input      1 Bit        Muxes := 1     
Module notech_xor2__10 
Detailed RTL Component Info : 
+---XORs : 
	   2 Input      1 Bit         XORs := 1     
Module notech_xor2__11 
Detailed RTL Component Info : 
+---XORs : 
	   2 Input      1 Bit         XORs := 1     
Module notech_reg__130 
Detailed RTL Component Info : 
+---Registers : 
	                1 Bit    Registers := 1     
Module notech_reg__131 
Detailed RTL Component Info : 
+---Registers : 
	                1 Bit    Registers := 1     
Module notech_reg__132 
Detailed RTL Component Info : 
+---Registers : 
	                1 Bit    Registers := 1     
Module notech_mux2__92 
Detailed RTL Component Info : 
+---Muxes : 
	   2 Input      1 Bit        Muxes := 1     
Module notech_xor2__12 
Detailed RTL Component Info : 
+---XORs : 
	   2 Input      1 Bit         XORs := 1     
Module notech_mux2__93 
Detailed RTL Component Info : 
+---Muxes : 
	   2 Input      1 Bit        Muxes := 1     
Module notech_xor2__13 
Detailed RTL Component Info : 
+---XORs : 
	   2 Input      1 Bit         XORs := 1     
Module notech_xor2__14 
Detailed RTL Component Info : 
+---XORs : 
	   2 Input      1 Bit         XORs := 1     
Module notech_reg__133 
Detailed RTL Component Info : 
+---Registers : 
	                1 Bit    Registers := 1     
Module notech_reg__134 
Detailed RTL Component Info : 
+---Registers : 
	                1 Bit    Registers := 1     
Module notech_reg__135 
Detailed RTL Component Info : 
+---Registers : 
	                1 Bit    Registers := 1     
Module notech_reg_set__8 
Detailed RTL Component Info : 
+---Registers : 
	                1 Bit    Registers := 1     
Module notech_reg__136 
Detailed RTL Component Info : 
+---Registers : 
	                1 Bit    Registers := 1     
Module notech_reg__137 
Detailed RTL Component Info : 
+---Registers : 
	                1 Bit    Registers := 1     
Module notech_reg__138 
Detailed RTL Component Info : 
+---Registers : 
	                1 Bit    Registers := 1     
Module notech_reg__139 
Detailed RTL Component Info : 
+---Registers : 
	                1 Bit    Registers := 1     
Module notech_reg__140 
Detailed RTL Component Info : 
+---Registers : 
	                1 Bit    Registers := 1     
Module notech_reg__141 
Detailed RTL Component Info : 
+---Registers : 
	                1 Bit    Registers := 1     
Module notech_reg__142 
Detailed RTL Component Info : 
+---Registers : 
	                1 Bit    Registers := 1     
Module notech_reg__143 
Detailed RTL Component Info : 
+---Registers : 
	                1 Bit    Registers := 1     
Module notech_reg__144 
Detailed RTL Component Info : 
+---Registers : 
	                1 Bit    Registers := 1     
Module notech_reg__145 
Detailed RTL Component Info : 
+---Registers : 
	                1 Bit    Registers := 1     
Module notech_reg__146 
Detailed RTL Component Info : 
+---Registers : 
	                1 Bit    Registers := 1     
Module notech_xor2__15 
Detailed RTL Component Info : 
+---XORs : 
	   2 Input      1 Bit         XORs := 1     
Module notech_xor2__16 
Detailed RTL Component Info : 
+---XORs : 
	   2 Input      1 Bit         XORs := 1     
Module notech_xor2__17 
Detailed RTL Component Info : 
+---XORs : 
	   2 Input      1 Bit         XORs := 1     
Module notech_xor2__18 
Detailed RTL Component Info : 
+---XORs : 
	   2 Input      1 Bit         XORs := 1     
Module notech_xor2__19 
Detailed RTL Component Info : 
+---XORs : 
	   2 Input      1 Bit         XORs := 1     
Module notech_xor2__20 
Detailed RTL Component Info : 
+---XORs : 
	   2 Input      1 Bit         XORs := 1     
Module notech_xor2__21 
Detailed RTL Component Info : 
+---XORs : 
	   2 Input      1 Bit         XORs := 1     
Module notech_xor2__22 
Detailed RTL Component Info : 
+---XORs : 
	   2 Input      1 Bit         XORs := 1     
Module notech_xor2__23 
Detailed RTL Component Info : 
+---XORs : 
	   2 Input      1 Bit         XORs := 1     
Module notech_xor2__24 
Detailed RTL Component Info : 
+---XORs : 
	   2 Input      1 Bit         XORs := 1     
Module notech_xor2__25 
Detailed RTL Component Info : 
+---XORs : 
	   2 Input      1 Bit         XORs := 1     
Module notech_xor2__26 
Detailed RTL Component Info : 
+---XORs : 
	   2 Input      1 Bit         XORs := 1     
Module notech_xor2__27 
Detailed RTL Component Info : 
+---XORs : 
	   2 Input      1 Bit         XORs := 1     
Module notech_xor2__28 
Detailed RTL Component Info : 
+---XORs : 
	   2 Input      1 Bit         XORs := 1     
Module notech_xor2__29 
Detailed RTL Component Info : 
+---XORs : 
	   2 Input      1 Bit         XORs := 1     
Module notech_xor2__30 
Detailed RTL Component Info : 
+---XORs : 
	   2 Input      1 Bit         XORs := 1     
Module notech_mux2__94 
Detailed RTL Component Info : 
+---Muxes : 
	   2 Input      1 Bit        Muxes := 1     
Module notech_reg__147 
Detailed RTL Component Info : 
+---Registers : 
	                1 Bit    Registers := 1     
Module notech_reg__148 
Detailed RTL Component Info : 
+---Registers : 
	                1 Bit    Registers := 1     
Module notech_reg__149 
Detailed RTL Component Info : 
+---Registers : 
	                1 Bit    Registers := 1     
Module notech_reg__150 
Detailed RTL Component Info : 
+---Registers : 
	                1 Bit    Registers := 1     
Module notech_reg__151 
Detailed RTL Component Info : 
+---Registers : 
	                1 Bit    Registers := 1     
Module notech_reg__152 
Detailed RTL Component Info : 
+---Registers : 
	                1 Bit    Registers := 1     
Module notech_reg__153 
Detailed RTL Component Info : 
+---Registers : 
	                1 Bit    Registers := 1     
Module notech_reg__154 
Detailed RTL Component Info : 
+---Registers : 
	                1 Bit    Registers := 1     
Module notech_reg__155 
Detailed RTL Component Info : 
+---Registers : 
	                1 Bit    Registers := 1     
Module notech_reg__156 
Detailed RTL Component Info : 
+---Registers : 
	                1 Bit    Registers := 1     
Module notech_reg__157 
Detailed RTL Component Info : 
+---Registers : 
	                1 Bit    Registers := 1     
Module notech_reg__158 
Detailed RTL Component Info : 
+---Registers : 
	                1 Bit    Registers := 1     
Module notech_reg__159 
Detailed RTL Component Info : 
+---Registers : 
	                1 Bit    Registers := 1     
Module notech_reg__160 
Detailed RTL Component Info : 
+---Registers : 
	                1 Bit    Registers := 1     
Module notech_reg__161 
Detailed RTL Component Info : 
+---Registers : 
	                1 Bit    Registers := 1     
Module notech_reg__162 
Detailed RTL Component Info : 
+---Registers : 
	                1 Bit    Registers := 1     
Module notech_reg__163 
Detailed RTL Component Info : 
+---Registers : 
	                1 Bit    Registers := 1     
Module notech_xor2__31 
Detailed RTL Component Info : 
+---XORs : 
	   2 Input      1 Bit         XORs := 1     
Module notech_ha2__1 
Detailed RTL Component Info : 
+---Adders : 
	   2 Input      2 Bit       Adders := 1     
Module notech_ha2__2 
Detailed RTL Component Info : 
+---Adders : 
	   2 Input      2 Bit       Adders := 1     
Module notech_ha2__3 
Detailed RTL Component Info : 
+---Adders : 
	   2 Input      2 Bit       Adders := 1     
Module notech_ha2__4 
Detailed RTL Component Info : 
+---Adders : 
	   2 Input      2 Bit       Adders := 1     
Module notech_ha2__5 
Detailed RTL Component Info : 
+---Adders : 
	   2 Input      2 Bit       Adders := 1     
Module notech_ha2__6 
Detailed RTL Component Info : 
+---Adders : 
	   2 Input      2 Bit       Adders := 1     
Module notech_ha2__7 
Detailed RTL Component Info : 
+---Adders : 
	   2 Input      2 Bit       Adders := 1     
Module notech_ha2__8 
Detailed RTL Component Info : 
+---Adders : 
	   2 Input      2 Bit       Adders := 1     
Module notech_ha2__9 
Detailed RTL Component Info : 
+---Adders : 
	   2 Input      2 Bit       Adders := 1     
Module notech_ha2__10 
Detailed RTL Component Info : 
+---Adders : 
	   2 Input      2 Bit       Adders := 1     
Module notech_ha2__11 
Detailed RTL Component Info : 
+---Adders : 
	   2 Input      2 Bit       Adders := 1     
Module notech_ha2__12 
Detailed RTL Component Info : 
+---Adders : 
	   2 Input      2 Bit       Adders := 1     
Module notech_ha2__13 
Detailed RTL Component Info : 
+---Adders : 
	   2 Input      2 Bit       Adders := 1     
Module notech_ha2__14 
Detailed RTL Component Info : 
+---Adders : 
	   2 Input      2 Bit       Adders := 1     
Module notech_xor2__32 
Detailed RTL Component Info : 
+---XORs : 
	   2 Input      1 Bit         XORs := 1     
Module notech_xor2__33 
Detailed RTL Component Info : 
+---XORs : 
	   2 Input      1 Bit         XORs := 1     
Module notech_xor2__34 
Detailed RTL Component Info : 
+---XORs : 
	   2 Input      1 Bit         XORs := 1     
Module notech_reg__164 
Detailed RTL Component Info : 
+---Registers : 
	                1 Bit    Registers := 1     
Module notech_reg__165 
Detailed RTL Component Info : 
+---Registers : 
	                1 Bit    Registers := 1     
Module notech_reg__166 
Detailed RTL Component Info : 
+---Registers : 
	                1 Bit    Registers := 1     
Module notech_reg__167 
Detailed RTL Component Info : 
+---Registers : 
	                1 Bit    Registers := 1     
Module notech_reg__168 
Detailed RTL Component Info : 
+---Registers : 
	                1 Bit    Registers := 1     
Module notech_xor2__35 
Detailed RTL Component Info : 
+---XORs : 
	   2 Input      1 Bit         XORs := 1     
Module notech_xor2__36 
Detailed RTL Component Info : 
+---XORs : 
	   2 Input      1 Bit         XORs := 1     
Module notech_xor2__37 
Detailed RTL Component Info : 
+---XORs : 
	   2 Input      1 Bit         XORs := 1     
Module notech_xor2__38 
Detailed RTL Component Info : 
+---XORs : 
	   2 Input      1 Bit         XORs := 1     
Module notech_xor2__39 
Detailed RTL Component Info : 
+---XORs : 
	   2 Input      1 Bit         XORs := 1     
Module notech_xor2__40 
Detailed RTL Component Info : 
+---XORs : 
	   2 Input      1 Bit         XORs := 1     
Module notech_xor2__41 
Detailed RTL Component Info : 
+---XORs : 
	   2 Input      1 Bit         XORs := 1     
Module notech_mux2__95 
Detailed RTL Component Info : 
+---Muxes : 
	   2 Input      1 Bit        Muxes := 1     
Module notech_mux2__96 
Detailed RTL Component Info : 
+---Muxes : 
	   2 Input      1 Bit        Muxes := 1     
Module notech_mux2__97 
Detailed RTL Component Info : 
+---Muxes : 
	   2 Input      1 Bit        Muxes := 1     
Module notech_mux2__98 
Detailed RTL Component Info : 
+---Muxes : 
	   2 Input      1 Bit        Muxes := 1     
Module notech_mux2__99 
Detailed RTL Component Info : 
+---Muxes : 
	   2 Input      1 Bit        Muxes := 1     
Module notech_mux2__100 
Detailed RTL Component Info : 
+---Muxes : 
	   2 Input      1 Bit        Muxes := 1     
Module notech_mux2__101 
Detailed RTL Component Info : 
+---Muxes : 
	   2 Input      1 Bit        Muxes := 1     
Module notech_mux2__102 
Detailed RTL Component Info : 
+---Muxes : 
	   2 Input      1 Bit        Muxes := 1     
Module notech_mux2__103 
Detailed RTL Component Info : 
+---Muxes : 
	   2 Input      1 Bit        Muxes := 1     
Module notech_mux2__104 
Detailed RTL Component Info : 
+---Muxes : 
	   2 Input      1 Bit        Muxes := 1     
Module notech_mux2__105 
Detailed RTL Component Info : 
+---Muxes : 
	   2 Input      1 Bit        Muxes := 1     
Module notech_mux2__106 
Detailed RTL Component Info : 
+---Muxes : 
	   2 Input      1 Bit        Muxes := 1     
Module notech_mux2__107 
Detailed RTL Component Info : 
+---Muxes : 
	   2 Input      1 Bit        Muxes := 1     
Module notech_mux2__108 
Detailed RTL Component Info : 
+---Muxes : 
	   2 Input      1 Bit        Muxes := 1     
Module notech_mux2__109 
Detailed RTL Component Info : 
+---Muxes : 
	   2 Input      1 Bit        Muxes := 1     
Module notech_mux2__110 
Detailed RTL Component Info : 
+---Muxes : 
	   2 Input      1 Bit        Muxes := 1     
Module notech_mux2__111 
Detailed RTL Component Info : 
+---Muxes : 
	   2 Input      1 Bit        Muxes := 1     
Module notech_mux2__112 
Detailed RTL Component Info : 
+---Muxes : 
	   2 Input      1 Bit        Muxes := 1     
Module notech_mux2__113 
Detailed RTL Component Info : 
+---Muxes : 
	   2 Input      1 Bit        Muxes := 1     
Module notech_mux2__114 
Detailed RTL Component Info : 
+---Muxes : 
	   2 Input      1 Bit        Muxes := 1     
Module notech_mux2__115 
Detailed RTL Component Info : 
+---Muxes : 
	   2 Input      1 Bit        Muxes := 1     
Module notech_mux2__116 
Detailed RTL Component Info : 
+---Muxes : 
	   2 Input      1 Bit        Muxes := 1     
Module notech_mux2__117 
Detailed RTL Component Info : 
+---Muxes : 
	   2 Input      1 Bit        Muxes := 1     
Module notech_mux2__118 
Detailed RTL Component Info : 
+---Muxes : 
	   2 Input      1 Bit        Muxes := 1     
Module notech_mux2__119 
Detailed RTL Component Info : 
+---Muxes : 
	   2 Input      1 Bit        Muxes := 1     
Module notech_mux2__120 
Detailed RTL Component Info : 
+---Muxes : 
	   2 Input      1 Bit        Muxes := 1     
Module notech_mux2__121 
Detailed RTL Component Info : 
+---Muxes : 
	   2 Input      1 Bit        Muxes := 1     
Module notech_mux2__122 
Detailed RTL Component Info : 
+---Muxes : 
	   2 Input      1 Bit        Muxes := 1     
Module notech_mux2__123 
Detailed RTL Component Info : 
+---Muxes : 
	   2 Input      1 Bit        Muxes := 1     
Module notech_mux2__124 
Detailed RTL Component Info : 
+---Muxes : 
	   2 Input      1 Bit        Muxes := 1     
Module notech_mux2__125 
Detailed RTL Component Info : 
+---Muxes : 
	   2 Input      1 Bit        Muxes := 1     
Module notech_mux2__126 
Detailed RTL Component Info : 
+---Muxes : 
	   2 Input      1 Bit        Muxes := 1     
Module notech_mux2__127 
Detailed RTL Component Info : 
+---Muxes : 
	   2 Input      1 Bit        Muxes := 1     
Module notech_mux2__128 
Detailed RTL Component Info : 
+---Muxes : 
	   2 Input      1 Bit        Muxes := 1     
Module notech_mux2__129 
Detailed RTL Component Info : 
+---Muxes : 
	   2 Input      1 Bit        Muxes := 1     
Module notech_mux2__130 
Detailed RTL Component Info : 
+---Muxes : 
	   2 Input      1 Bit        Muxes := 1     
Module notech_mux2__131 
Detailed RTL Component Info : 
+---Muxes : 
	   2 Input      1 Bit        Muxes := 1     
Module notech_mux2__132 
Detailed RTL Component Info : 
+---Muxes : 
	   2 Input      1 Bit        Muxes := 1     
Module notech_mux2__133 
Detailed RTL Component Info : 
+---Muxes : 
	   2 Input      1 Bit        Muxes := 1     
Module notech_mux2__134 
Detailed RTL Component Info : 
+---Muxes : 
	   2 Input      1 Bit        Muxes := 1     
Module notech_mux2__135 
Detailed RTL Component Info : 
+---Muxes : 
	   2 Input      1 Bit        Muxes := 1     
Module notech_mux2__136 
Detailed RTL Component Info : 
+---Muxes : 
	   2 Input      1 Bit        Muxes := 1     
Module notech_mux2__137 
Detailed RTL Component Info : 
+---Muxes : 
	   2 Input      1 Bit        Muxes := 1     
Module notech_mux2__138 
Detailed RTL Component Info : 
+---Muxes : 
	   2 Input      1 Bit        Muxes := 1     
Module notech_mux2__139 
Detailed RTL Component Info : 
+---Muxes : 
	   2 Input      1 Bit        Muxes := 1     
Module notech_mux2__140 
Detailed RTL Component Info : 
+---Muxes : 
	   2 Input      1 Bit        Muxes := 1     
Module notech_mux2__141 
Detailed RTL Component Info : 
+---Muxes : 
	   2 Input      1 Bit        Muxes := 1     
Module notech_mux2__142 
Detailed RTL Component Info : 
+---Muxes : 
	   2 Input      1 Bit        Muxes := 1     
Module notech_mux2__143 
Detailed RTL Component Info : 
+---Muxes : 
	   2 Input      1 Bit        Muxes := 1     
Module notech_mux2__144 
Detailed RTL Component Info : 
+---Muxes : 
	   2 Input      1 Bit        Muxes := 1     
Module notech_mux2__145 
Detailed RTL Component Info : 
+---Muxes : 
	   2 Input      1 Bit        Muxes := 1     
Module notech_mux2__146 
Detailed RTL Component Info : 
+---Muxes : 
	   2 Input      1 Bit        Muxes := 1     
Module notech_mux2__147 
Detailed RTL Component Info : 
+---Muxes : 
	   2 Input      1 Bit        Muxes := 1     
Module notech_mux2__148 
Detailed RTL Component Info : 
+---Muxes : 
	   2 Input      1 Bit        Muxes := 1     
Module notech_mux2__149 
Detailed RTL Component Info : 
+---Muxes : 
	   2 Input      1 Bit        Muxes := 1     
Module notech_mux2__150 
Detailed RTL Component Info : 
+---Muxes : 
	   2 Input      1 Bit        Muxes := 1     
Module notech_mux2__151 
Detailed RTL Component Info : 
+---Muxes : 
	   2 Input      1 Bit        Muxes := 1     
Module notech_mux2__152 
Detailed RTL Component Info : 
+---Muxes : 
	   2 Input      1 Bit        Muxes := 1     
Module notech_mux2__153 
Detailed RTL Component Info : 
+---Muxes : 
	   2 Input      1 Bit        Muxes := 1     
Module notech_mux2__154 
Detailed RTL Component Info : 
+---Muxes : 
	   2 Input      1 Bit        Muxes := 1     
Module notech_mux2__155 
Detailed RTL Component Info : 
+---Muxes : 
	   2 Input      1 Bit        Muxes := 1     
Module notech_mux2__156 
Detailed RTL Component Info : 
+---Muxes : 
	   2 Input      1 Bit        Muxes := 1     
Module notech_mux2__157 
Detailed RTL Component Info : 
+---Muxes : 
	   2 Input      1 Bit        Muxes := 1     
Module notech_mux2__158 
Detailed RTL Component Info : 
+---Muxes : 
	   2 Input      1 Bit        Muxes := 1     
Module notech_mux2__159 
Detailed RTL Component Info : 
+---Muxes : 
	   2 Input      1 Bit        Muxes := 1     
Module notech_mux2__160 
Detailed RTL Component Info : 
+---Muxes : 
	   2 Input      1 Bit        Muxes := 1     
Module notech_mux2__161 
Detailed RTL Component Info : 
+---Muxes : 
	   2 Input      1 Bit        Muxes := 1     
Module notech_mux2__162 
Detailed RTL Component Info : 
+---Muxes : 
	   2 Input      1 Bit        Muxes := 1     
Module notech_mux2__163 
Detailed RTL Component Info : 
+---Muxes : 
	   2 Input      1 Bit        Muxes := 1     
Module notech_mux2__164 
Detailed RTL Component Info : 
+---Muxes : 
	   2 Input      1 Bit        Muxes := 1     
Module notech_mux2__165 
Detailed RTL Component Info : 
+---Muxes : 
	   2 Input      1 Bit        Muxes := 1     
Module notech_mux2__166 
Detailed RTL Component Info : 
+---Muxes : 
	   2 Input      1 Bit        Muxes := 1     
Module notech_mux2__167 
Detailed RTL Component Info : 
+---Muxes : 
	   2 Input      1 Bit        Muxes := 1     
Module notech_mux2__168 
Detailed RTL Component Info : 
+---Muxes : 
	   2 Input      1 Bit        Muxes := 1     
Module notech_mux2__169 
Detailed RTL Component Info : 
+---Muxes : 
	   2 Input      1 Bit        Muxes := 1     
Module notech_mux2__170 
Detailed RTL Component Info : 
+---Muxes : 
	   2 Input      1 Bit        Muxes := 1     
Module notech_mux2__171 
Detailed RTL Component Info : 
+---Muxes : 
	   2 Input      1 Bit        Muxes := 1     
Module notech_mux2__172 
Detailed RTL Component Info : 
+---Muxes : 
	   2 Input      1 Bit        Muxes := 1     
Module notech_mux2__173 
Detailed RTL Component Info : 
+---Muxes : 
	   2 Input      1 Bit        Muxes := 1     
Module notech_mux2__174 
Detailed RTL Component Info : 
+---Muxes : 
	   2 Input      1 Bit        Muxes := 1     
Module notech_mux2__175 
Detailed RTL Component Info : 
+---Muxes : 
	   2 Input      1 Bit        Muxes := 1     
Module notech_mux2__176 
Detailed RTL Component Info : 
+---Muxes : 
	   2 Input      1 Bit        Muxes := 1     
Module notech_mux2__177 
Detailed RTL Component Info : 
+---Muxes : 
	   2 Input      1 Bit        Muxes := 1     
Module notech_mux2__178 
Detailed RTL Component Info : 
+---Muxes : 
	   2 Input      1 Bit        Muxes := 1     
Module notech_mux2__179 
Detailed RTL Component Info : 
+---Muxes : 
	   2 Input      1 Bit        Muxes := 1     
Module notech_mux2__180 
Detailed RTL Component Info : 
+---Muxes : 
	   2 Input      1 Bit        Muxes := 1     
Module notech_mux2__181 
Detailed RTL Component Info : 
+---Muxes : 
	   2 Input      1 Bit        Muxes := 1     
Module notech_mux2__182 
Detailed RTL Component Info : 
+---Muxes : 
	   2 Input      1 Bit        Muxes := 1     
Module notech_mux2__183 
Detailed RTL Component Info : 
+---Muxes : 
	   2 Input      1 Bit        Muxes := 1     
Module notech_mux2__184 
Detailed RTL Component Info : 
+---Muxes : 
	   2 Input      1 Bit        Muxes := 1     
Module notech_mux2__185 
Detailed RTL Component Info : 
+---Muxes : 
	   2 Input      1 Bit        Muxes := 1     
Module notech_mux2__186 
Detailed RTL Component Info : 
+---Muxes : 
	   2 Input      1 Bit        Muxes := 1     
Module notech_mux2__187 
Detailed RTL Component Info : 
+---Muxes : 
	   2 Input      1 Bit        Muxes := 1     
Module notech_mux2__188 
Detailed RTL Component Info : 
+---Muxes : 
	   2 Input      1 Bit        Muxes := 1     
Module notech_mux2__189 
Detailed RTL Component Info : 
+---Muxes : 
	   2 Input      1 Bit        Muxes := 1     
Module notech_mux2__190 
Detailed RTL Component Info : 
+---Muxes : 
	   2 Input      1 Bit        Muxes := 1     
Module notech_mux2__191 
Detailed RTL Component Info : 
+---Muxes : 
	   2 Input      1 Bit        Muxes := 1     
Module notech_mux2__192 
Detailed RTL Component Info : 
+---Muxes : 
	   2 Input      1 Bit        Muxes := 1     
Module notech_mux2__193 
Detailed RTL Component Info : 
+---Muxes : 
	   2 Input      1 Bit        Muxes := 1     
Module notech_mux2__194 
Detailed RTL Component Info : 
+---Muxes : 
	   2 Input      1 Bit        Muxes := 1     
Module notech_mux2__195 
Detailed RTL Component Info : 
+---Muxes : 
	   2 Input      1 Bit        Muxes := 1     
Module notech_mux2__196 
Detailed RTL Component Info : 
+---Muxes : 
	   2 Input      1 Bit        Muxes := 1     
Module notech_mux2__197 
Detailed RTL Component Info : 
+---Muxes : 
	   2 Input      1 Bit        Muxes := 1     
Module notech_mux2__198 
Detailed RTL Component Info : 
+---Muxes : 
	   2 Input      1 Bit        Muxes := 1     
Module notech_mux2__199 
Detailed RTL Component Info : 
+---Muxes : 
	   2 Input      1 Bit        Muxes := 1     
Module notech_mux2__200 
Detailed RTL Component Info : 
+---Muxes : 
	   2 Input      1 Bit        Muxes := 1     
Module notech_mux2__201 
Detailed RTL Component Info : 
+---Muxes : 
	   2 Input      1 Bit        Muxes := 1     
Module notech_mux2__202 
Detailed RTL Component Info : 
+---Muxes : 
	   2 Input      1 Bit        Muxes := 1     
Module notech_mux2__203 
Detailed RTL Component Info : 
+---Muxes : 
	   2 Input      1 Bit        Muxes := 1     
Module notech_mux2__204 
Detailed RTL Component Info : 
+---Muxes : 
	   2 Input      1 Bit        Muxes := 1     
Module notech_mux2__205 
Detailed RTL Component Info : 
+---Muxes : 
	   2 Input      1 Bit        Muxes := 1     
Module notech_mux2__206 
Detailed RTL Component Info : 
+---Muxes : 
	   2 Input      1 Bit        Muxes := 1     
Module notech_mux2__207 
Detailed RTL Component Info : 
+---Muxes : 
	   2 Input      1 Bit        Muxes := 1     
Module notech_mux2__208 
Detailed RTL Component Info : 
+---Muxes : 
	   2 Input      1 Bit        Muxes := 1     
Module notech_mux2__209 
Detailed RTL Component Info : 
+---Muxes : 
	   2 Input      1 Bit        Muxes := 1     
Module notech_mux2__210 
Detailed RTL Component Info : 
+---Muxes : 
	   2 Input      1 Bit        Muxes := 1     
Module notech_mux2__211 
Detailed RTL Component Info : 
+---Muxes : 
	   2 Input      1 Bit        Muxes := 1     
Module notech_mux2__212 
Detailed RTL Component Info : 
+---Muxes : 
	   2 Input      1 Bit        Muxes := 1     
Module notech_mux2__213 
Detailed RTL Component Info : 
+---Muxes : 
	   2 Input      1 Bit        Muxes := 1     
Module notech_mux2__214 
Detailed RTL Component Info : 
+---Muxes : 
	   2 Input      1 Bit        Muxes := 1     
Module notech_mux2__215 
Detailed RTL Component Info : 
+---Muxes : 
	   2 Input      1 Bit        Muxes := 1     
Module notech_mux2__216 
Detailed RTL Component Info : 
+---Muxes : 
	   2 Input      1 Bit        Muxes := 1     
Module notech_mux2__217 
Detailed RTL Component Info : 
+---Muxes : 
	   2 Input      1 Bit        Muxes := 1     
Module notech_mux2__218 
Detailed RTL Component Info : 
+---Muxes : 
	   2 Input      1 Bit        Muxes := 1     
Module notech_mux2__219 
Detailed RTL Component Info : 
+---Muxes : 
	   2 Input      1 Bit        Muxes := 1     
Module notech_mux2__220 
Detailed RTL Component Info : 
+---Muxes : 
	   2 Input      1 Bit        Muxes := 1     
Module notech_mux2__221 
Detailed RTL Component Info : 
+---Muxes : 
	   2 Input      1 Bit        Muxes := 1     
Module notech_mux2__222 
Detailed RTL Component Info : 
+---Muxes : 
	   2 Input      1 Bit        Muxes := 1     
Module notech_mux2__223 
Detailed RTL Component Info : 
+---Muxes : 
	   2 Input      1 Bit        Muxes := 1     
Module notech_mux2__224 
Detailed RTL Component Info : 
+---Muxes : 
	   2 Input      1 Bit        Muxes := 1     
Module notech_mux2__225 
Detailed RTL Component Info : 
+---Muxes : 
	   2 Input      1 Bit        Muxes := 1     
Module notech_mux2__226 
Detailed RTL Component Info : 
+---Muxes : 
	   2 Input      1 Bit        Muxes := 1     
Module notech_mux2__227 
Detailed RTL Component Info : 
+---Muxes : 
	   2 Input      1 Bit        Muxes := 1     
Module notech_mux2__228 
Detailed RTL Component Info : 
+---Muxes : 
	   2 Input      1 Bit        Muxes := 1     
Module notech_mux2__229 
Detailed RTL Component Info : 
+---Muxes : 
	   2 Input      1 Bit        Muxes := 1     
Module notech_mux2__230 
Detailed RTL Component Info : 
+---Muxes : 
	   2 Input      1 Bit        Muxes := 1     
Module notech_mux2__231 
Detailed RTL Component Info : 
+---Muxes : 
	   2 Input      1 Bit        Muxes := 1     
Module notech_mux2__232 
Detailed RTL Component Info : 
+---Muxes : 
	   2 Input      1 Bit        Muxes := 1     
Module notech_mux2__233 
Detailed RTL Component Info : 
+---Muxes : 
	   2 Input      1 Bit        Muxes := 1     
Module notech_mux2__234 
Detailed RTL Component Info : 
+---Muxes : 
	   2 Input      1 Bit        Muxes := 1     
Module notech_mux2__235 
Detailed RTL Component Info : 
+---Muxes : 
	   2 Input      1 Bit        Muxes := 1     
Module notech_mux2__236 
Detailed RTL Component Info : 
+---Muxes : 
	   2 Input      1 Bit        Muxes := 1     
Module notech_mux2__237 
Detailed RTL Component Info : 
+---Muxes : 
	   2 Input      1 Bit        Muxes := 1     
Module notech_mux2__238 
Detailed RTL Component Info : 
+---Muxes : 
	   2 Input      1 Bit        Muxes := 1     
Module notech_mux2__239 
Detailed RTL Component Info : 
+---Muxes : 
	   2 Input      1 Bit        Muxes := 1     
Module notech_mux2__240 
Detailed RTL Component Info : 
+---Muxes : 
	   2 Input      1 Bit        Muxes := 1     
Module notech_mux2__241 
Detailed RTL Component Info : 
+---Muxes : 
	   2 Input      1 Bit        Muxes := 1     
Module notech_mux2__242 
Detailed RTL Component Info : 
+---Muxes : 
	   2 Input      1 Bit        Muxes := 1     
Module notech_mux2__243 
Detailed RTL Component Info : 
+---Muxes : 
	   2 Input      1 Bit        Muxes := 1     
Module notech_mux2__244 
Detailed RTL Component Info : 
+---Muxes : 
	   2 Input      1 Bit        Muxes := 1     
Module notech_mux2__245 
Detailed RTL Component Info : 
+---Muxes : 
	   2 Input      1 Bit        Muxes := 1     
Module notech_mux2__246 
Detailed RTL Component Info : 
+---Muxes : 
	   2 Input      1 Bit        Muxes := 1     
Module notech_mux2__247 
Detailed RTL Component Info : 
+---Muxes : 
	   2 Input      1 Bit        Muxes := 1     
Module notech_mux2__248 
Detailed RTL Component Info : 
+---Muxes : 
	   2 Input      1 Bit        Muxes := 1     
Module notech_mux2__249 
Detailed RTL Component Info : 
+---Muxes : 
	   2 Input      1 Bit        Muxes := 1     
Module notech_mux2__250 
Detailed RTL Component Info : 
+---Muxes : 
	   2 Input      1 Bit        Muxes := 1     
Module notech_mux2__251 
Detailed RTL Component Info : 
+---Muxes : 
	   2 Input      1 Bit        Muxes := 1     
Module notech_mux2__252 
Detailed RTL Component Info : 
+---Muxes : 
	   2 Input      1 Bit        Muxes := 1     
Module notech_mux2__253 
Detailed RTL Component Info : 
+---Muxes : 
	   2 Input      1 Bit        Muxes := 1     
Module notech_mux2__254 
Detailed RTL Component Info : 
+---Muxes : 
	   2 Input      1 Bit        Muxes := 1     
Module notech_mux2__255 
Detailed RTL Component Info : 
+---Muxes : 
	   2 Input      1 Bit        Muxes := 1     
Module notech_mux2__256 
Detailed RTL Component Info : 
+---Muxes : 
	   2 Input      1 Bit        Muxes := 1     
Module notech_mux2__257 
Detailed RTL Component Info : 
+---Muxes : 
	   2 Input      1 Bit        Muxes := 1     
Module notech_mux2__258 
Detailed RTL Component Info : 
+---Muxes : 
	   2 Input      1 Bit        Muxes := 1     
Module notech_mux2__259 
Detailed RTL Component Info : 
+---Muxes : 
	   2 Input      1 Bit        Muxes := 1     
Module notech_mux2__260 
Detailed RTL Component Info : 
+---Muxes : 
	   2 Input      1 Bit        Muxes := 1     
Module notech_mux2__261 
Detailed RTL Component Info : 
+---Muxes : 
	   2 Input      1 Bit        Muxes := 1     
Module notech_mux2__262 
Detailed RTL Component Info : 
+---Muxes : 
	   2 Input      1 Bit        Muxes := 1     
Module notech_mux2__263 
Detailed RTL Component Info : 
+---Muxes : 
	   2 Input      1 Bit        Muxes := 1     
Module notech_mux2__264 
Detailed RTL Component Info : 
+---Muxes : 
	   2 Input      1 Bit        Muxes := 1     
Module notech_mux2__265 
Detailed RTL Component Info : 
+---Muxes : 
	   2 Input      1 Bit        Muxes := 1     
Module notech_mux2__266 
Detailed RTL Component Info : 
+---Muxes : 
	   2 Input      1 Bit        Muxes := 1     
Module notech_mux2__267 
Detailed RTL Component Info : 
+---Muxes : 
	   2 Input      1 Bit        Muxes := 1     
Module notech_mux2__268 
Detailed RTL Component Info : 
+---Muxes : 
	   2 Input      1 Bit        Muxes := 1     
Module notech_mux2__269 
Detailed RTL Component Info : 
+---Muxes : 
	   2 Input      1 Bit        Muxes := 1     
Module notech_mux2__270 
Detailed RTL Component Info : 
+---Muxes : 
	   2 Input      1 Bit        Muxes := 1     
Module notech_mux2__271 
Detailed RTL Component Info : 
+---Muxes : 
	   2 Input      1 Bit        Muxes := 1     
Module notech_mux2__272 
Detailed RTL Component Info : 
+---Muxes : 
	   2 Input      1 Bit        Muxes := 1     
Module notech_mux2__273 
Detailed RTL Component Info : 
+---Muxes : 
	   2 Input      1 Bit        Muxes := 1     
Module notech_mux2__274 
Detailed RTL Component Info : 
+---Muxes : 
	   2 Input      1 Bit        Muxes := 1     
Module notech_mux2__275 
Detailed RTL Component Info : 
+---Muxes : 
	   2 Input      1 Bit        Muxes := 1     
Module notech_mux2__276 
Detailed RTL Component Info : 
+---Muxes : 
	   2 Input      1 Bit        Muxes := 1     
Module notech_mux2__277 
Detailed RTL Component Info : 
+---Muxes : 
	   2 Input      1 Bit        Muxes := 1     
Module notech_mux2__278 
Detailed RTL Component Info : 
+---Muxes : 
	   2 Input      1 Bit        Muxes := 1     
Module notech_mux2__279 
Detailed RTL Component Info : 
+---Muxes : 
	   2 Input      1 Bit        Muxes := 1     
Module notech_mux2__280 
Detailed RTL Component Info : 
+---Muxes : 
	   2 Input      1 Bit        Muxes := 1     
Module notech_mux2__281 
Detailed RTL Component Info : 
+---Muxes : 
	   2 Input      1 Bit        Muxes := 1     
Module notech_mux2__282 
Detailed RTL Component Info : 
+---Muxes : 
	   2 Input      1 Bit        Muxes := 1     
Module notech_mux2__283 
Detailed RTL Component Info : 
+---Muxes : 
	   2 Input      1 Bit        Muxes := 1     
Module notech_mux2__284 
Detailed RTL Component Info : 
+---Muxes : 
	   2 Input      1 Bit        Muxes := 1     
Module notech_mux2__285 
Detailed RTL Component Info : 
+---Muxes : 
	   2 Input      1 Bit        Muxes := 1     
Module notech_mux2__286 
Detailed RTL Component Info : 
+---Muxes : 
	   2 Input      1 Bit        Muxes := 1     
Module notech_mux2__287 
Detailed RTL Component Info : 
+---Muxes : 
	   2 Input      1 Bit        Muxes := 1     
Module notech_mux2__288 
Detailed RTL Component Info : 
+---Muxes : 
	   2 Input      1 Bit        Muxes := 1     
Module notech_mux2__289 
Detailed RTL Component Info : 
+---Muxes : 
	   2 Input      1 Bit        Muxes := 1     
Module notech_mux2__290 
Detailed RTL Component Info : 
+---Muxes : 
	   2 Input      1 Bit        Muxes := 1     
Module notech_mux2__291 
Detailed RTL Component Info : 
+---Muxes : 
	   2 Input      1 Bit        Muxes := 1     
Module notech_mux2__292 
Detailed RTL Component Info : 
+---Muxes : 
	   2 Input      1 Bit        Muxes := 1     
Module notech_mux2__293 
Detailed RTL Component Info : 
+---Muxes : 
	   2 Input      1 Bit        Muxes := 1     
Module notech_mux2__294 
Detailed RTL Component Info : 
+---Muxes : 
	   2 Input      1 Bit        Muxes := 1     
Module notech_mux2__295 
Detailed RTL Component Info : 
+---Muxes : 
	   2 Input      1 Bit        Muxes := 1     
Module notech_mux2__296 
Detailed RTL Component Info : 
+---Muxes : 
	   2 Input      1 Bit        Muxes := 1     
Module notech_mux2__297 
Detailed RTL Component Info : 
+---Muxes : 
	   2 Input      1 Bit        Muxes := 1     
Module notech_mux2__298 
Detailed RTL Component Info : 
+---Muxes : 
	   2 Input      1 Bit        Muxes := 1     
Module notech_mux2__299 
Detailed RTL Component Info : 
+---Muxes : 
	   2 Input      1 Bit        Muxes := 1     
Module notech_mux2__300 
Detailed RTL Component Info : 
+---Muxes : 
	   2 Input      1 Bit        Muxes := 1     
Module notech_mux2__301 
Detailed RTL Component Info : 
+---Muxes : 
	   2 Input      1 Bit        Muxes := 1     
Module notech_mux2__302 
Detailed RTL Component Info : 
+---Muxes : 
	   2 Input      1 Bit        Muxes := 1     
Module notech_mux2__303 
Detailed RTL Component Info : 
+---Muxes : 
	   2 Input      1 Bit        Muxes := 1     
Module notech_mux2__304 
Detailed RTL Component Info : 
+---Muxes : 
	   2 Input      1 Bit        Muxes := 1     
Module notech_mux2__305 
Detailed RTL Component Info : 
+---Muxes : 
	   2 Input      1 Bit        Muxes := 1     
Module notech_mux2__306 
Detailed RTL Component Info : 
+---Muxes : 
	   2 Input      1 Bit        Muxes := 1     
Module notech_mux2__307 
Detailed RTL Component Info : 
+---Muxes : 
	   2 Input      1 Bit        Muxes := 1     
Module notech_mux2__308 
Detailed RTL Component Info : 
+---Muxes : 
	   2 Input      1 Bit        Muxes := 1     
Module notech_mux2__309 
Detailed RTL Component Info : 
+---Muxes : 
	   2 Input      1 Bit        Muxes := 1     
Module notech_mux2__310 
Detailed RTL Component Info : 
+---Muxes : 
	   2 Input      1 Bit        Muxes := 1     
Module notech_mux2__311 
Detailed RTL Component Info : 
+---Muxes : 
	   2 Input      1 Bit        Muxes := 1     
Module notech_mux2__312 
Detailed RTL Component Info : 
+---Muxes : 
	   2 Input      1 Bit        Muxes := 1     
Module notech_mux2__313 
Detailed RTL Component Info : 
+---Muxes : 
	   2 Input      1 Bit        Muxes := 1     
Module notech_mux2__314 
Detailed RTL Component Info : 
+---Muxes : 
	   2 Input      1 Bit        Muxes := 1     
Module notech_mux2__315 
Detailed RTL Component Info : 
+---Muxes : 
	   2 Input      1 Bit        Muxes := 1     
Module notech_mux2__316 
Detailed RTL Component Info : 
+---Muxes : 
	   2 Input      1 Bit        Muxes := 1     
Module notech_mux2__317 
Detailed RTL Component Info : 
+---Muxes : 
	   2 Input      1 Bit        Muxes := 1     
Module notech_mux2__318 
Detailed RTL Component Info : 
+---Muxes : 
	   2 Input      1 Bit        Muxes := 1     
Module notech_mux2__319 
Detailed RTL Component Info : 
+---Muxes : 
	   2 Input      1 Bit        Muxes := 1     
Module notech_mux2__320 
Detailed RTL Component Info : 
+---Muxes : 
	   2 Input      1 Bit        Muxes := 1     
Module notech_mux2__321 
Detailed RTL Component Info : 
+---Muxes : 
	   2 Input      1 Bit        Muxes := 1     
Module notech_mux2__322 
Detailed RTL Component Info : 
+---Muxes : 
	   2 Input      1 Bit        Muxes := 1     
Module notech_mux2__323 
Detailed RTL Component Info : 
+---Muxes : 
	   2 Input      1 Bit        Muxes := 1     
Module notech_mux2__324 
Detailed RTL Component Info : 
+---Muxes : 
	   2 Input      1 Bit        Muxes := 1     
Module notech_mux2__325 
Detailed RTL Component Info : 
+---Muxes : 
	   2 Input      1 Bit        Muxes := 1     
Module notech_mux2__326 
Detailed RTL Component Info : 
+---Muxes : 
	   2 Input      1 Bit        Muxes := 1     
Module notech_mux2__327 
Detailed RTL Component Info : 
+---Muxes : 
	   2 Input      1 Bit        Muxes := 1     
Module notech_mux2__328 
Detailed RTL Component Info : 
+---Muxes : 
	   2 Input      1 Bit        Muxes := 1     
Module notech_mux2__329 
Detailed RTL Component Info : 
+---Muxes : 
	   2 Input      1 Bit        Muxes := 1     
Module notech_mux2__330 
Detailed RTL Component Info : 
+---Muxes : 
	   2 Input      1 Bit        Muxes := 1     
Module notech_mux2__331 
Detailed RTL Component Info : 
+---Muxes : 
	   2 Input      1 Bit        Muxes := 1     
Module notech_mux2__332 
Detailed RTL Component Info : 
+---Muxes : 
	   2 Input      1 Bit        Muxes := 1     
Module notech_mux2__333 
Detailed RTL Component Info : 
+---Muxes : 
	   2 Input      1 Bit        Muxes := 1     
Module notech_mux2__334 
Detailed RTL Component Info : 
+---Muxes : 
	   2 Input      1 Bit        Muxes := 1     
Module notech_mux2__335 
Detailed RTL Component Info : 
+---Muxes : 
	   2 Input      1 Bit        Muxes := 1     
Module notech_mux2__336 
Detailed RTL Component Info : 
+---Muxes : 
	   2 Input      1 Bit        Muxes := 1     
Module notech_mux2__337 
Detailed RTL Component Info : 
+---Muxes : 
	   2 Input      1 Bit        Muxes := 1     
Module notech_mux2__338 
Detailed RTL Component Info : 
+---Muxes : 
	   2 Input      1 Bit        Muxes := 1     
Module notech_mux2__339 
Detailed RTL Component Info : 
+---Muxes : 
	   2 Input      1 Bit        Muxes := 1     
Module notech_mux2__340 
Detailed RTL Component Info : 
+---Muxes : 
	   2 Input      1 Bit        Muxes := 1     
Module notech_mux2__341 
Detailed RTL Component Info : 
+---Muxes : 
	   2 Input      1 Bit        Muxes := 1     
Module notech_mux2__342 
Detailed RTL Component Info : 
+---Muxes : 
	   2 Input      1 Bit        Muxes := 1     
Module notech_mux2__343 
Detailed RTL Component Info : 
+---Muxes : 
	   2 Input      1 Bit        Muxes := 1     
Module notech_mux2__344 
Detailed RTL Component Info : 
+---Muxes : 
	   2 Input      1 Bit        Muxes := 1     
Module notech_mux2__345 
Detailed RTL Component Info : 
+---Muxes : 
	   2 Input      1 Bit        Muxes := 1     
Module notech_mux2__346 
Detailed RTL Component Info : 
+---Muxes : 
	   2 Input      1 Bit        Muxes := 1     
Module notech_mux2__347 
Detailed RTL Component Info : 
+---Muxes : 
	   2 Input      1 Bit        Muxes := 1     
Module notech_mux2__348 
Detailed RTL Component Info : 
+---Muxes : 
	   2 Input      1 Bit        Muxes := 1     
Module notech_mux2__349 
Detailed RTL Component Info : 
+---Muxes : 
	   2 Input      1 Bit        Muxes := 1     
Module notech_mux2__350 
Detailed RTL Component Info : 
+---Muxes : 
	   2 Input      1 Bit        Muxes := 1     
Module notech_mux2__351 
Detailed RTL Component Info : 
+---Muxes : 
	   2 Input      1 Bit        Muxes := 1     
Module notech_mux2__352 
Detailed RTL Component Info : 
+---Muxes : 
	   2 Input      1 Bit        Muxes := 1     
Module notech_mux2__353 
Detailed RTL Component Info : 
+---Muxes : 
	   2 Input      1 Bit        Muxes := 1     
Module notech_mux2__354 
Detailed RTL Component Info : 
+---Muxes : 
	   2 Input      1 Bit        Muxes := 1     
Module notech_mux2__355 
Detailed RTL Component Info : 
+---Muxes : 
	   2 Input      1 Bit        Muxes := 1     
Module notech_mux2__356 
Detailed RTL Component Info : 
+---Muxes : 
	   2 Input      1 Bit        Muxes := 1     
Module notech_mux2__357 
Detailed RTL Component Info : 
+---Muxes : 
	   2 Input      1 Bit        Muxes := 1     
Module notech_mux2__358 
Detailed RTL Component Info : 
+---Muxes : 
	   2 Input      1 Bit        Muxes := 1     
Module notech_mux2__359 
Detailed RTL Component Info : 
+---Muxes : 
	   2 Input      1 Bit        Muxes := 1     
Module notech_mux2__360 
Detailed RTL Component Info : 
+---Muxes : 
	   2 Input      1 Bit        Muxes := 1     
Module notech_mux2__361 
Detailed RTL Component Info : 
+---Muxes : 
	   2 Input      1 Bit        Muxes := 1     
Module notech_mux2__362 
Detailed RTL Component Info : 
+---Muxes : 
	   2 Input      1 Bit        Muxes := 1     
Module notech_mux2__363 
Detailed RTL Component Info : 
+---Muxes : 
	   2 Input      1 Bit        Muxes := 1     
Module notech_mux2__364 
Detailed RTL Component Info : 
+---Muxes : 
	   2 Input      1 Bit        Muxes := 1     
Module notech_mux2__365 
Detailed RTL Component Info : 
+---Muxes : 
	   2 Input      1 Bit        Muxes := 1     
Module notech_mux2__366 
Detailed RTL Component Info : 
+---Muxes : 
	   2 Input      1 Bit        Muxes := 1     
Module notech_mux2__367 
Detailed RTL Component Info : 
+---Muxes : 
	   2 Input      1 Bit        Muxes := 1     
Module notech_mux2__368 
Detailed RTL Component Info : 
+---Muxes : 
	   2 Input      1 Bit        Muxes := 1     
Module notech_mux2__369 
Detailed RTL Component Info : 
+---Muxes : 
	   2 Input      1 Bit        Muxes := 1     
Module notech_mux2__370 
Detailed RTL Component Info : 
+---Muxes : 
	   2 Input      1 Bit        Muxes := 1     
Module notech_mux2__371 
Detailed RTL Component Info : 
+---Muxes : 
	   2 Input      1 Bit        Muxes := 1     
Module notech_mux2__372 
Detailed RTL Component Info : 
+---Muxes : 
	   2 Input      1 Bit        Muxes := 1     
Module notech_mux2__373 
Detailed RTL Component Info : 
+---Muxes : 
	   2 Input      1 Bit        Muxes := 1     
Module notech_mux2__374 
Detailed RTL Component Info : 
+---Muxes : 
	   2 Input      1 Bit        Muxes := 1     
Module notech_mux2__375 
Detailed RTL Component Info : 
+---Muxes : 
	   2 Input      1 Bit        Muxes := 1     
Module notech_mux2__376 
Detailed RTL Component Info : 
+---Muxes : 
	   2 Input      1 Bit        Muxes := 1     
Module notech_mux2__377 
Detailed RTL Component Info : 
+---Muxes : 
	   2 Input      1 Bit        Muxes := 1     
Module notech_mux2__378 
Detailed RTL Component Info : 
+---Muxes : 
	   2 Input      1 Bit        Muxes := 1     
Module notech_mux2__379 
Detailed RTL Component Info : 
+---Muxes : 
	   2 Input      1 Bit        Muxes := 1     
Module notech_mux2__380 
Detailed RTL Component Info : 
+---Muxes : 
	   2 Input      1 Bit        Muxes := 1     
Module notech_mux2__381 
Detailed RTL Component Info : 
+---Muxes : 
	   2 Input      1 Bit        Muxes := 1     
Module notech_mux2__382 
Detailed RTL Component Info : 
+---Muxes : 
	   2 Input      1 Bit        Muxes := 1     
Module notech_mux2__383 
Detailed RTL Component Info : 
+---Muxes : 
	   2 Input      1 Bit        Muxes := 1     
Module notech_mux2__384 
Detailed RTL Component Info : 
+---Muxes : 
	   2 Input      1 Bit        Muxes := 1     
Module notech_mux2__385 
Detailed RTL Component Info : 
+---Muxes : 
	   2 Input      1 Bit        Muxes := 1     
Module notech_mux2__386 
Detailed RTL Component Info : 
+---Muxes : 
	   2 Input      1 Bit        Muxes := 1     
Module notech_mux2__387 
Detailed RTL Component Info : 
+---Muxes : 
	   2 Input      1 Bit        Muxes := 1     
Module notech_mux2__388 
Detailed RTL Component Info : 
+---Muxes : 
	   2 Input      1 Bit        Muxes := 1     
Module notech_mux2__389 
Detailed RTL Component Info : 
+---Muxes : 
	   2 Input      1 Bit        Muxes := 1     
Module notech_mux2__390 
Detailed RTL Component Info : 
+---Muxes : 
	   2 Input      1 Bit        Muxes := 1     
Module notech_mux2__391 
Detailed RTL Component Info : 
+---Muxes : 
	   2 Input      1 Bit        Muxes := 1     
Module notech_mux2__392 
Detailed RTL Component Info : 
+---Muxes : 
	   2 Input      1 Bit        Muxes := 1     
Module notech_mux2__393 
Detailed RTL Component Info : 
+---Muxes : 
	   2 Input      1 Bit        Muxes := 1     
Module notech_mux2__394 
Detailed RTL Component Info : 
+---Muxes : 
	   2 Input      1 Bit        Muxes := 1     
Module notech_mux2__395 
Detailed RTL Component Info : 
+---Muxes : 
	   2 Input      1 Bit        Muxes := 1     
Module notech_mux2__396 
Detailed RTL Component Info : 
+---Muxes : 
	   2 Input      1 Bit        Muxes := 1     
Module notech_mux2__397 
Detailed RTL Component Info : 
+---Muxes : 
	   2 Input      1 Bit        Muxes := 1     
Module notech_mux2__398 
Detailed RTL Component Info : 
+---Muxes : 
	   2 Input      1 Bit        Muxes := 1     
Module notech_mux2__399 
Detailed RTL Component Info : 
+---Muxes : 
	   2 Input      1 Bit        Muxes := 1     
Module notech_mux2__400 
Detailed RTL Component Info : 
+---Muxes : 
	   2 Input      1 Bit        Muxes := 1     
Module notech_mux2__401 
Detailed RTL Component Info : 
+---Muxes : 
	   2 Input      1 Bit        Muxes := 1     
Module notech_mux2__402 
Detailed RTL Component Info : 
+---Muxes : 
	   2 Input      1 Bit        Muxes := 1     
Module notech_mux2__403 
Detailed RTL Component Info : 
+---Muxes : 
	   2 Input      1 Bit        Muxes := 1     
Module notech_mux2__404 
Detailed RTL Component Info : 
+---Muxes : 
	   2 Input      1 Bit        Muxes := 1     
Module notech_mux2__405 
Detailed RTL Component Info : 
+---Muxes : 
	   2 Input      1 Bit        Muxes := 1     
Module notech_mux2__406 
Detailed RTL Component Info : 
+---Muxes : 
	   2 Input      1 Bit        Muxes := 1     
Module notech_mux2__407 
Detailed RTL Component Info : 
+---Muxes : 
	   2 Input      1 Bit        Muxes := 1     
Module notech_mux2__408 
Detailed RTL Component Info : 
+---Muxes : 
	   2 Input      1 Bit        Muxes := 1     
Module notech_mux2__409 
Detailed RTL Component Info : 
+---Muxes : 
	   2 Input      1 Bit        Muxes := 1     
Module notech_mux2__410 
Detailed RTL Component Info : 
+---Muxes : 
	   2 Input      1 Bit        Muxes := 1     
Module notech_mux2__411 
Detailed RTL Component Info : 
+---Muxes : 
	   2 Input      1 Bit        Muxes := 1     
Module notech_mux2__412 
Detailed RTL Component Info : 
+---Muxes : 
	   2 Input      1 Bit        Muxes := 1     
Module notech_mux2__413 
Detailed RTL Component Info : 
+---Muxes : 
	   2 Input      1 Bit        Muxes := 1     
Module notech_mux2__414 
Detailed RTL Component Info : 
+---Muxes : 
	   2 Input      1 Bit        Muxes := 1     
Module notech_mux2__415 
Detailed RTL Component Info : 
+---Muxes : 
	   2 Input      1 Bit        Muxes := 1     
Module notech_mux2__416 
Detailed RTL Component Info : 
+---Muxes : 
	   2 Input      1 Bit        Muxes := 1     
Module notech_mux2__417 
Detailed RTL Component Info : 
+---Muxes : 
	   2 Input      1 Bit        Muxes := 1     
Module notech_mux2__418 
Detailed RTL Component Info : 
+---Muxes : 
	   2 Input      1 Bit        Muxes := 1     
Module notech_mux2__419 
Detailed RTL Component Info : 
+---Muxes : 
	   2 Input      1 Bit        Muxes := 1     
Module notech_mux2__420 
Detailed RTL Component Info : 
+---Muxes : 
	   2 Input      1 Bit        Muxes := 1     
Module notech_mux2__421 
Detailed RTL Component Info : 
+---Muxes : 
	   2 Input      1 Bit        Muxes := 1     
Module notech_mux2__422 
Detailed RTL Component Info : 
+---Muxes : 
	   2 Input      1 Bit        Muxes := 1     
Module notech_mux2__423 
Detailed RTL Component Info : 
+---Muxes : 
	   2 Input      1 Bit        Muxes := 1     
Module notech_mux2__424 
Detailed RTL Component Info : 
+---Muxes : 
	   2 Input      1 Bit        Muxes := 1     
Module notech_mux2__425 
Detailed RTL Component Info : 
+---Muxes : 
	   2 Input      1 Bit        Muxes := 1     
Module notech_mux2__426 
Detailed RTL Component Info : 
+---Muxes : 
	   2 Input      1 Bit        Muxes := 1     
Module notech_mux2__427 
Detailed RTL Component Info : 
+---Muxes : 
	   2 Input      1 Bit        Muxes := 1     
Module notech_mux2__428 
Detailed RTL Component Info : 
+---Muxes : 
	   2 Input      1 Bit        Muxes := 1     
Module notech_mux2__429 
Detailed RTL Component Info : 
+---Muxes : 
	   2 Input      1 Bit        Muxes := 1     
Module notech_mux2__430 
Detailed RTL Component Info : 
+---Muxes : 
	   2 Input      1 Bit        Muxes := 1     
Module notech_mux2__431 
Detailed RTL Component Info : 
+---Muxes : 
	   2 Input      1 Bit        Muxes := 1     
Module notech_mux2__432 
Detailed RTL Component Info : 
+---Muxes : 
	   2 Input      1 Bit        Muxes := 1     
Module notech_mux2__433 
Detailed RTL Component Info : 
+---Muxes : 
	   2 Input      1 Bit        Muxes := 1     
Module notech_mux2__434 
Detailed RTL Component Info : 
+---Muxes : 
	   2 Input      1 Bit        Muxes := 1     
Module notech_mux2__435 
Detailed RTL Component Info : 
+---Muxes : 
	   2 Input      1 Bit        Muxes := 1     
Module notech_mux2__436 
Detailed RTL Component Info : 
+---Muxes : 
	   2 Input      1 Bit        Muxes := 1     
Module notech_mux2__437 
Detailed RTL Component Info : 
+---Muxes : 
	   2 Input      1 Bit        Muxes := 1     
Module notech_mux2__438 
Detailed RTL Component Info : 
+---Muxes : 
	   2 Input      1 Bit        Muxes := 1     
Module notech_mux2__439 
Detailed RTL Component Info : 
+---Muxes : 
	   2 Input      1 Bit        Muxes := 1     
Module notech_mux2__440 
Detailed RTL Component Info : 
+---Muxes : 
	   2 Input      1 Bit        Muxes := 1     
Module notech_mux2__441 
Detailed RTL Component Info : 
+---Muxes : 
	   2 Input      1 Bit        Muxes := 1     
Module notech_mux2__442 
Detailed RTL Component Info : 
+---Muxes : 
	   2 Input      1 Bit        Muxes := 1     
Module notech_mux2__443 
Detailed RTL Component Info : 
+---Muxes : 
	   2 Input      1 Bit        Muxes := 1     
Module notech_mux2__444 
Detailed RTL Component Info : 
+---Muxes : 
	   2 Input      1 Bit        Muxes := 1     
Module notech_mux2__445 
Detailed RTL Component Info : 
+---Muxes : 
	   2 Input      1 Bit        Muxes := 1     
Module notech_mux2__446 
Detailed RTL Component Info : 
+---Muxes : 
	   2 Input      1 Bit        Muxes := 1     
Module notech_mux2__447 
Detailed RTL Component Info : 
+---Muxes : 
	   2 Input      1 Bit        Muxes := 1     
Module notech_mux2__448 
Detailed RTL Component Info : 
+---Muxes : 
	   2 Input      1 Bit        Muxes := 1     
Module notech_mux2__449 
Detailed RTL Component Info : 
+---Muxes : 
	   2 Input      1 Bit        Muxes := 1     
Module notech_mux2__450 
Detailed RTL Component Info : 
+---Muxes : 
	   2 Input      1 Bit        Muxes := 1     
Module notech_mux2__451 
Detailed RTL Component Info : 
+---Muxes : 
	   2 Input      1 Bit        Muxes := 1     
Module notech_mux2__452 
Detailed RTL Component Info : 
+---Muxes : 
	   2 Input      1 Bit        Muxes := 1     
Module notech_mux2__453 
Detailed RTL Component Info : 
+---Muxes : 
	   2 Input      1 Bit        Muxes := 1     
Module notech_mux2__454 
Detailed RTL Component Info : 
+---Muxes : 
	   2 Input      1 Bit        Muxes := 1     
Module notech_mux2__455 
Detailed RTL Component Info : 
+---Muxes : 
	   2 Input      1 Bit        Muxes := 1     
Module notech_mux2__456 
Detailed RTL Component Info : 
+---Muxes : 
	   2 Input      1 Bit        Muxes := 1     
Module notech_mux2__457 
Detailed RTL Component Info : 
+---Muxes : 
	   2 Input      1 Bit        Muxes := 1     
Module notech_mux2__458 
Detailed RTL Component Info : 
+---Muxes : 
	   2 Input      1 Bit        Muxes := 1     
Module notech_mux2__459 
Detailed RTL Component Info : 
+---Muxes : 
	   2 Input      1 Bit        Muxes := 1     
Module notech_mux2__460 
Detailed RTL Component Info : 
+---Muxes : 
	   2 Input      1 Bit        Muxes := 1     
Module notech_mux2__461 
Detailed RTL Component Info : 
+---Muxes : 
	   2 Input      1 Bit        Muxes := 1     
Module notech_mux2__462 
Detailed RTL Component Info : 
+---Muxes : 
	   2 Input      1 Bit        Muxes := 1     
Module notech_mux2__463 
Detailed RTL Component Info : 
+---Muxes : 
	   2 Input      1 Bit        Muxes := 1     
Module notech_mux2__464 
Detailed RTL Component Info : 
+---Muxes : 
	   2 Input      1 Bit        Muxes := 1     
Module notech_mux2__465 
Detailed RTL Component Info : 
+---Muxes : 
	   2 Input      1 Bit        Muxes := 1     
Module notech_mux2__466 
Detailed RTL Component Info : 
+---Muxes : 
	   2 Input      1 Bit        Muxes := 1     
Module notech_mux2__467 
Detailed RTL Component Info : 
+---Muxes : 
	   2 Input      1 Bit        Muxes := 1     
Module notech_mux2__468 
Detailed RTL Component Info : 
+---Muxes : 
	   2 Input      1 Bit        Muxes := 1     
Module notech_mux2__469 
Detailed RTL Component Info : 
+---Muxes : 
	   2 Input      1 Bit        Muxes := 1     
Module notech_mux2__470 
Detailed RTL Component Info : 
+---Muxes : 
	   2 Input      1 Bit        Muxes := 1     
Module notech_mux2__471 
Detailed RTL Component Info : 
+---Muxes : 
	   2 Input      1 Bit        Muxes := 1     
Module notech_mux2__472 
Detailed RTL Component Info : 
+---Muxes : 
	   2 Input      1 Bit        Muxes := 1     
Module notech_mux2__473 
Detailed RTL Component Info : 
+---Muxes : 
	   2 Input      1 Bit        Muxes := 1     
Module notech_mux2__474 
Detailed RTL Component Info : 
+---Muxes : 
	   2 Input      1 Bit        Muxes := 1     
Module notech_mux2__475 
Detailed RTL Component Info : 
+---Muxes : 
	   2 Input      1 Bit        Muxes := 1     
Module notech_mux2__476 
Detailed RTL Component Info : 
+---Muxes : 
	   2 Input      1 Bit        Muxes := 1     
Module notech_mux2__477 
Detailed RTL Component Info : 
+---Muxes : 
	   2 Input      1 Bit        Muxes := 1     
Module notech_mux2__478 
Detailed RTL Component Info : 
+---Muxes : 
	   2 Input      1 Bit        Muxes := 1     
Module notech_mux2__479 
Detailed RTL Component Info : 
+---Muxes : 
	   2 Input      1 Bit        Muxes := 1     
Module notech_mux2__480 
Detailed RTL Component Info : 
+---Muxes : 
	   2 Input      1 Bit        Muxes := 1     
Module notech_mux2__481 
Detailed RTL Component Info : 
+---Muxes : 
	   2 Input      1 Bit        Muxes := 1     
Module notech_mux2__482 
Detailed RTL Component Info : 
+---Muxes : 
	   2 Input      1 Bit        Muxes := 1     
Module notech_mux2__483 
Detailed RTL Component Info : 
+---Muxes : 
	   2 Input      1 Bit        Muxes := 1     
Module notech_mux2__484 
Detailed RTL Component Info : 
+---Muxes : 
	   2 Input      1 Bit        Muxes := 1     
Module notech_mux2__485 
Detailed RTL Component Info : 
+---Muxes : 
	   2 Input      1 Bit        Muxes := 1     
Module notech_mux2__486 
Detailed RTL Component Info : 
+---Muxes : 
	   2 Input      1 Bit        Muxes := 1     
Module notech_mux2__487 
Detailed RTL Component Info : 
+---Muxes : 
	   2 Input      1 Bit        Muxes := 1     
Module notech_mux2__488 
Detailed RTL Component Info : 
+---Muxes : 
	   2 Input      1 Bit        Muxes := 1     
Module notech_mux2__489 
Detailed RTL Component Info : 
+---Muxes : 
	   2 Input      1 Bit        Muxes := 1     
Module notech_mux2__490 
Detailed RTL Component Info : 
+---Muxes : 
	   2 Input      1 Bit        Muxes := 1     
Module notech_mux2__491 
Detailed RTL Component Info : 
+---Muxes : 
	   2 Input      1 Bit        Muxes := 1     
Module notech_mux2__492 
Detailed RTL Component Info : 
+---Muxes : 
	   2 Input      1 Bit        Muxes := 1     
Module notech_mux2__493 
Detailed RTL Component Info : 
+---Muxes : 
	   2 Input      1 Bit        Muxes := 1     
Module notech_mux2__494 
Detailed RTL Component Info : 
+---Muxes : 
	   2 Input      1 Bit        Muxes := 1     
Module notech_mux2__495 
Detailed RTL Component Info : 
+---Muxes : 
	   2 Input      1 Bit        Muxes := 1     
Module notech_mux2__496 
Detailed RTL Component Info : 
+---Muxes : 
	   2 Input      1 Bit        Muxes := 1     
Module notech_mux2__497 
Detailed RTL Component Info : 
+---Muxes : 
	   2 Input      1 Bit        Muxes := 1     
Module notech_mux2__498 
Detailed RTL Component Info : 
+---Muxes : 
	   2 Input      1 Bit        Muxes := 1     
Module notech_mux2__499 
Detailed RTL Component Info : 
+---Muxes : 
	   2 Input      1 Bit        Muxes := 1     
Module notech_mux2__500 
Detailed RTL Component Info : 
+---Muxes : 
	   2 Input      1 Bit        Muxes := 1     
Module notech_mux2__501 
Detailed RTL Component Info : 
+---Muxes : 
	   2 Input      1 Bit        Muxes := 1     
Module notech_mux2__502 
Detailed RTL Component Info : 
+---Muxes : 
	   2 Input      1 Bit        Muxes := 1     
Module notech_mux2__503 
Detailed RTL Component Info : 
+---Muxes : 
	   2 Input      1 Bit        Muxes := 1     
Module notech_mux2__504 
Detailed RTL Component Info : 
+---Muxes : 
	   2 Input      1 Bit        Muxes := 1     
Module notech_mux2__505 
Detailed RTL Component Info : 
+---Muxes : 
	   2 Input      1 Bit        Muxes := 1     
Module notech_mux2__506 
Detailed RTL Component Info : 
+---Muxes : 
	   2 Input      1 Bit        Muxes := 1     
Module notech_mux2__507 
Detailed RTL Component Info : 
+---Muxes : 
	   2 Input      1 Bit        Muxes := 1     
Module notech_mux2__508 
Detailed RTL Component Info : 
+---Muxes : 
	   2 Input      1 Bit        Muxes := 1     
Module notech_mux2__509 
Detailed RTL Component Info : 
+---Muxes : 
	   2 Input      1 Bit        Muxes := 1     
Module notech_mux2__510 
Detailed RTL Component Info : 
+---Muxes : 
	   2 Input      1 Bit        Muxes := 1     
Module notech_mux2__511 
Detailed RTL Component Info : 
+---Muxes : 
	   2 Input      1 Bit        Muxes := 1     
Module notech_mux2__512 
Detailed RTL Component Info : 
+---Muxes : 
	   2 Input      1 Bit        Muxes := 1     
Module notech_mux2__513 
Detailed RTL Component Info : 
+---Muxes : 
	   2 Input      1 Bit        Muxes := 1     
Module notech_mux2__514 
Detailed RTL Component Info : 
+---Muxes : 
	   2 Input      1 Bit        Muxes := 1     
Module notech_mux2__515 
Detailed RTL Component Info : 
+---Muxes : 
	   2 Input      1 Bit        Muxes := 1     
Module notech_mux2__516 
Detailed RTL Component Info : 
+---Muxes : 
	   2 Input      1 Bit        Muxes := 1     
Module notech_mux2__517 
Detailed RTL Component Info : 
+---Muxes : 
	   2 Input      1 Bit        Muxes := 1     
Module notech_mux2__518 
Detailed RTL Component Info : 
+---Muxes : 
	   2 Input      1 Bit        Muxes := 1     
Module notech_mux2__519 
Detailed RTL Component Info : 
+---Muxes : 
	   2 Input      1 Bit        Muxes := 1     
Module notech_mux2__520 
Detailed RTL Component Info : 
+---Muxes : 
	   2 Input      1 Bit        Muxes := 1     
Module notech_mux2__521 
Detailed RTL Component Info : 
+---Muxes : 
	   2 Input      1 Bit        Muxes := 1     
Module notech_mux2__522 
Detailed RTL Component Info : 
+---Muxes : 
	   2 Input      1 Bit        Muxes := 1     
Module notech_mux2__523 
Detailed RTL Component Info : 
+---Muxes : 
	   2 Input      1 Bit        Muxes := 1     
Module notech_mux2__524 
Detailed RTL Component Info : 
+---Muxes : 
	   2 Input      1 Bit        Muxes := 1     
Module notech_mux2__525 
Detailed RTL Component Info : 
+---Muxes : 
	   2 Input      1 Bit        Muxes := 1     
Module notech_mux2__526 
Detailed RTL Component Info : 
+---Muxes : 
	   2 Input      1 Bit        Muxes := 1     
Module notech_mux2__527 
Detailed RTL Component Info : 
+---Muxes : 
	   2 Input      1 Bit        Muxes := 1     
Module notech_mux2__528 
Detailed RTL Component Info : 
+---Muxes : 
	   2 Input      1 Bit        Muxes := 1     
Module notech_mux2__529 
Detailed RTL Component Info : 
+---Muxes : 
	   2 Input      1 Bit        Muxes := 1     
Module notech_mux2__530 
Detailed RTL Component Info : 
+---Muxes : 
	   2 Input      1 Bit        Muxes := 1     
Module notech_mux2__531 
Detailed RTL Component Info : 
+---Muxes : 
	   2 Input      1 Bit        Muxes := 1     
Module notech_mux2__532 
Detailed RTL Component Info : 
+---Muxes : 
	   2 Input      1 Bit        Muxes := 1     
Module notech_mux2__533 
Detailed RTL Component Info : 
+---Muxes : 
	   2 Input      1 Bit        Muxes := 1     
Module notech_mux2__534 
Detailed RTL Component Info : 
+---Muxes : 
	   2 Input      1 Bit        Muxes := 1     
Module notech_mux2__535 
Detailed RTL Component Info : 
+---Muxes : 
	   2 Input      1 Bit        Muxes := 1     
Module notech_mux2__536 
Detailed RTL Component Info : 
+---Muxes : 
	   2 Input      1 Bit        Muxes := 1     
Module notech_mux2__537 
Detailed RTL Component Info : 
+---Muxes : 
	   2 Input      1 Bit        Muxes := 1     
Module notech_mux2__538 
Detailed RTL Component Info : 
+---Muxes : 
	   2 Input      1 Bit        Muxes := 1     
Module notech_mux2__539 
Detailed RTL Component Info : 
+---Muxes : 
	   2 Input      1 Bit        Muxes := 1     
Module notech_mux2__540 
Detailed RTL Component Info : 
+---Muxes : 
	   2 Input      1 Bit        Muxes := 1     
Module notech_mux2__541 
Detailed RTL Component Info : 
+---Muxes : 
	   2 Input      1 Bit        Muxes := 1     
Module notech_mux2__542 
Detailed RTL Component Info : 
+---Muxes : 
	   2 Input      1 Bit        Muxes := 1     
Module notech_mux2__543 
Detailed RTL Component Info : 
+---Muxes : 
	   2 Input      1 Bit        Muxes := 1     
Module notech_mux2__544 
Detailed RTL Component Info : 
+---Muxes : 
	   2 Input      1 Bit        Muxes := 1     
Module notech_mux2__545 
Detailed RTL Component Info : 
+---Muxes : 
	   2 Input      1 Bit        Muxes := 1     
Module notech_mux2__546 
Detailed RTL Component Info : 
+---Muxes : 
	   2 Input      1 Bit        Muxes := 1     
Module notech_mux2__547 
Detailed RTL Component Info : 
+---Muxes : 
	   2 Input      1 Bit        Muxes := 1     
Module notech_mux2__548 
Detailed RTL Component Info : 
+---Muxes : 
	   2 Input      1 Bit        Muxes := 1     
Module notech_mux2__549 
Detailed RTL Component Info : 
+---Muxes : 
	   2 Input      1 Bit        Muxes := 1     
Module notech_mux2__550 
Detailed RTL Component Info : 
+---Muxes : 
	   2 Input      1 Bit        Muxes := 1     
Module notech_mux2__551 
Detailed RTL Component Info : 
+---Muxes : 
	   2 Input      1 Bit        Muxes := 1     
Module notech_mux2__552 
Detailed RTL Component Info : 
+---Muxes : 
	   2 Input      1 Bit        Muxes := 1     
Module notech_mux2__553 
Detailed RTL Component Info : 
+---Muxes : 
	   2 Input      1 Bit        Muxes := 1     
Module notech_mux2__554 
Detailed RTL Component Info : 
+---Muxes : 
	   2 Input      1 Bit        Muxes := 1     
Module notech_mux2__555 
Detailed RTL Component Info : 
+---Muxes : 
	   2 Input      1 Bit        Muxes := 1     
Module notech_mux2__556 
Detailed RTL Component Info : 
+---Muxes : 
	   2 Input      1 Bit        Muxes := 1     
Module notech_mux2__557 
Detailed RTL Component Info : 
+---Muxes : 
	   2 Input      1 Bit        Muxes := 1     
Module notech_mux2__558 
Detailed RTL Component Info : 
+---Muxes : 
	   2 Input      1 Bit        Muxes := 1     
Module notech_mux2__559 
Detailed RTL Component Info : 
+---Muxes : 
	   2 Input      1 Bit        Muxes := 1     
Module notech_mux2__560 
Detailed RTL Component Info : 
+---Muxes : 
	   2 Input      1 Bit        Muxes := 1     
Module notech_mux2__561 
Detailed RTL Component Info : 
+---Muxes : 
	   2 Input      1 Bit        Muxes := 1     
Module notech_mux2__562 
Detailed RTL Component Info : 
+---Muxes : 
	   2 Input      1 Bit        Muxes := 1     
Module notech_mux2__563 
Detailed RTL Component Info : 
+---Muxes : 
	   2 Input      1 Bit        Muxes := 1     
Module notech_mux2__564 
Detailed RTL Component Info : 
+---Muxes : 
	   2 Input      1 Bit        Muxes := 1     
Module notech_mux2__565 
Detailed RTL Component Info : 
+---Muxes : 
	   2 Input      1 Bit        Muxes := 1     
Module notech_mux2__566 
Detailed RTL Component Info : 
+---Muxes : 
	   2 Input      1 Bit        Muxes := 1     
Module notech_mux2__567 
Detailed RTL Component Info : 
+---Muxes : 
	   2 Input      1 Bit        Muxes := 1     
Module notech_mux2__568 
Detailed RTL Component Info : 
+---Muxes : 
	   2 Input      1 Bit        Muxes := 1     
Module notech_mux2__569 
Detailed RTL Component Info : 
+---Muxes : 
	   2 Input      1 Bit        Muxes := 1     
Module notech_mux2__570 
Detailed RTL Component Info : 
+---Muxes : 
	   2 Input      1 Bit        Muxes := 1     
Module notech_mux2__571 
Detailed RTL Component Info : 
+---Muxes : 
	   2 Input      1 Bit        Muxes := 1     
Module notech_mux2__572 
Detailed RTL Component Info : 
+---Muxes : 
	   2 Input      1 Bit        Muxes := 1     
Module notech_mux2__573 
Detailed RTL Component Info : 
+---Muxes : 
	   2 Input      1 Bit        Muxes := 1     
Module notech_mux2__574 
Detailed RTL Component Info : 
+---Muxes : 
	   2 Input      1 Bit        Muxes := 1     
Module notech_mux2__575 
Detailed RTL Component Info : 
+---Muxes : 
	   2 Input      1 Bit        Muxes := 1     
Module notech_mux2__576 
Detailed RTL Component Info : 
+---Muxes : 
	   2 Input      1 Bit        Muxes := 1     
Module notech_mux2__577 
Detailed RTL Component Info : 
+---Muxes : 
	   2 Input      1 Bit        Muxes := 1     
Module notech_mux2__578 
Detailed RTL Component Info : 
+---Muxes : 
	   2 Input      1 Bit        Muxes := 1     
Module notech_mux2__579 
Detailed RTL Component Info : 
+---Muxes : 
	   2 Input      1 Bit        Muxes := 1     
Module notech_mux2__580 
Detailed RTL Component Info : 
+---Muxes : 
	   2 Input      1 Bit        Muxes := 1     
Module notech_mux2__581 
Detailed RTL Component Info : 
+---Muxes : 
	   2 Input      1 Bit        Muxes := 1     
Module notech_mux2__582 
Detailed RTL Component Info : 
+---Muxes : 
	   2 Input      1 Bit        Muxes := 1     
Module notech_mux2__583 
Detailed RTL Component Info : 
+---Muxes : 
	   2 Input      1 Bit        Muxes := 1     
Module notech_mux2__584 
Detailed RTL Component Info : 
+---Muxes : 
	   2 Input      1 Bit        Muxes := 1     
Module notech_mux2__585 
Detailed RTL Component Info : 
+---Muxes : 
	   2 Input      1 Bit        Muxes := 1     
Module notech_mux2__586 
Detailed RTL Component Info : 
+---Muxes : 
	   2 Input      1 Bit        Muxes := 1     
Module notech_mux2__587 
Detailed RTL Component Info : 
+---Muxes : 
	   2 Input      1 Bit        Muxes := 1     
Module notech_mux2__588 
Detailed RTL Component Info : 
+---Muxes : 
	   2 Input      1 Bit        Muxes := 1     
Module notech_mux2__589 
Detailed RTL Component Info : 
+---Muxes : 
	   2 Input      1 Bit        Muxes := 1     
Module notech_mux2__590 
Detailed RTL Component Info : 
+---Muxes : 
	   2 Input      1 Bit        Muxes := 1     
Module notech_mux2__591 
Detailed RTL Component Info : 
+---Muxes : 
	   2 Input      1 Bit        Muxes := 1     
Module notech_mux2__592 
Detailed RTL Component Info : 
+---Muxes : 
	   2 Input      1 Bit        Muxes := 1     
Module notech_mux2__593 
Detailed RTL Component Info : 
+---Muxes : 
	   2 Input      1 Bit        Muxes := 1     
Module notech_mux2__594 
Detailed RTL Component Info : 
+---Muxes : 
	   2 Input      1 Bit        Muxes := 1     
Module notech_mux2__595 
Detailed RTL Component Info : 
+---Muxes : 
	   2 Input      1 Bit        Muxes := 1     
Module notech_mux2__596 
Detailed RTL Component Info : 
+---Muxes : 
	   2 Input      1 Bit        Muxes := 1     
Module notech_mux2__597 
Detailed RTL Component Info : 
+---Muxes : 
	   2 Input      1 Bit        Muxes := 1     
Module notech_mux2__598 
Detailed RTL Component Info : 
+---Muxes : 
	   2 Input      1 Bit        Muxes := 1     
Module notech_mux2__599 
Detailed RTL Component Info : 
+---Muxes : 
	   2 Input      1 Bit        Muxes := 1     
Module notech_mux2__600 
Detailed RTL Component Info : 
+---Muxes : 
	   2 Input      1 Bit        Muxes := 1     
Module notech_mux2__601 
Detailed RTL Component Info : 
+---Muxes : 
	   2 Input      1 Bit        Muxes := 1     
Module notech_mux2__602 
Detailed RTL Component Info : 
+---Muxes : 
	   2 Input      1 Bit        Muxes := 1     
Module notech_mux2__603 
Detailed RTL Component Info : 
+---Muxes : 
	   2 Input      1 Bit        Muxes := 1     
Module notech_mux2__604 
Detailed RTL Component Info : 
+---Muxes : 
	   2 Input      1 Bit        Muxes := 1     
Module notech_mux2__605 
Detailed RTL Component Info : 
+---Muxes : 
	   2 Input      1 Bit        Muxes := 1     
Module notech_mux2__606 
Detailed RTL Component Info : 
+---Muxes : 
	   2 Input      1 Bit        Muxes := 1     
Module notech_mux2__607 
Detailed RTL Component Info : 
+---Muxes : 
	   2 Input      1 Bit        Muxes := 1     
Module notech_mux2__608 
Detailed RTL Component Info : 
+---Muxes : 
	   2 Input      1 Bit        Muxes := 1     
Module notech_mux2__609 
Detailed RTL Component Info : 
+---Muxes : 
	   2 Input      1 Bit        Muxes := 1     
Module notech_mux2__610 
Detailed RTL Component Info : 
+---Muxes : 
	   2 Input      1 Bit        Muxes := 1     
Module notech_mux2__611 
Detailed RTL Component Info : 
+---Muxes : 
	   2 Input      1 Bit        Muxes := 1     
Module notech_mux2__612 
Detailed RTL Component Info : 
+---Muxes : 
	   2 Input      1 Bit        Muxes := 1     
Module notech_mux2__613 
Detailed RTL Component Info : 
+---Muxes : 
	   2 Input      1 Bit        Muxes := 1     
Module notech_mux2__614 
Detailed RTL Component Info : 
+---Muxes : 
	   2 Input      1 Bit        Muxes := 1     
Module notech_mux2__615 
Detailed RTL Component Info : 
+---Muxes : 
	   2 Input      1 Bit        Muxes := 1     
Module notech_mux2__616 
Detailed RTL Component Info : 
+---Muxes : 
	   2 Input      1 Bit        Muxes := 1     
Module notech_mux2__617 
Detailed RTL Component Info : 
+---Muxes : 
	   2 Input      1 Bit        Muxes := 1     
Module notech_mux2__618 
Detailed RTL Component Info : 
+---Muxes : 
	   2 Input      1 Bit        Muxes := 1     
Module notech_mux2__619 
Detailed RTL Component Info : 
+---Muxes : 
	   2 Input      1 Bit        Muxes := 1     
Module notech_mux2__620 
Detailed RTL Component Info : 
+---Muxes : 
	   2 Input      1 Bit        Muxes := 1     
Module notech_mux2__621 
Detailed RTL Component Info : 
+---Muxes : 
	   2 Input      1 Bit        Muxes := 1     
Module notech_mux2__622 
Detailed RTL Component Info : 
+---Muxes : 
	   2 Input      1 Bit        Muxes := 1     
Module notech_mux2__623 
Detailed RTL Component Info : 
+---Muxes : 
	   2 Input      1 Bit        Muxes := 1     
Module notech_mux2__624 
Detailed RTL Component Info : 
+---Muxes : 
	   2 Input      1 Bit        Muxes := 1     
Module notech_mux2__625 
Detailed RTL Component Info : 
+---Muxes : 
	   2 Input      1 Bit        Muxes := 1     
Module notech_mux4__1 
Detailed RTL Component Info : 
+---Muxes : 
	   2 Input      1 Bit        Muxes := 3     
Module notech_mux4__2 
Detailed RTL Component Info : 
+---Muxes : 
	   2 Input      1 Bit        Muxes := 3     
Module notech_mux4__3 
Detailed RTL Component Info : 
+---Muxes : 
	   2 Input      1 Bit        Muxes := 3     
Module notech_mux4__4 
Detailed RTL Component Info : 
+---Muxes : 
	   2 Input      1 Bit        Muxes := 3     
Module notech_mux4__5 
Detailed RTL Component Info : 
+---Muxes : 
	   2 Input      1 Bit        Muxes := 3     
Module notech_mux4__6 
Detailed RTL Component Info : 
+---Muxes : 
	   2 Input      1 Bit        Muxes := 3     
Module notech_mux4__7 
Detailed RTL Component Info : 
+---Muxes : 
	   2 Input      1 Bit        Muxes := 3     
Module notech_mux4__8 
Detailed RTL Component Info : 
+---Muxes : 
	   2 Input      1 Bit        Muxes := 3     
Module notech_mux4__9 
Detailed RTL Component Info : 
+---Muxes : 
	   2 Input      1 Bit        Muxes := 3     
Module notech_mux4__10 
Detailed RTL Component Info : 
+---Muxes : 
	   2 Input      1 Bit        Muxes := 3     
Module notech_mux4__11 
Detailed RTL Component Info : 
+---Muxes : 
	   2 Input      1 Bit        Muxes := 3     
Module notech_mux4__12 
Detailed RTL Component Info : 
+---Muxes : 
	   2 Input      1 Bit        Muxes := 3     
Module notech_mux4__13 
Detailed RTL Component Info : 
+---Muxes : 
	   2 Input      1 Bit        Muxes := 3     
Module notech_mux4__14 
Detailed RTL Component Info : 
+---Muxes : 
	   2 Input      1 Bit        Muxes := 3     
Module notech_mux4__15 
Detailed RTL Component Info : 
+---Muxes : 
	   2 Input      1 Bit        Muxes := 3     
Module notech_mux4__16 
Detailed RTL Component Info : 
+---Muxes : 
	   2 Input      1 Bit        Muxes := 3     
Module notech_mux4__17 
Detailed RTL Component Info : 
+---Muxes : 
	   2 Input      1 Bit        Muxes := 3     
Module notech_mux4__18 
Detailed RTL Component Info : 
+---Muxes : 
	   2 Input      1 Bit        Muxes := 3     
Module notech_mux4__19 
Detailed RTL Component Info : 
+---Muxes : 
	   2 Input      1 Bit        Muxes := 3     
Module notech_mux4__20 
Detailed RTL Component Info : 
+---Muxes : 
	   2 Input      1 Bit        Muxes := 3     
Module notech_mux4__21 
Detailed RTL Component Info : 
+---Muxes : 
	   2 Input      1 Bit        Muxes := 3     
Module notech_mux4__22 
Detailed RTL Component Info : 
+---Muxes : 
	   2 Input      1 Bit        Muxes := 3     
Module notech_mux4__23 
Detailed RTL Component Info : 
+---Muxes : 
	   2 Input      1 Bit        Muxes := 3     
Module notech_mux4__24 
Detailed RTL Component Info : 
+---Muxes : 
	   2 Input      1 Bit        Muxes := 3     
Module notech_mux4__25 
Detailed RTL Component Info : 
+---Muxes : 
	   2 Input      1 Bit        Muxes := 3     
Module notech_mux4__26 
Detailed RTL Component Info : 
+---Muxes : 
	   2 Input      1 Bit        Muxes := 3     
Module notech_mux4__27 
Detailed RTL Component Info : 
+---Muxes : 
	   2 Input      1 Bit        Muxes := 3     
Module notech_mux4__28 
Detailed RTL Component Info : 
+---Muxes : 
	   2 Input      1 Bit        Muxes := 3     
Module notech_mux4__29 
Detailed RTL Component Info : 
+---Muxes : 
	   2 Input      1 Bit        Muxes := 3     
Module notech_mux4__30 
Detailed RTL Component Info : 
+---Muxes : 
	   2 Input      1 Bit        Muxes := 3     
Module notech_mux4__31 
Detailed RTL Component Info : 
+---Muxes : 
	   2 Input      1 Bit        Muxes := 3     
Module notech_mux4__32 
Detailed RTL Component Info : 
+---Muxes : 
	   2 Input      1 Bit        Muxes := 3     
Module notech_mux4__33 
Detailed RTL Component Info : 
+---Muxes : 
	   2 Input      1 Bit        Muxes := 3     
Module notech_mux4__34 
Detailed RTL Component Info : 
+---Muxes : 
	   2 Input      1 Bit        Muxes := 3     
Module notech_mux4__35 
Detailed RTL Component Info : 
+---Muxes : 
	   2 Input      1 Bit        Muxes := 3     
Module notech_mux4__36 
Detailed RTL Component Info : 
+---Muxes : 
	   2 Input      1 Bit        Muxes := 3     
Module notech_mux4__37 
Detailed RTL Component Info : 
+---Muxes : 
	   2 Input      1 Bit        Muxes := 3     
Module notech_mux4__38 
Detailed RTL Component Info : 
+---Muxes : 
	   2 Input      1 Bit        Muxes := 3     
Module notech_mux4__39 
Detailed RTL Component Info : 
+---Muxes : 
	   2 Input      1 Bit        Muxes := 3     
Module notech_mux4__40 
Detailed RTL Component Info : 
+---Muxes : 
	   2 Input      1 Bit        Muxes := 3     
Module notech_mux4__41 
Detailed RTL Component Info : 
+---Muxes : 
	   2 Input      1 Bit        Muxes := 3     
Module notech_mux4__42 
Detailed RTL Component Info : 
+---Muxes : 
	   2 Input      1 Bit        Muxes := 3     
Module notech_mux4__43 
Detailed RTL Component Info : 
+---Muxes : 
	   2 Input      1 Bit        Muxes := 3     
Module notech_mux4__44 
Detailed RTL Component Info : 
+---Muxes : 
	   2 Input      1 Bit        Muxes := 3     
Module notech_mux4__45 
Detailed RTL Component Info : 
+---Muxes : 
	   2 Input      1 Bit        Muxes := 3     
Module notech_mux4__46 
Detailed RTL Component Info : 
+---Muxes : 
	   2 Input      1 Bit        Muxes := 3     
Module notech_mux4__47 
Detailed RTL Component Info : 
+---Muxes : 
	   2 Input      1 Bit        Muxes := 3     
Module notech_mux4__48 
Detailed RTL Component Info : 
+---Muxes : 
	   2 Input      1 Bit        Muxes := 3     
Module notech_mux4__49 
Detailed RTL Component Info : 
+---Muxes : 
	   2 Input      1 Bit        Muxes := 3     
Module notech_mux4__50 
Detailed RTL Component Info : 
+---Muxes : 
	   2 Input      1 Bit        Muxes := 3     
Module notech_mux4__51 
Detailed RTL Component Info : 
+---Muxes : 
	   2 Input      1 Bit        Muxes := 3     
Module notech_mux4__52 
Detailed RTL Component Info : 
+---Muxes : 
	   2 Input      1 Bit        Muxes := 3     
Module notech_mux4__53 
Detailed RTL Component Info : 
+---Muxes : 
	   2 Input      1 Bit        Muxes := 3     
Module notech_mux4__54 
Detailed RTL Component Info : 
+---Muxes : 
	   2 Input      1 Bit        Muxes := 3     
Module notech_mux4__55 
Detailed RTL Component Info : 
+---Muxes : 
	   2 Input      1 Bit        Muxes := 3     
Module notech_mux4__56 
Detailed RTL Component Info : 
+---Muxes : 
	   2 Input      1 Bit        Muxes := 3     
Module notech_mux4__57 
Detailed RTL Component Info : 
+---Muxes : 
	   2 Input      1 Bit        Muxes := 3     
Module notech_mux4__58 
Detailed RTL Component Info : 
+---Muxes : 
	   2 Input      1 Bit        Muxes := 3     
Module notech_mux4__59 
Detailed RTL Component Info : 
+---Muxes : 
	   2 Input      1 Bit        Muxes := 3     
Module notech_mux4__60 
Detailed RTL Component Info : 
+---Muxes : 
	   2 Input      1 Bit        Muxes := 3     
Module notech_mux4__61 
Detailed RTL Component Info : 
+---Muxes : 
	   2 Input      1 Bit        Muxes := 3     
Module notech_mux4__62 
Detailed RTL Component Info : 
+---Muxes : 
	   2 Input      1 Bit        Muxes := 3     
Module notech_mux4__63 
Detailed RTL Component Info : 
+---Muxes : 
	   2 Input      1 Bit        Muxes := 3     
Module notech_mux4__64 
Detailed RTL Component Info : 
+---Muxes : 
	   2 Input      1 Bit        Muxes := 3     
Module notech_mux4__65 
Detailed RTL Component Info : 
+---Muxes : 
	   2 Input      1 Bit        Muxes := 3     
Module notech_mux4__66 
Detailed RTL Component Info : 
+---Muxes : 
	   2 Input      1 Bit        Muxes := 3     
Module notech_mux4__67 
Detailed RTL Component Info : 
+---Muxes : 
	   2 Input      1 Bit        Muxes := 3     
Module notech_mux4__68 
Detailed RTL Component Info : 
+---Muxes : 
	   2 Input      1 Bit        Muxes := 3     
Module notech_mux4__69 
Detailed RTL Component Info : 
+---Muxes : 
	   2 Input      1 Bit        Muxes := 3     
Module notech_mux4__70 
Detailed RTL Component Info : 
+---Muxes : 
	   2 Input      1 Bit        Muxes := 3     
Module notech_mux4__71 
Detailed RTL Component Info : 
+---Muxes : 
	   2 Input      1 Bit        Muxes := 3     
Module notech_mux4__72 
Detailed RTL Component Info : 
+---Muxes : 
	   2 Input      1 Bit        Muxes := 3     
Module notech_mux4__73 
Detailed RTL Component Info : 
+---Muxes : 
	   2 Input      1 Bit        Muxes := 3     
Module notech_mux4__74 
Detailed RTL Component Info : 
+---Muxes : 
	   2 Input      1 Bit        Muxes := 3     
Module notech_mux4__75 
Detailed RTL Component Info : 
+---Muxes : 
	   2 Input      1 Bit        Muxes := 3     
Module notech_mux4__76 
Detailed RTL Component Info : 
+---Muxes : 
	   2 Input      1 Bit        Muxes := 3     
Module notech_mux4__77 
Detailed RTL Component Info : 
+---Muxes : 
	   2 Input      1 Bit        Muxes := 3     
Module notech_mux4__78 
Detailed RTL Component Info : 
+---Muxes : 
	   2 Input      1 Bit        Muxes := 3     
Module notech_mux4__79 
Detailed RTL Component Info : 
+---Muxes : 
	   2 Input      1 Bit        Muxes := 3     
Module notech_mux4__80 
Detailed RTL Component Info : 
+---Muxes : 
	   2 Input      1 Bit        Muxes := 3     
Module notech_mux4__81 
Detailed RTL Component Info : 
+---Muxes : 
	   2 Input      1 Bit        Muxes := 3     
Module notech_mux4__82 
Detailed RTL Component Info : 
+---Muxes : 
	   2 Input      1 Bit        Muxes := 3     
Module notech_mux4__83 
Detailed RTL Component Info : 
+---Muxes : 
	   2 Input      1 Bit        Muxes := 3     
Module notech_mux4__84 
Detailed RTL Component Info : 
+---Muxes : 
	   2 Input      1 Bit        Muxes := 3     
Module notech_mux4__85 
Detailed RTL Component Info : 
+---Muxes : 
	   2 Input      1 Bit        Muxes := 3     
Module notech_mux4__86 
Detailed RTL Component Info : 
+---Muxes : 
	   2 Input      1 Bit        Muxes := 3     
Module notech_mux4__87 
Detailed RTL Component Info : 
+---Muxes : 
	   2 Input      1 Bit        Muxes := 3     
Module notech_mux4__88 
Detailed RTL Component Info : 
+---Muxes : 
	   2 Input      1 Bit        Muxes := 3     
Module notech_mux4__89 
Detailed RTL Component Info : 
+---Muxes : 
	   2 Input      1 Bit        Muxes := 3     
Module notech_mux4__90 
Detailed RTL Component Info : 
+---Muxes : 
	   2 Input      1 Bit        Muxes := 3     
Module notech_mux4__91 
Detailed RTL Component Info : 
+---Muxes : 
	   2 Input      1 Bit        Muxes := 3     
Module notech_mux4__92 
Detailed RTL Component Info : 
+---Muxes : 
	   2 Input      1 Bit        Muxes := 3     
Module notech_mux4__93 
Detailed RTL Component Info : 
+---Muxes : 
	   2 Input      1 Bit        Muxes := 3     
Module notech_mux4__94 
Detailed RTL Component Info : 
+---Muxes : 
	   2 Input      1 Bit        Muxes := 3     
Module notech_mux4__95 
Detailed RTL Component Info : 
+---Muxes : 
	   2 Input      1 Bit        Muxes := 3     
Module notech_mux4__96 
Detailed RTL Component Info : 
+---Muxes : 
	   2 Input      1 Bit        Muxes := 3     
Module notech_mux4__97 
Detailed RTL Component Info : 
+---Muxes : 
	   2 Input      1 Bit        Muxes := 3     
Module notech_mux4__98 
Detailed RTL Component Info : 
+---Muxes : 
	   2 Input      1 Bit        Muxes := 3     
Module notech_mux4__99 
Detailed RTL Component Info : 
+---Muxes : 
	   2 Input      1 Bit        Muxes := 3     
Module notech_mux4__100 
Detailed RTL Component Info : 
+---Muxes : 
	   2 Input      1 Bit        Muxes := 3     
Module notech_mux4__101 
Detailed RTL Component Info : 
+---Muxes : 
	   2 Input      1 Bit        Muxes := 3     
Module notech_mux4__102 
Detailed RTL Component Info : 
+---Muxes : 
	   2 Input      1 Bit        Muxes := 3     
Module notech_mux4__103 
Detailed RTL Component Info : 
+---Muxes : 
	   2 Input      1 Bit        Muxes := 3     
Module notech_mux4__104 
Detailed RTL Component Info : 
+---Muxes : 
	   2 Input      1 Bit        Muxes := 3     
Module notech_mux4__105 
Detailed RTL Component Info : 
+---Muxes : 
	   2 Input      1 Bit        Muxes := 3     
Module notech_mux4__106 
Detailed RTL Component Info : 
+---Muxes : 
	   2 Input      1 Bit        Muxes := 3     
Module notech_mux4__107 
Detailed RTL Component Info : 
+---Muxes : 
	   2 Input      1 Bit        Muxes := 3     
Module notech_mux4__108 
Detailed RTL Component Info : 
+---Muxes : 
	   2 Input      1 Bit        Muxes := 3     
Module notech_mux4__109 
Detailed RTL Component Info : 
+---Muxes : 
	   2 Input      1 Bit        Muxes := 3     
Module notech_mux4__110 
Detailed RTL Component Info : 
+---Muxes : 
	   2 Input      1 Bit        Muxes := 3     
Module notech_mux4__111 
Detailed RTL Component Info : 
+---Muxes : 
	   2 Input      1 Bit        Muxes := 3     
Module notech_mux4__112 
Detailed RTL Component Info : 
+---Muxes : 
	   2 Input      1 Bit        Muxes := 3     
Module notech_mux4__113 
Detailed RTL Component Info : 
+---Muxes : 
	   2 Input      1 Bit        Muxes := 3     
Module notech_mux4__114 
Detailed RTL Component Info : 
+---Muxes : 
	   2 Input      1 Bit        Muxes := 3     
Module notech_mux4__115 
Detailed RTL Component Info : 
+---Muxes : 
	   2 Input      1 Bit        Muxes := 3     
Module notech_mux4__116 
Detailed RTL Component Info : 
+---Muxes : 
	   2 Input      1 Bit        Muxes := 3     
Module notech_mux4__117 
Detailed RTL Component Info : 
+---Muxes : 
	   2 Input      1 Bit        Muxes := 3     
Module notech_mux4__118 
Detailed RTL Component Info : 
+---Muxes : 
	   2 Input      1 Bit        Muxes := 3     
Module notech_mux4__119 
Detailed RTL Component Info : 
+---Muxes : 
	   2 Input      1 Bit        Muxes := 3     
Module notech_mux4__120 
Detailed RTL Component Info : 
+---Muxes : 
	   2 Input      1 Bit        Muxes := 3     
Module notech_mux4__121 
Detailed RTL Component Info : 
+---Muxes : 
	   2 Input      1 Bit        Muxes := 3     
Module notech_mux4__122 
Detailed RTL Component Info : 
+---Muxes : 
	   2 Input      1 Bit        Muxes := 3     
Module notech_mux4__123 
Detailed RTL Component Info : 
+---Muxes : 
	   2 Input      1 Bit        Muxes := 3     
Module notech_mux4__124 
Detailed RTL Component Info : 
+---Muxes : 
	   2 Input      1 Bit        Muxes := 3     
Module notech_mux4__125 
Detailed RTL Component Info : 
+---Muxes : 
	   2 Input      1 Bit        Muxes := 3     
Module notech_mux4__126 
Detailed RTL Component Info : 
+---Muxes : 
	   2 Input      1 Bit        Muxes := 3     
Module notech_mux4__127 
Detailed RTL Component Info : 
+---Muxes : 
	   2 Input      1 Bit        Muxes := 3     
Module notech_mux4__128 
Detailed RTL Component Info : 
+---Muxes : 
	   2 Input      1 Bit        Muxes := 3     
Module notech_mux4__129 
Detailed RTL Component Info : 
+---Muxes : 
	   2 Input      1 Bit        Muxes := 3     
Module notech_mux4__130 
Detailed RTL Component Info : 
+---Muxes : 
	   2 Input      1 Bit        Muxes := 3     
Module notech_mux4__131 
Detailed RTL Component Info : 
+---Muxes : 
	   2 Input      1 Bit        Muxes := 3     
Module notech_mux4__132 
Detailed RTL Component Info : 
+---Muxes : 
	   2 Input      1 Bit        Muxes := 3     
Module notech_mux4__133 
Detailed RTL Component Info : 
+---Muxes : 
	   2 Input      1 Bit        Muxes := 3     
Module notech_mux4__134 
Detailed RTL Component Info : 
+---Muxes : 
	   2 Input      1 Bit        Muxes := 3     
Module notech_mux4__135 
Detailed RTL Component Info : 
+---Muxes : 
	   2 Input      1 Bit        Muxes := 3     
Module notech_mux4__136 
Detailed RTL Component Info : 
+---Muxes : 
	   2 Input      1 Bit        Muxes := 3     
Module notech_mux4__137 
Detailed RTL Component Info : 
+---Muxes : 
	   2 Input      1 Bit        Muxes := 3     
Module notech_mux4__138 
Detailed RTL Component Info : 
+---Muxes : 
	   2 Input      1 Bit        Muxes := 3     
Module notech_mux4__139 
Detailed RTL Component Info : 
+---Muxes : 
	   2 Input      1 Bit        Muxes := 3     
Module notech_mux4__140 
Detailed RTL Component Info : 
+---Muxes : 
	   2 Input      1 Bit        Muxes := 3     
Module notech_mux4__141 
Detailed RTL Component Info : 
+---Muxes : 
	   2 Input      1 Bit        Muxes := 3     
Module notech_mux4__142 
Detailed RTL Component Info : 
+---Muxes : 
	   2 Input      1 Bit        Muxes := 3     
Module notech_mux4__143 
Detailed RTL Component Info : 
+---Muxes : 
	   2 Input      1 Bit        Muxes := 3     
Module notech_mux4__144 
Detailed RTL Component Info : 
+---Muxes : 
	   2 Input      1 Bit        Muxes := 3     
Module notech_mux4__145 
Detailed RTL Component Info : 
+---Muxes : 
	   2 Input      1 Bit        Muxes := 3     
Module notech_mux4__146 
Detailed RTL Component Info : 
+---Muxes : 
	   2 Input      1 Bit        Muxes := 3     
Module notech_mux4__147 
Detailed RTL Component Info : 
+---Muxes : 
	   2 Input      1 Bit        Muxes := 3     
Module notech_mux4__148 
Detailed RTL Component Info : 
+---Muxes : 
	   2 Input      1 Bit        Muxes := 3     
Module notech_mux4__149 
Detailed RTL Component Info : 
+---Muxes : 
	   2 Input      1 Bit        Muxes := 3     
Module notech_mux4__150 
Detailed RTL Component Info : 
+---Muxes : 
	   2 Input      1 Bit        Muxes := 3     
Module notech_mux4__151 
Detailed RTL Component Info : 
+---Muxes : 
	   2 Input      1 Bit        Muxes := 3     
Module notech_mux4__152 
Detailed RTL Component Info : 
+---Muxes : 
	   2 Input      1 Bit        Muxes := 3     
Module notech_mux4__153 
Detailed RTL Component Info : 
+---Muxes : 
	   2 Input      1 Bit        Muxes := 3     
Module notech_mux4__154 
Detailed RTL Component Info : 
+---Muxes : 
	   2 Input      1 Bit        Muxes := 3     
Module notech_mux4__155 
Detailed RTL Component Info : 
+---Muxes : 
	   2 Input      1 Bit        Muxes := 3     
Module notech_mux4__156 
Detailed RTL Component Info : 
+---Muxes : 
	   2 Input      1 Bit        Muxes := 3     
Module notech_mux4__157 
Detailed RTL Component Info : 
+---Muxes : 
	   2 Input      1 Bit        Muxes := 3     
Module notech_mux4__158 
Detailed RTL Component Info : 
+---Muxes : 
	   2 Input      1 Bit        Muxes := 3     
Module notech_mux4__159 
Detailed RTL Component Info : 
+---Muxes : 
	   2 Input      1 Bit        Muxes := 3     
Module notech_mux4__160 
Detailed RTL Component Info : 
+---Muxes : 
	   2 Input      1 Bit        Muxes := 3     
Module notech_mux4__161 
Detailed RTL Component Info : 
+---Muxes : 
	   2 Input      1 Bit        Muxes := 3     
Module notech_mux4__162 
Detailed RTL Component Info : 
+---Muxes : 
	   2 Input      1 Bit        Muxes := 3     
Module notech_mux4__163 
Detailed RTL Component Info : 
+---Muxes : 
	   2 Input      1 Bit        Muxes := 3     
Module notech_mux4__164 
Detailed RTL Component Info : 
+---Muxes : 
	   2 Input      1 Bit        Muxes := 3     
Module notech_mux4__165 
Detailed RTL Component Info : 
+---Muxes : 
	   2 Input      1 Bit        Muxes := 3     
Module notech_mux4__166 
Detailed RTL Component Info : 
+---Muxes : 
	   2 Input      1 Bit        Muxes := 3     
Module notech_mux4__167 
Detailed RTL Component Info : 
+---Muxes : 
	   2 Input      1 Bit        Muxes := 3     
Module notech_mux4__168 
Detailed RTL Component Info : 
+---Muxes : 
	   2 Input      1 Bit        Muxes := 3     
Module notech_reg__169 
Detailed RTL Component Info : 
+---Registers : 
	                1 Bit    Registers := 1     
Module notech_reg__170 
Detailed RTL Component Info : 
+---Registers : 
	                1 Bit    Registers := 1     
Module notech_reg__171 
Detailed RTL Component Info : 
+---Registers : 
	                1 Bit    Registers := 1     
Module notech_reg__172 
Detailed RTL Component Info : 
+---Registers : 
	                1 Bit    Registers := 1     
Module notech_reg__173 
Detailed RTL Component Info : 
+---Registers : 
	                1 Bit    Registers := 1     
Module notech_reg__174 
Detailed RTL Component Info : 
+---Registers : 
	                1 Bit    Registers := 1     
Module notech_reg__175 
Detailed RTL Component Info : 
+---Registers : 
	                1 Bit    Registers := 1     
Module notech_reg__176 
Detailed RTL Component Info : 
+---Registers : 
	                1 Bit    Registers := 1     
Module notech_reg__177 
Detailed RTL Component Info : 
+---Registers : 
	                1 Bit    Registers := 1     
Module notech_reg__178 
Detailed RTL Component Info : 
+---Registers : 
	                1 Bit    Registers := 1     
Module notech_reg__179 
Detailed RTL Component Info : 
+---Registers : 
	                1 Bit    Registers := 1     
Module notech_reg__180 
Detailed RTL Component Info : 
+---Registers : 
	                1 Bit    Registers := 1     
Module notech_reg__181 
Detailed RTL Component Info : 
+---Registers : 
	                1 Bit    Registers := 1     
Module notech_reg__182 
Detailed RTL Component Info : 
+---Registers : 
	                1 Bit    Registers := 1     
Module notech_reg__183 
Detailed RTL Component Info : 
+---Registers : 
	                1 Bit    Registers := 1     
Module notech_reg__184 
Detailed RTL Component Info : 
+---Registers : 
	                1 Bit    Registers := 1     
Module notech_reg__185 
Detailed RTL Component Info : 
+---Registers : 
	                1 Bit    Registers := 1     
Module notech_reg__186 
Detailed RTL Component Info : 
+---Registers : 
	                1 Bit    Registers := 1     
Module notech_reg__187 
Detailed RTL Component Info : 
+---Registers : 
	                1 Bit    Registers := 1     
Module notech_reg__188 
Detailed RTL Component Info : 
+---Registers : 
	                1 Bit    Registers := 1     
Module notech_reg__189 
Detailed RTL Component Info : 
+---Registers : 
	                1 Bit    Registers := 1     
Module notech_reg__190 
Detailed RTL Component Info : 
+---Registers : 
	                1 Bit    Registers := 1     
Module notech_reg__191 
Detailed RTL Component Info : 
+---Registers : 
	                1 Bit    Registers := 1     
Module notech_reg__192 
Detailed RTL Component Info : 
+---Registers : 
	                1 Bit    Registers := 1     
Module notech_reg__193 
Detailed RTL Component Info : 
+---Registers : 
	                1 Bit    Registers := 1     
Module notech_reg__194 
Detailed RTL Component Info : 
+---Registers : 
	                1 Bit    Registers := 1     
Module notech_reg__195 
Detailed RTL Component Info : 
+---Registers : 
	                1 Bit    Registers := 1     
Module notech_reg__196 
Detailed RTL Component Info : 
+---Registers : 
	                1 Bit    Registers := 1     
Module notech_reg__197 
Detailed RTL Component Info : 
+---Registers : 
	                1 Bit    Registers := 1     
Module notech_reg__198 
Detailed RTL Component Info : 
+---Registers : 
	                1 Bit    Registers := 1     
Module notech_reg__199 
Detailed RTL Component Info : 
+---Registers : 
	                1 Bit    Registers := 1     
Module notech_reg__200 
Detailed RTL Component Info : 
+---Registers : 
	                1 Bit    Registers := 1     
Module notech_reg__201 
Detailed RTL Component Info : 
+---Registers : 
	                1 Bit    Registers := 1     
Module notech_reg__202 
Detailed RTL Component Info : 
+---Registers : 
	                1 Bit    Registers := 1     
Module notech_reg__203 
Detailed RTL Component Info : 
+---Registers : 
	                1 Bit    Registers := 1     
Module notech_reg__204 
Detailed RTL Component Info : 
+---Registers : 
	                1 Bit    Registers := 1     
Module notech_reg__205 
Detailed RTL Component Info : 
+---Registers : 
	                1 Bit    Registers := 1     
Module notech_reg__206 
Detailed RTL Component Info : 
+---Registers : 
	                1 Bit    Registers := 1     
Module notech_reg__207 
Detailed RTL Component Info : 
+---Registers : 
	                1 Bit    Registers := 1     
Module notech_reg__208 
Detailed RTL Component Info : 
+---Registers : 
	                1 Bit    Registers := 1     
Module notech_reg__209 
Detailed RTL Component Info : 
+---Registers : 
	                1 Bit    Registers := 1     
Module notech_reg__210 
Detailed RTL Component Info : 
+---Registers : 
	                1 Bit    Registers := 1     
Module notech_reg__211 
Detailed RTL Component Info : 
+---Registers : 
	                1 Bit    Registers := 1     
Module notech_reg__212 
Detailed RTL Component Info : 
+---Registers : 
	                1 Bit    Registers := 1     
Module notech_reg__213 
Detailed RTL Component Info : 
+---Registers : 
	                1 Bit    Registers := 1     
Module notech_reg__214 
Detailed RTL Component Info : 
+---Registers : 
	                1 Bit    Registers := 1     
Module notech_reg__215 
Detailed RTL Component Info : 
+---Registers : 
	                1 Bit    Registers := 1     
Module notech_reg__216 
Detailed RTL Component Info : 
+---Registers : 
	                1 Bit    Registers := 1     
Module notech_reg__217 
Detailed RTL Component Info : 
+---Registers : 
	                1 Bit    Registers := 1     
Module notech_reg__218 
Detailed RTL Component Info : 
+---Registers : 
	                1 Bit    Registers := 1     
Module notech_reg__219 
Detailed RTL Component Info : 
+---Registers : 
	                1 Bit    Registers := 1     
Module notech_reg__220 
Detailed RTL Component Info : 
+---Registers : 
	                1 Bit    Registers := 1     
Module notech_reg__221 
Detailed RTL Component Info : 
+---Registers : 
	                1 Bit    Registers := 1     
Module notech_reg__222 
Detailed RTL Component Info : 
+---Registers : 
	                1 Bit    Registers := 1     
Module notech_reg__223 
Detailed RTL Component Info : 
+---Registers : 
	                1 Bit    Registers := 1     
Module notech_reg__224 
Detailed RTL Component Info : 
+---Registers : 
	                1 Bit    Registers := 1     
Module notech_reg__225 
Detailed RTL Component Info : 
+---Registers : 
	                1 Bit    Registers := 1     
Module notech_reg__226 
Detailed RTL Component Info : 
+---Registers : 
	                1 Bit    Registers := 1     
Module notech_reg__227 
Detailed RTL Component Info : 
+---Registers : 
	                1 Bit    Registers := 1     
Module notech_reg__228 
Detailed RTL Component Info : 
+---Registers : 
	                1 Bit    Registers := 1     
Module notech_reg__229 
Detailed RTL Component Info : 
+---Registers : 
	                1 Bit    Registers := 1     
Module notech_reg__230 
Detailed RTL Component Info : 
+---Registers : 
	                1 Bit    Registers := 1     
Module notech_reg__231 
Detailed RTL Component Info : 
+---Registers : 
	                1 Bit    Registers := 1     
Module notech_reg__232 
Detailed RTL Component Info : 
+---Registers : 
	                1 Bit    Registers := 1     
Module notech_reg__233 
Detailed RTL Component Info : 
+---Registers : 
	                1 Bit    Registers := 1     
Module notech_reg__234 
Detailed RTL Component Info : 
+---Registers : 
	                1 Bit    Registers := 1     
Module notech_reg__235 
Detailed RTL Component Info : 
+---Registers : 
	                1 Bit    Registers := 1     
Module notech_reg__236 
Detailed RTL Component Info : 
+---Registers : 
	                1 Bit    Registers := 1     
Module notech_reg__237 
Detailed RTL Component Info : 
+---Registers : 
	                1 Bit    Registers := 1     
Module notech_reg__238 
Detailed RTL Component Info : 
+---Registers : 
	                1 Bit    Registers := 1     
Module notech_reg__239 
Detailed RTL Component Info : 
+---Registers : 
	                1 Bit    Registers := 1     
Module notech_reg__240 
Detailed RTL Component Info : 
+---Registers : 
	                1 Bit    Registers := 1     
Module notech_reg__241 
Detailed RTL Component Info : 
+---Registers : 
	                1 Bit    Registers := 1     
Module notech_reg__242 
Detailed RTL Component Info : 
+---Registers : 
	                1 Bit    Registers := 1     
Module notech_reg__243 
Detailed RTL Component Info : 
+---Registers : 
	                1 Bit    Registers := 1     
Module notech_reg__244 
Detailed RTL Component Info : 
+---Registers : 
	                1 Bit    Registers := 1     
Module notech_reg__245 
Detailed RTL Component Info : 
+---Registers : 
	                1 Bit    Registers := 1     
Module notech_reg__246 
Detailed RTL Component Info : 
+---Registers : 
	                1 Bit    Registers := 1     
Module notech_reg__247 
Detailed RTL Component Info : 
+---Registers : 
	                1 Bit    Registers := 1     
Module notech_reg__248 
Detailed RTL Component Info : 
+---Registers : 
	                1 Bit    Registers := 1     
Module notech_reg__249 
Detailed RTL Component Info : 
+---Registers : 
	                1 Bit    Registers := 1     
Module notech_reg__250 
Detailed RTL Component Info : 
+---Registers : 
	                1 Bit    Registers := 1     
Module notech_reg__251 
Detailed RTL Component Info : 
+---Registers : 
	                1 Bit    Registers := 1     
Module notech_reg__252 
Detailed RTL Component Info : 
+---Registers : 
	                1 Bit    Registers := 1     
Module notech_reg__253 
Detailed RTL Component Info : 
+---Registers : 
	                1 Bit    Registers := 1     
Module notech_reg__254 
Detailed RTL Component Info : 
+---Registers : 
	                1 Bit    Registers := 1     
Module notech_reg__255 
Detailed RTL Component Info : 
+---Registers : 
	                1 Bit    Registers := 1     
Module notech_reg__256 
Detailed RTL Component Info : 
+---Registers : 
	                1 Bit    Registers := 1     
Module notech_reg__257 
Detailed RTL Component Info : 
+---Registers : 
	                1 Bit    Registers := 1     
Module notech_reg__258 
Detailed RTL Component Info : 
+---Registers : 
	                1 Bit    Registers := 1     
Module notech_reg__259 
Detailed RTL Component Info : 
+---Registers : 
	                1 Bit    Registers := 1     
Module notech_reg__260 
Detailed RTL Component Info : 
+---Registers : 
	                1 Bit    Registers := 1     
Module notech_reg__261 
Detailed RTL Component Info : 
+---Registers : 
	                1 Bit    Registers := 1     
Module notech_reg__262 
Detailed RTL Component Info : 
+---Registers : 
	                1 Bit    Registers := 1     
Module notech_reg__263 
Detailed RTL Component Info : 
+---Registers : 
	                1 Bit    Registers := 1     
Module notech_reg__264 
Detailed RTL Component Info : 
+---Registers : 
	                1 Bit    Registers := 1     
Module notech_reg__265 
Detailed RTL Component Info : 
+---Registers : 
	                1 Bit    Registers := 1     
Module notech_reg__266 
Detailed RTL Component Info : 
+---Registers : 
	                1 Bit    Registers := 1     
Module notech_reg__267 
Detailed RTL Component Info : 
+---Registers : 
	                1 Bit    Registers := 1     
Module notech_reg__268 
Detailed RTL Component Info : 
+---Registers : 
	                1 Bit    Registers := 1     
Module notech_reg__269 
Detailed RTL Component Info : 
+---Registers : 
	                1 Bit    Registers := 1     
Module notech_reg__270 
Detailed RTL Component Info : 
+---Registers : 
	                1 Bit    Registers := 1     
Module notech_reg__271 
Detailed RTL Component Info : 
+---Registers : 
	                1 Bit    Registers := 1     
Module notech_reg__272 
Detailed RTL Component Info : 
+---Registers : 
	                1 Bit    Registers := 1     
Module notech_reg__273 
Detailed RTL Component Info : 
+---Registers : 
	                1 Bit    Registers := 1     
Module notech_reg__274 
Detailed RTL Component Info : 
+---Registers : 
	                1 Bit    Registers := 1     
Module notech_reg__275 
Detailed RTL Component Info : 
+---Registers : 
	                1 Bit    Registers := 1     
Module notech_reg__276 
Detailed RTL Component Info : 
+---Registers : 
	                1 Bit    Registers := 1     
Module notech_reg__277 
Detailed RTL Component Info : 
+---Registers : 
	                1 Bit    Registers := 1     
Module notech_reg__278 
Detailed RTL Component Info : 
+---Registers : 
	                1 Bit    Registers := 1     
Module notech_reg__279 
Detailed RTL Component Info : 
+---Registers : 
	                1 Bit    Registers := 1     
Module notech_reg__280 
Detailed RTL Component Info : 
+---Registers : 
	                1 Bit    Registers := 1     
Module notech_reg__281 
Detailed RTL Component Info : 
+---Registers : 
	                1 Bit    Registers := 1     
Module notech_reg__282 
Detailed RTL Component Info : 
+---Registers : 
	                1 Bit    Registers := 1     
Module notech_reg__283 
Detailed RTL Component Info : 
+---Registers : 
	                1 Bit    Registers := 1     
Module notech_reg__284 
Detailed RTL Component Info : 
+---Registers : 
	                1 Bit    Registers := 1     
Module notech_reg__285 
Detailed RTL Component Info : 
+---Registers : 
	                1 Bit    Registers := 1     
Module notech_reg__286 
Detailed RTL Component Info : 
+---Registers : 
	                1 Bit    Registers := 1     
Module notech_reg__287 
Detailed RTL Component Info : 
+---Registers : 
	                1 Bit    Registers := 1     
Module notech_reg__288 
Detailed RTL Component Info : 
+---Registers : 
	                1 Bit    Registers := 1     
Module notech_reg__289 
Detailed RTL Component Info : 
+---Registers : 
	                1 Bit    Registers := 1     
Module notech_reg__290 
Detailed RTL Component Info : 
+---Registers : 
	                1 Bit    Registers := 1     
Module notech_reg__291 
Detailed RTL Component Info : 
+---Registers : 
	                1 Bit    Registers := 1     
Module notech_reg__292 
Detailed RTL Component Info : 
+---Registers : 
	                1 Bit    Registers := 1     
Module notech_reg__293 
Detailed RTL Component Info : 
+---Registers : 
	                1 Bit    Registers := 1     
Module notech_reg__294 
Detailed RTL Component Info : 
+---Registers : 
	                1 Bit    Registers := 1     
Module notech_reg__295 
Detailed RTL Component Info : 
+---Registers : 
	                1 Bit    Registers := 1     
Module notech_reg__296 
Detailed RTL Component Info : 
+---Registers : 
	                1 Bit    Registers := 1     
Module notech_reg__297 
Detailed RTL Component Info : 
+---Registers : 
	                1 Bit    Registers := 1     
Module notech_reg__298 
Detailed RTL Component Info : 
+---Registers : 
	                1 Bit    Registers := 1     
Module notech_reg__299 
Detailed RTL Component Info : 
+---Registers : 
	                1 Bit    Registers := 1     
Module notech_reg__300 
Detailed RTL Component Info : 
+---Registers : 
	                1 Bit    Registers := 1     
Module notech_reg__301 
Detailed RTL Component Info : 
+---Registers : 
	                1 Bit    Registers := 1     
Module notech_reg__302 
Detailed RTL Component Info : 
+---Registers : 
	                1 Bit    Registers := 1     
Module notech_reg__303 
Detailed RTL Component Info : 
+---Registers : 
	                1 Bit    Registers := 1     
Module notech_reg__304 
Detailed RTL Component Info : 
+---Registers : 
	                1 Bit    Registers := 1     
Module notech_reg__305 
Detailed RTL Component Info : 
+---Registers : 
	                1 Bit    Registers := 1     
Module notech_reg__306 
Detailed RTL Component Info : 
+---Registers : 
	                1 Bit    Registers := 1     
Module notech_reg__307 
Detailed RTL Component Info : 
+---Registers : 
	                1 Bit    Registers := 1     
Module notech_reg__308 
Detailed RTL Component Info : 
+---Registers : 
	                1 Bit    Registers := 1     
Module notech_reg__309 
Detailed RTL Component Info : 
+---Registers : 
	                1 Bit    Registers := 1     
Module notech_reg__310 
Detailed RTL Component Info : 
+---Registers : 
	                1 Bit    Registers := 1     
Module notech_reg__311 
Detailed RTL Component Info : 
+---Registers : 
	                1 Bit    Registers := 1     
Module notech_reg__312 
Detailed RTL Component Info : 
+---Registers : 
	                1 Bit    Registers := 1     
Module notech_reg__313 
Detailed RTL Component Info : 
+---Registers : 
	                1 Bit    Registers := 1     
Module notech_reg__314 
Detailed RTL Component Info : 
+---Registers : 
	                1 Bit    Registers := 1     
Module notech_reg__315 
Detailed RTL Component Info : 
+---Registers : 
	                1 Bit    Registers := 1     
Module notech_reg__316 
Detailed RTL Component Info : 
+---Registers : 
	                1 Bit    Registers := 1     
Module notech_reg__317 
Detailed RTL Component Info : 
+---Registers : 
	                1 Bit    Registers := 1     
Module notech_reg__318 
Detailed RTL Component Info : 
+---Registers : 
	                1 Bit    Registers := 1     
Module notech_reg__319 
Detailed RTL Component Info : 
+---Registers : 
	                1 Bit    Registers := 1     
Module notech_reg__320 
Detailed RTL Component Info : 
+---Registers : 
	                1 Bit    Registers := 1     
Module notech_reg__321 
Detailed RTL Component Info : 
+---Registers : 
	                1 Bit    Registers := 1     
Module notech_reg__322 
Detailed RTL Component Info : 
+---Registers : 
	                1 Bit    Registers := 1     
Module notech_reg__323 
Detailed RTL Component Info : 
+---Registers : 
	                1 Bit    Registers := 1     
Module notech_reg__324 
Detailed RTL Component Info : 
+---Registers : 
	                1 Bit    Registers := 1     
Module notech_reg__325 
Detailed RTL Component Info : 
+---Registers : 
	                1 Bit    Registers := 1     
Module notech_reg__326 
Detailed RTL Component Info : 
+---Registers : 
	                1 Bit    Registers := 1     
Module notech_reg__327 
Detailed RTL Component Info : 
+---Registers : 
	                1 Bit    Registers := 1     
Module notech_reg__328 
Detailed RTL Component Info : 
+---Registers : 
	                1 Bit    Registers := 1     
Module notech_reg__329 
Detailed RTL Component Info : 
+---Registers : 
	                1 Bit    Registers := 1     
Module notech_reg__330 
Detailed RTL Component Info : 
+---Registers : 
	                1 Bit    Registers := 1     
Module notech_reg__331 
Detailed RTL Component Info : 
+---Registers : 
	                1 Bit    Registers := 1     
Module notech_reg__332 
Detailed RTL Component Info : 
+---Registers : 
	                1 Bit    Registers := 1     
Module notech_reg__333 
Detailed RTL Component Info : 
+---Registers : 
	                1 Bit    Registers := 1     
Module notech_reg__334 
Detailed RTL Component Info : 
+---Registers : 
	                1 Bit    Registers := 1     
Module notech_reg__335 
Detailed RTL Component Info : 
+---Registers : 
	                1 Bit    Registers := 1     
Module notech_reg__336 
Detailed RTL Component Info : 
+---Registers : 
	                1 Bit    Registers := 1     
Module notech_reg__337 
Detailed RTL Component Info : 
+---Registers : 
	                1 Bit    Registers := 1     
Module notech_reg__338 
Detailed RTL Component Info : 
+---Registers : 
	                1 Bit    Registers := 1     
Module notech_reg__339 
Detailed RTL Component Info : 
+---Registers : 
	                1 Bit    Registers := 1     
Module notech_reg__340 
Detailed RTL Component Info : 
+---Registers : 
	                1 Bit    Registers := 1     
Module notech_reg__341 
Detailed RTL Component Info : 
+---Registers : 
	                1 Bit    Registers := 1     
Module notech_reg__342 
Detailed RTL Component Info : 
+---Registers : 
	                1 Bit    Registers := 1     
Module notech_reg__343 
Detailed RTL Component Info : 
+---Registers : 
	                1 Bit    Registers := 1     
Module notech_reg__344 
Detailed RTL Component Info : 
+---Registers : 
	                1 Bit    Registers := 1     
Module notech_reg__345 
Detailed RTL Component Info : 
+---Registers : 
	                1 Bit    Registers := 1     
Module notech_reg__346 
Detailed RTL Component Info : 
+---Registers : 
	                1 Bit    Registers := 1     
Module notech_reg__347 
Detailed RTL Component Info : 
+---Registers : 
	                1 Bit    Registers := 1     
Module notech_reg__348 
Detailed RTL Component Info : 
+---Registers : 
	                1 Bit    Registers := 1     
Module notech_reg__349 
Detailed RTL Component Info : 
+---Registers : 
	                1 Bit    Registers := 1     
Module notech_reg__350 
Detailed RTL Component Info : 
+---Registers : 
	                1 Bit    Registers := 1     
Module notech_reg__351 
Detailed RTL Component Info : 
+---Registers : 
	                1 Bit    Registers := 1     
Module notech_reg__352 
Detailed RTL Component Info : 
+---Registers : 
	                1 Bit    Registers := 1     
Module notech_reg__353 
Detailed RTL Component Info : 
+---Registers : 
	                1 Bit    Registers := 1     
Module notech_reg__354 
Detailed RTL Component Info : 
+---Registers : 
	                1 Bit    Registers := 1     
Module notech_reg__355 
Detailed RTL Component Info : 
+---Registers : 
	                1 Bit    Registers := 1     
Module notech_reg__356 
Detailed RTL Component Info : 
+---Registers : 
	                1 Bit    Registers := 1     
Module notech_reg__357 
Detailed RTL Component Info : 
+---Registers : 
	                1 Bit    Registers := 1     
Module notech_reg__358 
Detailed RTL Component Info : 
+---Registers : 
	                1 Bit    Registers := 1     
Module notech_reg__359 
Detailed RTL Component Info : 
+---Registers : 
	                1 Bit    Registers := 1     
Module notech_reg__360 
Detailed RTL Component Info : 
+---Registers : 
	                1 Bit    Registers := 1     
Module notech_reg__361 
Detailed RTL Component Info : 
+---Registers : 
	                1 Bit    Registers := 1     
Module notech_reg__362 
Detailed RTL Component Info : 
+---Registers : 
	                1 Bit    Registers := 1     
Module notech_reg__363 
Detailed RTL Component Info : 
+---Registers : 
	                1 Bit    Registers := 1     
Module notech_reg__364 
Detailed RTL Component Info : 
+---Registers : 
	                1 Bit    Registers := 1     
Module notech_reg__365 
Detailed RTL Component Info : 
+---Registers : 
	                1 Bit    Registers := 1     
Module notech_reg__366 
Detailed RTL Component Info : 
+---Registers : 
	                1 Bit    Registers := 1     
Module notech_reg__367 
Detailed RTL Component Info : 
+---Registers : 
	                1 Bit    Registers := 1     
Module notech_reg__368 
Detailed RTL Component Info : 
+---Registers : 
	                1 Bit    Registers := 1     
Module notech_reg__369 
Detailed RTL Component Info : 
+---Registers : 
	                1 Bit    Registers := 1     
Module notech_reg__370 
Detailed RTL Component Info : 
+---Registers : 
	                1 Bit    Registers := 1     
Module notech_reg__371 
Detailed RTL Component Info : 
+---Registers : 
	                1 Bit    Registers := 1     
Module notech_reg__372 
Detailed RTL Component Info : 
+---Registers : 
	                1 Bit    Registers := 1     
Module notech_reg__373 
Detailed RTL Component Info : 
+---Registers : 
	                1 Bit    Registers := 1     
Module notech_reg__374 
Detailed RTL Component Info : 
+---Registers : 
	                1 Bit    Registers := 1     
Module notech_reg__375 
Detailed RTL Component Info : 
+---Registers : 
	                1 Bit    Registers := 1     
Module notech_reg__376 
Detailed RTL Component Info : 
+---Registers : 
	                1 Bit    Registers := 1     
Module notech_reg__377 
Detailed RTL Component Info : 
+---Registers : 
	                1 Bit    Registers := 1     
Module notech_reg__378 
Detailed RTL Component Info : 
+---Registers : 
	                1 Bit    Registers := 1     
Module notech_reg__379 
Detailed RTL Component Info : 
+---Registers : 
	                1 Bit    Registers := 1     
Module notech_reg__380 
Detailed RTL Component Info : 
+---Registers : 
	                1 Bit    Registers := 1     
Module notech_reg__381 
Detailed RTL Component Info : 
+---Registers : 
	                1 Bit    Registers := 1     
Module notech_reg__382 
Detailed RTL Component Info : 
+---Registers : 
	                1 Bit    Registers := 1     
Module notech_reg__383 
Detailed RTL Component Info : 
+---Registers : 
	                1 Bit    Registers := 1     
Module notech_reg__384 
Detailed RTL Component Info : 
+---Registers : 
	                1 Bit    Registers := 1     
Module notech_reg__385 
Detailed RTL Component Info : 
+---Registers : 
	                1 Bit    Registers := 1     
Module notech_reg__386 
Detailed RTL Component Info : 
+---Registers : 
	                1 Bit    Registers := 1     
Module notech_reg__387 
Detailed RTL Component Info : 
+---Registers : 
	                1 Bit    Registers := 1     
Module notech_reg__388 
Detailed RTL Component Info : 
+---Registers : 
	                1 Bit    Registers := 1     
Module notech_reg__389 
Detailed RTL Component Info : 
+---Registers : 
	                1 Bit    Registers := 1     
Module notech_reg__390 
Detailed RTL Component Info : 
+---Registers : 
	                1 Bit    Registers := 1     
Module notech_reg__391 
Detailed RTL Component Info : 
+---Registers : 
	                1 Bit    Registers := 1     
Module notech_reg__392 
Detailed RTL Component Info : 
+---Registers : 
	                1 Bit    Registers := 1     
Module notech_reg__393 
Detailed RTL Component Info : 
+---Registers : 
	                1 Bit    Registers := 1     
Module notech_reg__394 
Detailed RTL Component Info : 
+---Registers : 
	                1 Bit    Registers := 1     
Module notech_reg__395 
Detailed RTL Component Info : 
+---Registers : 
	                1 Bit    Registers := 1     
Module notech_reg__396 
Detailed RTL Component Info : 
+---Registers : 
	                1 Bit    Registers := 1     
Module notech_reg__397 
Detailed RTL Component Info : 
+---Registers : 
	                1 Bit    Registers := 1     
Module notech_reg__398 
Detailed RTL Component Info : 
+---Registers : 
	                1 Bit    Registers := 1     
Module notech_reg__399 
Detailed RTL Component Info : 
+---Registers : 
	                1 Bit    Registers := 1     
Module notech_reg__400 
Detailed RTL Component Info : 
+---Registers : 
	                1 Bit    Registers := 1     
Module notech_reg__401 
Detailed RTL Component Info : 
+---Registers : 
	                1 Bit    Registers := 1     
Module notech_reg__402 
Detailed RTL Component Info : 
+---Registers : 
	                1 Bit    Registers := 1     
Module notech_reg__403 
Detailed RTL Component Info : 
+---Registers : 
	                1 Bit    Registers := 1     
Module notech_reg__404 
Detailed RTL Component Info : 
+---Registers : 
	                1 Bit    Registers := 1     
Module notech_reg__405 
Detailed RTL Component Info : 
+---Registers : 
	                1 Bit    Registers := 1     
Module notech_reg__406 
Detailed RTL Component Info : 
+---Registers : 
	                1 Bit    Registers := 1     
Module notech_reg__407 
Detailed RTL Component Info : 
+---Registers : 
	                1 Bit    Registers := 1     
Module notech_reg__408 
Detailed RTL Component Info : 
+---Registers : 
	                1 Bit    Registers := 1     
Module notech_reg__409 
Detailed RTL Component Info : 
+---Registers : 
	                1 Bit    Registers := 1     
Module notech_reg__410 
Detailed RTL Component Info : 
+---Registers : 
	                1 Bit    Registers := 1     
Module notech_reg__411 
Detailed RTL Component Info : 
+---Registers : 
	                1 Bit    Registers := 1     
Module notech_reg__412 
Detailed RTL Component Info : 
+---Registers : 
	                1 Bit    Registers := 1     
Module notech_reg__413 
Detailed RTL Component Info : 
+---Registers : 
	                1 Bit    Registers := 1     
Module notech_reg__414 
Detailed RTL Component Info : 
+---Registers : 
	                1 Bit    Registers := 1     
Module notech_reg__415 
Detailed RTL Component Info : 
+---Registers : 
	                1 Bit    Registers := 1     
Module notech_reg__416 
Detailed RTL Component Info : 
+---Registers : 
	                1 Bit    Registers := 1     
Module notech_reg__417 
Detailed RTL Component Info : 
+---Registers : 
	                1 Bit    Registers := 1     
Module notech_reg__418 
Detailed RTL Component Info : 
+---Registers : 
	                1 Bit    Registers := 1     
Module notech_reg__419 
Detailed RTL Component Info : 
+---Registers : 
	                1 Bit    Registers := 1     
Module notech_reg__420 
Detailed RTL Component Info : 
+---Registers : 
	                1 Bit    Registers := 1     
Module notech_reg__421 
Detailed RTL Component Info : 
+---Registers : 
	                1 Bit    Registers := 1     
Module notech_reg__422 
Detailed RTL Component Info : 
+---Registers : 
	                1 Bit    Registers := 1     
Module notech_reg__423 
Detailed RTL Component Info : 
+---Registers : 
	                1 Bit    Registers := 1     
Module notech_reg__424 
Detailed RTL Component Info : 
+---Registers : 
	                1 Bit    Registers := 1     
Module notech_reg__425 
Detailed RTL Component Info : 
+---Registers : 
	                1 Bit    Registers := 1     
Module notech_reg__426 
Detailed RTL Component Info : 
+---Registers : 
	                1 Bit    Registers := 1     
Module notech_reg__427 
Detailed RTL Component Info : 
+---Registers : 
	                1 Bit    Registers := 1     
Module notech_reg__428 
Detailed RTL Component Info : 
+---Registers : 
	                1 Bit    Registers := 1     
Module notech_reg__429 
Detailed RTL Component Info : 
+---Registers : 
	                1 Bit    Registers := 1     
Module notech_reg__430 
Detailed RTL Component Info : 
+---Registers : 
	                1 Bit    Registers := 1     
Module notech_reg__431 
Detailed RTL Component Info : 
+---Registers : 
	                1 Bit    Registers := 1     
Module notech_reg__432 
Detailed RTL Component Info : 
+---Registers : 
	                1 Bit    Registers := 1     
Module notech_reg__433 
Detailed RTL Component Info : 
+---Registers : 
	                1 Bit    Registers := 1     
Module notech_reg__434 
Detailed RTL Component Info : 
+---Registers : 
	                1 Bit    Registers := 1     
Module notech_reg__435 
Detailed RTL Component Info : 
+---Registers : 
	                1 Bit    Registers := 1     
Module notech_reg__436 
Detailed RTL Component Info : 
+---Registers : 
	                1 Bit    Registers := 1     
Module notech_reg__437 
Detailed RTL Component Info : 
+---Registers : 
	                1 Bit    Registers := 1     
Module notech_reg__438 
Detailed RTL Component Info : 
+---Registers : 
	                1 Bit    Registers := 1     
Module notech_reg__439 
Detailed RTL Component Info : 
+---Registers : 
	                1 Bit    Registers := 1     
Module notech_reg__440 
Detailed RTL Component Info : 
+---Registers : 
	                1 Bit    Registers := 1     
Module notech_reg__441 
Detailed RTL Component Info : 
+---Registers : 
	                1 Bit    Registers := 1     
Module notech_reg__442 
Detailed RTL Component Info : 
+---Registers : 
	                1 Bit    Registers := 1     
Module notech_reg__443 
Detailed RTL Component Info : 
+---Registers : 
	                1 Bit    Registers := 1     
Module notech_reg__444 
Detailed RTL Component Info : 
+---Registers : 
	                1 Bit    Registers := 1     
Module notech_reg__445 
Detailed RTL Component Info : 
+---Registers : 
	                1 Bit    Registers := 1     
Module notech_reg__446 
Detailed RTL Component Info : 
+---Registers : 
	                1 Bit    Registers := 1     
Module notech_reg__447 
Detailed RTL Component Info : 
+---Registers : 
	                1 Bit    Registers := 1     
Module notech_reg__448 
Detailed RTL Component Info : 
+---Registers : 
	                1 Bit    Registers := 1     
Module notech_reg__449 
Detailed RTL Component Info : 
+---Registers : 
	                1 Bit    Registers := 1     
Module notech_reg__450 
Detailed RTL Component Info : 
+---Registers : 
	                1 Bit    Registers := 1     
Module notech_reg__451 
Detailed RTL Component Info : 
+---Registers : 
	                1 Bit    Registers := 1     
Module notech_reg__452 
Detailed RTL Component Info : 
+---Registers : 
	                1 Bit    Registers := 1     
Module notech_reg__453 
Detailed RTL Component Info : 
+---Registers : 
	                1 Bit    Registers := 1     
Module notech_reg__454 
Detailed RTL Component Info : 
+---Registers : 
	                1 Bit    Registers := 1     
Module notech_reg__455 
Detailed RTL Component Info : 
+---Registers : 
	                1 Bit    Registers := 1     
Module notech_reg__456 
Detailed RTL Component Info : 
+---Registers : 
	                1 Bit    Registers := 1     
Module notech_reg__457 
Detailed RTL Component Info : 
+---Registers : 
	                1 Bit    Registers := 1     
Module notech_reg__458 
Detailed RTL Component Info : 
+---Registers : 
	                1 Bit    Registers := 1     
Module notech_reg__459 
Detailed RTL Component Info : 
+---Registers : 
	                1 Bit    Registers := 1     
Module notech_reg__460 
Detailed RTL Component Info : 
+---Registers : 
	                1 Bit    Registers := 1     
Module notech_reg__461 
Detailed RTL Component Info : 
+---Registers : 
	                1 Bit    Registers := 1     
Module notech_reg__462 
Detailed RTL Component Info : 
+---Registers : 
	                1 Bit    Registers := 1     
Module notech_reg__463 
Detailed RTL Component Info : 
+---Registers : 
	                1 Bit    Registers := 1     
Module notech_reg__464 
Detailed RTL Component Info : 
+---Registers : 
	                1 Bit    Registers := 1     
Module notech_reg__465 
Detailed RTL Component Info : 
+---Registers : 
	                1 Bit    Registers := 1     
Module notech_reg__466 
Detailed RTL Component Info : 
+---Registers : 
	                1 Bit    Registers := 1     
Module notech_reg__467 
Detailed RTL Component Info : 
+---Registers : 
	                1 Bit    Registers := 1     
Module notech_reg__468 
Detailed RTL Component Info : 
+---Registers : 
	                1 Bit    Registers := 1     
Module notech_reg__469 
Detailed RTL Component Info : 
+---Registers : 
	                1 Bit    Registers := 1     
Module notech_reg__470 
Detailed RTL Component Info : 
+---Registers : 
	                1 Bit    Registers := 1     
Module notech_reg__471 
Detailed RTL Component Info : 
+---Registers : 
	                1 Bit    Registers := 1     
Module notech_reg__472 
Detailed RTL Component Info : 
+---Registers : 
	                1 Bit    Registers := 1     
Module notech_reg__473 
Detailed RTL Component Info : 
+---Registers : 
	                1 Bit    Registers := 1     
Module notech_reg__474 
Detailed RTL Component Info : 
+---Registers : 
	                1 Bit    Registers := 1     
Module notech_reg__475 
Detailed RTL Component Info : 
+---Registers : 
	                1 Bit    Registers := 1     
Module notech_reg__476 
Detailed RTL Component Info : 
+---Registers : 
	                1 Bit    Registers := 1     
Module notech_reg__477 
Detailed RTL Component Info : 
+---Registers : 
	                1 Bit    Registers := 1     
Module notech_reg__478 
Detailed RTL Component Info : 
+---Registers : 
	                1 Bit    Registers := 1     
Module notech_reg__479 
Detailed RTL Component Info : 
+---Registers : 
	                1 Bit    Registers := 1     
Module notech_reg__480 
Detailed RTL Component Info : 
+---Registers : 
	                1 Bit    Registers := 1     
Module notech_reg__481 
Detailed RTL Component Info : 
+---Registers : 
	                1 Bit    Registers := 1     
Module notech_reg__482 
Detailed RTL Component Info : 
+---Registers : 
	                1 Bit    Registers := 1     
Module notech_reg__483 
Detailed RTL Component Info : 
+---Registers : 
	                1 Bit    Registers := 1     
Module notech_reg__484 
Detailed RTL Component Info : 
+---Registers : 
	                1 Bit    Registers := 1     
Module notech_reg__485 
Detailed RTL Component Info : 
+---Registers : 
	                1 Bit    Registers := 1     
Module notech_reg__486 
Detailed RTL Component Info : 
+---Registers : 
	                1 Bit    Registers := 1     
Module notech_reg__487 
Detailed RTL Component Info : 
+---Registers : 
	                1 Bit    Registers := 1     
Module notech_reg__488 
Detailed RTL Component Info : 
+---Registers : 
	                1 Bit    Registers := 1     
Module notech_reg__489 
Detailed RTL Component Info : 
+---Registers : 
	                1 Bit    Registers := 1     
Module notech_reg__490 
Detailed RTL Component Info : 
+---Registers : 
	                1 Bit    Registers := 1     
Module notech_reg__491 
Detailed RTL Component Info : 
+---Registers : 
	                1 Bit    Registers := 1     
Module notech_reg__492 
Detailed RTL Component Info : 
+---Registers : 
	                1 Bit    Registers := 1     
Module notech_reg__493 
Detailed RTL Component Info : 
+---Registers : 
	                1 Bit    Registers := 1     
Module notech_reg__494 
Detailed RTL Component Info : 
+---Registers : 
	                1 Bit    Registers := 1     
Module notech_reg__495 
Detailed RTL Component Info : 
+---Registers : 
	                1 Bit    Registers := 1     
Module notech_reg__496 
Detailed RTL Component Info : 
+---Registers : 
	                1 Bit    Registers := 1     
Module notech_reg__497 
Detailed RTL Component Info : 
+---Registers : 
	                1 Bit    Registers := 1     
Module notech_reg__498 
Detailed RTL Component Info : 
+---Registers : 
	                1 Bit    Registers := 1     
Module notech_reg__499 
Detailed RTL Component Info : 
+---Registers : 
	                1 Bit    Registers := 1     
Module notech_reg__500 
Detailed RTL Component Info : 
+---Registers : 
	                1 Bit    Registers := 1     
Module notech_reg__501 
Detailed RTL Component Info : 
+---Registers : 
	                1 Bit    Registers := 1     
Module notech_reg__502 
Detailed RTL Component Info : 
+---Registers : 
	                1 Bit    Registers := 1     
Module notech_reg__503 
Detailed RTL Component Info : 
+---Registers : 
	                1 Bit    Registers := 1     
Module notech_reg__504 
Detailed RTL Component Info : 
+---Registers : 
	                1 Bit    Registers := 1     
Module notech_reg__505 
Detailed RTL Component Info : 
+---Registers : 
	                1 Bit    Registers := 1     
Module notech_reg__506 
Detailed RTL Component Info : 
+---Registers : 
	                1 Bit    Registers := 1     
Module notech_reg__507 
Detailed RTL Component Info : 
+---Registers : 
	                1 Bit    Registers := 1     
Module notech_reg__508 
Detailed RTL Component Info : 
+---Registers : 
	                1 Bit    Registers := 1     
Module notech_reg__509 
Detailed RTL Component Info : 
+---Registers : 
	                1 Bit    Registers := 1     
Module notech_reg__510 
Detailed RTL Component Info : 
+---Registers : 
	                1 Bit    Registers := 1     
Module notech_reg__511 
Detailed RTL Component Info : 
+---Registers : 
	                1 Bit    Registers := 1     
Module notech_reg__512 
Detailed RTL Component Info : 
+---Registers : 
	                1 Bit    Registers := 1     
Module notech_reg__513 
Detailed RTL Component Info : 
+---Registers : 
	                1 Bit    Registers := 1     
Module notech_reg__514 
Detailed RTL Component Info : 
+---Registers : 
	                1 Bit    Registers := 1     
Module notech_reg__515 
Detailed RTL Component Info : 
+---Registers : 
	                1 Bit    Registers := 1     
Module notech_reg__516 
Detailed RTL Component Info : 
+---Registers : 
	                1 Bit    Registers := 1     
Module notech_reg__517 
Detailed RTL Component Info : 
+---Registers : 
	                1 Bit    Registers := 1     
Module notech_reg__518 
Detailed RTL Component Info : 
+---Registers : 
	                1 Bit    Registers := 1     
Module notech_reg__519 
Detailed RTL Component Info : 
+---Registers : 
	                1 Bit    Registers := 1     
Module notech_reg__520 
Detailed RTL Component Info : 
+---Registers : 
	                1 Bit    Registers := 1     
Module notech_reg__521 
Detailed RTL Component Info : 
+---Registers : 
	                1 Bit    Registers := 1     
Module notech_reg__522 
Detailed RTL Component Info : 
+---Registers : 
	                1 Bit    Registers := 1     
Module notech_reg__523 
Detailed RTL Component Info : 
+---Registers : 
	                1 Bit    Registers := 1     
Module notech_reg__524 
Detailed RTL Component Info : 
+---Registers : 
	                1 Bit    Registers := 1     
Module notech_reg__525 
Detailed RTL Component Info : 
+---Registers : 
	                1 Bit    Registers := 1     
Module notech_reg__526 
Detailed RTL Component Info : 
+---Registers : 
	                1 Bit    Registers := 1     
Module notech_reg__527 
Detailed RTL Component Info : 
+---Registers : 
	                1 Bit    Registers := 1     
Module notech_reg__528 
Detailed RTL Component Info : 
+---Registers : 
	                1 Bit    Registers := 1     
Module notech_reg__529 
Detailed RTL Component Info : 
+---Registers : 
	                1 Bit    Registers := 1     
Module notech_reg__530 
Detailed RTL Component Info : 
+---Registers : 
	                1 Bit    Registers := 1     
Module notech_reg__531 
Detailed RTL Component Info : 
+---Registers : 
	                1 Bit    Registers := 1     
Module notech_reg__532 
Detailed RTL Component Info : 
+---Registers : 
	                1 Bit    Registers := 1     
Module notech_reg__533 
Detailed RTL Component Info : 
+---Registers : 
	                1 Bit    Registers := 1     
Module notech_reg__534 
Detailed RTL Component Info : 
+---Registers : 
	                1 Bit    Registers := 1     
Module notech_reg__535 
Detailed RTL Component Info : 
+---Registers : 
	                1 Bit    Registers := 1     
Module notech_reg__536 
Detailed RTL Component Info : 
+---Registers : 
	                1 Bit    Registers := 1     
Module notech_reg__537 
Detailed RTL Component Info : 
+---Registers : 
	                1 Bit    Registers := 1     
Module notech_reg__538 
Detailed RTL Component Info : 
+---Registers : 
	                1 Bit    Registers := 1     
Module notech_reg__539 
Detailed RTL Component Info : 
+---Registers : 
	                1 Bit    Registers := 1     
Module notech_reg__540 
Detailed RTL Component Info : 
+---Registers : 
	                1 Bit    Registers := 1     
Module notech_reg__541 
Detailed RTL Component Info : 
+---Registers : 
	                1 Bit    Registers := 1     
Module notech_reg__542 
Detailed RTL Component Info : 
+---Registers : 
	                1 Bit    Registers := 1     
Module notech_reg__543 
Detailed RTL Component Info : 
+---Registers : 
	                1 Bit    Registers := 1     
Module notech_reg__544 
Detailed RTL Component Info : 
+---Registers : 
	                1 Bit    Registers := 1     
Module notech_reg__545 
Detailed RTL Component Info : 
+---Registers : 
	                1 Bit    Registers := 1     
Module notech_reg__546 
Detailed RTL Component Info : 
+---Registers : 
	                1 Bit    Registers := 1     
Module notech_reg__547 
Detailed RTL Component Info : 
+---Registers : 
	                1 Bit    Registers := 1     
Module notech_reg__548 
Detailed RTL Component Info : 
+---Registers : 
	                1 Bit    Registers := 1     
Module notech_reg__549 
Detailed RTL Component Info : 
+---Registers : 
	                1 Bit    Registers := 1     
Module notech_reg__550 
Detailed RTL Component Info : 
+---Registers : 
	                1 Bit    Registers := 1     
Module notech_reg__551 
Detailed RTL Component Info : 
+---Registers : 
	                1 Bit    Registers := 1     
Module notech_reg__552 
Detailed RTL Component Info : 
+---Registers : 
	                1 Bit    Registers := 1     
Module notech_reg__553 
Detailed RTL Component Info : 
+---Registers : 
	                1 Bit    Registers := 1     
Module notech_reg__554 
Detailed RTL Component Info : 
+---Registers : 
	                1 Bit    Registers := 1     
Module notech_reg__555 
Detailed RTL Component Info : 
+---Registers : 
	                1 Bit    Registers := 1     
Module notech_reg__556 
Detailed RTL Component Info : 
+---Registers : 
	                1 Bit    Registers := 1     
Module notech_reg__557 
Detailed RTL Component Info : 
+---Registers : 
	                1 Bit    Registers := 1     
Module notech_reg__558 
Detailed RTL Component Info : 
+---Registers : 
	                1 Bit    Registers := 1     
Module notech_reg__559 
Detailed RTL Component Info : 
+---Registers : 
	                1 Bit    Registers := 1     
Module notech_reg__560 
Detailed RTL Component Info : 
+---Registers : 
	                1 Bit    Registers := 1     
Module notech_reg__561 
Detailed RTL Component Info : 
+---Registers : 
	                1 Bit    Registers := 1     
Module notech_reg__562 
Detailed RTL Component Info : 
+---Registers : 
	                1 Bit    Registers := 1     
Module notech_reg__563 
Detailed RTL Component Info : 
+---Registers : 
	                1 Bit    Registers := 1     
Module notech_reg__564 
Detailed RTL Component Info : 
+---Registers : 
	                1 Bit    Registers := 1     
Module notech_reg__565 
Detailed RTL Component Info : 
+---Registers : 
	                1 Bit    Registers := 1     
Module notech_reg__566 
Detailed RTL Component Info : 
+---Registers : 
	                1 Bit    Registers := 1     
Module notech_reg__567 
Detailed RTL Component Info : 
+---Registers : 
	                1 Bit    Registers := 1     
Module notech_reg__568 
Detailed RTL Component Info : 
+---Registers : 
	                1 Bit    Registers := 1     
Module notech_reg__569 
Detailed RTL Component Info : 
+---Registers : 
	                1 Bit    Registers := 1     
Module notech_reg__570 
Detailed RTL Component Info : 
+---Registers : 
	                1 Bit    Registers := 1     
Module notech_reg__571 
Detailed RTL Component Info : 
+---Registers : 
	                1 Bit    Registers := 1     
Module notech_reg__572 
Detailed RTL Component Info : 
+---Registers : 
	                1 Bit    Registers := 1     
Module notech_reg__573 
Detailed RTL Component Info : 
+---Registers : 
	                1 Bit    Registers := 1     
Module notech_reg__574 
Detailed RTL Component Info : 
+---Registers : 
	                1 Bit    Registers := 1     
Module notech_reg__575 
Detailed RTL Component Info : 
+---Registers : 
	                1 Bit    Registers := 1     
Module notech_reg__576 
Detailed RTL Component Info : 
+---Registers : 
	                1 Bit    Registers := 1     
Module notech_reg__577 
Detailed RTL Component Info : 
+---Registers : 
	                1 Bit    Registers := 1     
Module notech_reg__578 
Detailed RTL Component Info : 
+---Registers : 
	                1 Bit    Registers := 1     
Module notech_reg__579 
Detailed RTL Component Info : 
+---Registers : 
	                1 Bit    Registers := 1     
Module notech_reg__580 
Detailed RTL Component Info : 
+---Registers : 
	                1 Bit    Registers := 1     
Module notech_reg__581 
Detailed RTL Component Info : 
+---Registers : 
	                1 Bit    Registers := 1     
Module notech_reg__582 
Detailed RTL Component Info : 
+---Registers : 
	                1 Bit    Registers := 1     
Module notech_reg__583 
Detailed RTL Component Info : 
+---Registers : 
	                1 Bit    Registers := 1     
Module notech_reg__584 
Detailed RTL Component Info : 
+---Registers : 
	                1 Bit    Registers := 1     
Module notech_reg__585 
Detailed RTL Component Info : 
+---Registers : 
	                1 Bit    Registers := 1     
Module notech_reg__586 
Detailed RTL Component Info : 
+---Registers : 
	                1 Bit    Registers := 1     
Module notech_reg__587 
Detailed RTL Component Info : 
+---Registers : 
	                1 Bit    Registers := 1     
Module notech_reg__588 
Detailed RTL Component Info : 
+---Registers : 
	                1 Bit    Registers := 1     
Module notech_reg__589 
Detailed RTL Component Info : 
+---Registers : 
	                1 Bit    Registers := 1     
Module notech_reg__590 
Detailed RTL Component Info : 
+---Registers : 
	                1 Bit    Registers := 1     
Module notech_reg__591 
Detailed RTL Component Info : 
+---Registers : 
	                1 Bit    Registers := 1     
Module notech_reg__592 
Detailed RTL Component Info : 
+---Registers : 
	                1 Bit    Registers := 1     
Module notech_reg__593 
Detailed RTL Component Info : 
+---Registers : 
	                1 Bit    Registers := 1     
Module notech_reg__594 
Detailed RTL Component Info : 
+---Registers : 
	                1 Bit    Registers := 1     
Module notech_reg__595 
Detailed RTL Component Info : 
+---Registers : 
	                1 Bit    Registers := 1     
Module notech_reg__596 
Detailed RTL Component Info : 
+---Registers : 
	                1 Bit    Registers := 1     
Module notech_reg__597 
Detailed RTL Component Info : 
+---Registers : 
	                1 Bit    Registers := 1     
Module notech_reg__598 
Detailed RTL Component Info : 
+---Registers : 
	                1 Bit    Registers := 1     
Module notech_reg__599 
Detailed RTL Component Info : 
+---Registers : 
	                1 Bit    Registers := 1     
Module notech_reg__600 
Detailed RTL Component Info : 
+---Registers : 
	                1 Bit    Registers := 1     
Module notech_reg__601 
Detailed RTL Component Info : 
+---Registers : 
	                1 Bit    Registers := 1     
Module notech_reg__602 
Detailed RTL Component Info : 
+---Registers : 
	                1 Bit    Registers := 1     
Module notech_reg__603 
Detailed RTL Component Info : 
+---Registers : 
	                1 Bit    Registers := 1     
Module notech_reg__604 
Detailed RTL Component Info : 
+---Registers : 
	                1 Bit    Registers := 1     
Module notech_reg__605 
Detailed RTL Component Info : 
+---Registers : 
	                1 Bit    Registers := 1     
Module notech_reg__606 
Detailed RTL Component Info : 
+---Registers : 
	                1 Bit    Registers := 1     
Module notech_reg__607 
Detailed RTL Component Info : 
+---Registers : 
	                1 Bit    Registers := 1     
Module notech_reg__608 
Detailed RTL Component Info : 
+---Registers : 
	                1 Bit    Registers := 1     
Module notech_reg__609 
Detailed RTL Component Info : 
+---Registers : 
	                1 Bit    Registers := 1     
Module notech_reg__610 
Detailed RTL Component Info : 
+---Registers : 
	                1 Bit    Registers := 1     
Module notech_reg__611 
Detailed RTL Component Info : 
+---Registers : 
	                1 Bit    Registers := 1     
Module notech_reg__612 
Detailed RTL Component Info : 
+---Registers : 
	                1 Bit    Registers := 1     
Module notech_reg__613 
Detailed RTL Component Info : 
+---Registers : 
	                1 Bit    Registers := 1     
Module notech_reg__614 
Detailed RTL Component Info : 
+---Registers : 
	                1 Bit    Registers := 1     
Module notech_reg__615 
Detailed RTL Component Info : 
+---Registers : 
	                1 Bit    Registers := 1     
Module notech_reg__616 
Detailed RTL Component Info : 
+---Registers : 
	                1 Bit    Registers := 1     
Module notech_reg__617 
Detailed RTL Component Info : 
+---Registers : 
	                1 Bit    Registers := 1     
Module notech_reg__618 
Detailed RTL Component Info : 
+---Registers : 
	                1 Bit    Registers := 1     
Module notech_reg__619 
Detailed RTL Component Info : 
+---Registers : 
	                1 Bit    Registers := 1     
Module notech_reg__620 
Detailed RTL Component Info : 
+---Registers : 
	                1 Bit    Registers := 1     
Module notech_reg__621 
Detailed RTL Component Info : 
+---Registers : 
	                1 Bit    Registers := 1     
Module notech_reg__622 
Detailed RTL Component Info : 
+---Registers : 
	                1 Bit    Registers := 1     
Module notech_reg__623 
Detailed RTL Component Info : 
+---Registers : 
	                1 Bit    Registers := 1     
Module notech_reg__624 
Detailed RTL Component Info : 
+---Registers : 
	                1 Bit    Registers := 1     
Module notech_reg__625 
Detailed RTL Component Info : 
+---Registers : 
	                1 Bit    Registers := 1     
Module notech_reg__626 
Detailed RTL Component Info : 
+---Registers : 
	                1 Bit    Registers := 1     
Module notech_reg__627 
Detailed RTL Component Info : 
+---Registers : 
	                1 Bit    Registers := 1     
Module notech_reg__628 
Detailed RTL Component Info : 
+---Registers : 
	                1 Bit    Registers := 1     
Module notech_reg__629 
Detailed RTL Component Info : 
+---Registers : 
	                1 Bit    Registers := 1     
Module notech_reg__630 
Detailed RTL Component Info : 
+---Registers : 
	                1 Bit    Registers := 1     
Module notech_reg__631 
Detailed RTL Component Info : 
+---Registers : 
	                1 Bit    Registers := 1     
Module notech_reg__632 
Detailed RTL Component Info : 
+---Registers : 
	                1 Bit    Registers := 1     
Module notech_reg__633 
Detailed RTL Component Info : 
+---Registers : 
	                1 Bit    Registers := 1     
Module notech_reg__634 
Detailed RTL Component Info : 
+---Registers : 
	                1 Bit    Registers := 1     
Module notech_reg__635 
Detailed RTL Component Info : 
+---Registers : 
	                1 Bit    Registers := 1     
Module notech_reg__636 
Detailed RTL Component Info : 
+---Registers : 
	                1 Bit    Registers := 1     
Module notech_reg__637 
Detailed RTL Component Info : 
+---Registers : 
	                1 Bit    Registers := 1     
Module notech_reg__638 
Detailed RTL Component Info : 
+---Registers : 
	                1 Bit    Registers := 1     
Module notech_reg__639 
Detailed RTL Component Info : 
+---Registers : 
	                1 Bit    Registers := 1     
Module notech_reg__640 
Detailed RTL Component Info : 
+---Registers : 
	                1 Bit    Registers := 1     
Module notech_reg__641 
Detailed RTL Component Info : 
+---Registers : 
	                1 Bit    Registers := 1     
Module notech_reg__642 
Detailed RTL Component Info : 
+---Registers : 
	                1 Bit    Registers := 1     
Module notech_reg__643 
Detailed RTL Component Info : 
+---Registers : 
	                1 Bit    Registers := 1     
Module notech_reg__644 
Detailed RTL Component Info : 
+---Registers : 
	                1 Bit    Registers := 1     
Module notech_reg__645 
Detailed RTL Component Info : 
+---Registers : 
	                1 Bit    Registers := 1     
Module notech_reg__646 
Detailed RTL Component Info : 
+---Registers : 
	                1 Bit    Registers := 1     
Module notech_reg__647 
Detailed RTL Component Info : 
+---Registers : 
	                1 Bit    Registers := 1     
Module notech_reg__648 
Detailed RTL Component Info : 
+---Registers : 
	                1 Bit    Registers := 1     
Module notech_reg__649 
Detailed RTL Component Info : 
+---Registers : 
	                1 Bit    Registers := 1     
Module notech_reg__650 
Detailed RTL Component Info : 
+---Registers : 
	                1 Bit    Registers := 1     
Module notech_reg__651 
Detailed RTL Component Info : 
+---Registers : 
	                1 Bit    Registers := 1     
Module notech_reg__652 
Detailed RTL Component Info : 
+---Registers : 
	                1 Bit    Registers := 1     
Module notech_reg__653 
Detailed RTL Component Info : 
+---Registers : 
	                1 Bit    Registers := 1     
Module notech_reg__654 
Detailed RTL Component Info : 
+---Registers : 
	                1 Bit    Registers := 1     
Module notech_reg__655 
Detailed RTL Component Info : 
+---Registers : 
	                1 Bit    Registers := 1     
Module notech_reg__656 
Detailed RTL Component Info : 
+---Registers : 
	                1 Bit    Registers := 1     
Module notech_reg__657 
Detailed RTL Component Info : 
+---Registers : 
	                1 Bit    Registers := 1     
Module notech_reg__658 
Detailed RTL Component Info : 
+---Registers : 
	                1 Bit    Registers := 1     
Module notech_reg__659 
Detailed RTL Component Info : 
+---Registers : 
	                1 Bit    Registers := 1     
Module notech_reg__660 
Detailed RTL Component Info : 
+---Registers : 
	                1 Bit    Registers := 1     
Module notech_reg__661 
Detailed RTL Component Info : 
+---Registers : 
	                1 Bit    Registers := 1     
Module notech_reg__662 
Detailed RTL Component Info : 
+---Registers : 
	                1 Bit    Registers := 1     
Module notech_reg__663 
Detailed RTL Component Info : 
+---Registers : 
	                1 Bit    Registers := 1     
Module notech_reg__664 
Detailed RTL Component Info : 
+---Registers : 
	                1 Bit    Registers := 1     
Module notech_reg__665 
Detailed RTL Component Info : 
+---Registers : 
	                1 Bit    Registers := 1     
Module notech_reg__666 
Detailed RTL Component Info : 
+---Registers : 
	                1 Bit    Registers := 1     
Module notech_reg__667 
Detailed RTL Component Info : 
+---Registers : 
	                1 Bit    Registers := 1     
Module notech_reg__668 
Detailed RTL Component Info : 
+---Registers : 
	                1 Bit    Registers := 1     
Module notech_reg__669 
Detailed RTL Component Info : 
+---Registers : 
	                1 Bit    Registers := 1     
Module notech_reg__670 
Detailed RTL Component Info : 
+---Registers : 
	                1 Bit    Registers := 1     
Module notech_reg__671 
Detailed RTL Component Info : 
+---Registers : 
	                1 Bit    Registers := 1     
Module notech_reg__672 
Detailed RTL Component Info : 
+---Registers : 
	                1 Bit    Registers := 1     
Module notech_reg__673 
Detailed RTL Component Info : 
+---Registers : 
	                1 Bit    Registers := 1     
Module notech_reg__674 
Detailed RTL Component Info : 
+---Registers : 
	                1 Bit    Registers := 1     
Module notech_reg__675 
Detailed RTL Component Info : 
+---Registers : 
	                1 Bit    Registers := 1     
Module notech_reg__676 
Detailed RTL Component Info : 
+---Registers : 
	                1 Bit    Registers := 1     
Module notech_reg__677 
Detailed RTL Component Info : 
+---Registers : 
	                1 Bit    Registers := 1     
Module notech_reg__678 
Detailed RTL Component Info : 
+---Registers : 
	                1 Bit    Registers := 1     
Module notech_reg__679 
Detailed RTL Component Info : 
+---Registers : 
	                1 Bit    Registers := 1     
Module notech_reg__680 
Detailed RTL Component Info : 
+---Registers : 
	                1 Bit    Registers := 1     
Module notech_reg__681 
Detailed RTL Component Info : 
+---Registers : 
	                1 Bit    Registers := 1     
Module notech_reg__682 
Detailed RTL Component Info : 
+---Registers : 
	                1 Bit    Registers := 1     
Module notech_reg__683 
Detailed RTL Component Info : 
+---Registers : 
	                1 Bit    Registers := 1     
Module notech_reg__684 
Detailed RTL Component Info : 
+---Registers : 
	                1 Bit    Registers := 1     
Module notech_reg__685 
Detailed RTL Component Info : 
+---Registers : 
	                1 Bit    Registers := 1     
Module notech_reg__686 
Detailed RTL Component Info : 
+---Registers : 
	                1 Bit    Registers := 1     
Module notech_reg__687 
Detailed RTL Component Info : 
+---Registers : 
	                1 Bit    Registers := 1     
Module notech_reg__688 
Detailed RTL Component Info : 
+---Registers : 
	                1 Bit    Registers := 1     
Module notech_reg__689 
Detailed RTL Component Info : 
+---Registers : 
	                1 Bit    Registers := 1     
Module notech_reg__690 
Detailed RTL Component Info : 
+---Registers : 
	                1 Bit    Registers := 1     
Module notech_reg__691 
Detailed RTL Component Info : 
+---Registers : 
	                1 Bit    Registers := 1     
Module notech_reg__692 
Detailed RTL Component Info : 
+---Registers : 
	                1 Bit    Registers := 1     
Module notech_reg__693 
Detailed RTL Component Info : 
+---Registers : 
	                1 Bit    Registers := 1     
Module notech_reg__694 
Detailed RTL Component Info : 
+---Registers : 
	                1 Bit    Registers := 1     
Module notech_reg__695 
Detailed RTL Component Info : 
+---Registers : 
	                1 Bit    Registers := 1     
Module notech_reg__696 
Detailed RTL Component Info : 
+---Registers : 
	                1 Bit    Registers := 1     
Module notech_reg__697 
Detailed RTL Component Info : 
+---Registers : 
	                1 Bit    Registers := 1     
Module notech_reg__698 
Detailed RTL Component Info : 
+---Registers : 
	                1 Bit    Registers := 1     
Module notech_reg__699 
Detailed RTL Component Info : 
+---Registers : 
	                1 Bit    Registers := 1     
Module notech_reg__700 
Detailed RTL Component Info : 
+---Registers : 
	                1 Bit    Registers := 1     
Module notech_reg__701 
Detailed RTL Component Info : 
+---Registers : 
	                1 Bit    Registers := 1     
Module notech_reg__702 
Detailed RTL Component Info : 
+---Registers : 
	                1 Bit    Registers := 1     
Module notech_reg__703 
Detailed RTL Component Info : 
+---Registers : 
	                1 Bit    Registers := 1     
Module notech_reg__704 
Detailed RTL Component Info : 
+---Registers : 
	                1 Bit    Registers := 1     
Module notech_reg__705 
Detailed RTL Component Info : 
+---Registers : 
	                1 Bit    Registers := 1     
Module notech_reg__706 
Detailed RTL Component Info : 
+---Registers : 
	                1 Bit    Registers := 1     
Module notech_reg_set__9 
Detailed RTL Component Info : 
+---Registers : 
	                1 Bit    Registers := 1     
Module notech_reg__707 
Detailed RTL Component Info : 
+---Registers : 
	                1 Bit    Registers := 1     
Module notech_xor2__42 
Detailed RTL Component Info : 
+---XORs : 
	   2 Input      1 Bit         XORs := 1     
Module notech_ha2__15 
Detailed RTL Component Info : 
+---Adders : 
	   2 Input      2 Bit       Adders := 1     
Module notech_ha2__16 
Detailed RTL Component Info : 
+---Adders : 
	   2 Input      2 Bit       Adders := 1     
Module notech_ha2__17 
Detailed RTL Component Info : 
+---Adders : 
	   2 Input      2 Bit       Adders := 1     
Module notech_ha2__18 
Detailed RTL Component Info : 
+---Adders : 
	   2 Input      2 Bit       Adders := 1     
Module notech_ha2__19 
Detailed RTL Component Info : 
+---Adders : 
	   2 Input      2 Bit       Adders := 1     
Module notech_xor2__43 
Detailed RTL Component Info : 
+---XORs : 
	   2 Input      1 Bit         XORs := 1     
Module notech_ha2__20 
Detailed RTL Component Info : 
+---Adders : 
	   2 Input      2 Bit       Adders := 1     
Module notech_ha2__21 
Detailed RTL Component Info : 
+---Adders : 
	   2 Input      2 Bit       Adders := 1     
Module notech_ha2__22 
Detailed RTL Component Info : 
+---Adders : 
	   2 Input      2 Bit       Adders := 1     
Module notech_ha2__23 
Detailed RTL Component Info : 
+---Adders : 
	   2 Input      2 Bit       Adders := 1     
Module notech_ha2__24 
Detailed RTL Component Info : 
+---Adders : 
	   2 Input      2 Bit       Adders := 1     
Module notech_xor2__44 
Detailed RTL Component Info : 
+---XORs : 
	   2 Input      1 Bit         XORs := 1     
Module notech_xor2__45 
Detailed RTL Component Info : 
+---XORs : 
	   2 Input      1 Bit         XORs := 1     
Module notech_xor2__46 
Detailed RTL Component Info : 
+---XORs : 
	   2 Input      1 Bit         XORs := 1     
Module notech_xor2__47 
Detailed RTL Component Info : 
+---XORs : 
	   2 Input      1 Bit         XORs := 1     
Module notech_xor2__48 
Detailed RTL Component Info : 
+---XORs : 
	   2 Input      1 Bit         XORs := 1     
Module notech_xor2__49 
Detailed RTL Component Info : 
+---XORs : 
	   2 Input      1 Bit         XORs := 1     
Module notech_xor2__50 
Detailed RTL Component Info : 
+---XORs : 
	   2 Input      1 Bit         XORs := 1     
Module notech_mux2__626 
Detailed RTL Component Info : 
+---Muxes : 
	   2 Input      1 Bit        Muxes := 1     
Module notech_mux2__627 
Detailed RTL Component Info : 
+---Muxes : 
	   2 Input      1 Bit        Muxes := 1     
Module notech_mux2__628 
Detailed RTL Component Info : 
+---Muxes : 
	   2 Input      1 Bit        Muxes := 1     
Module notech_mux2__629 
Detailed RTL Component Info : 
+---Muxes : 
	   2 Input      1 Bit        Muxes := 1     
Module notech_mux2__630 
Detailed RTL Component Info : 
+---Muxes : 
	   2 Input      1 Bit        Muxes := 1     
Module notech_mux2__631 
Detailed RTL Component Info : 
+---Muxes : 
	   2 Input      1 Bit        Muxes := 1     
Module notech_mux2__632 
Detailed RTL Component Info : 
+---Muxes : 
	   2 Input      1 Bit        Muxes := 1     
Module notech_mux2__633 
Detailed RTL Component Info : 
+---Muxes : 
	   2 Input      1 Bit        Muxes := 1     
Module notech_mux2__634 
Detailed RTL Component Info : 
+---Muxes : 
	   2 Input      1 Bit        Muxes := 1     
Module notech_mux2__635 
Detailed RTL Component Info : 
+---Muxes : 
	   2 Input      1 Bit        Muxes := 1     
Module notech_mux2__636 
Detailed RTL Component Info : 
+---Muxes : 
	   2 Input      1 Bit        Muxes := 1     
Module notech_mux2__637 
Detailed RTL Component Info : 
+---Muxes : 
	   2 Input      1 Bit        Muxes := 1     
Module notech_mux2__638 
Detailed RTL Component Info : 
+---Muxes : 
	   2 Input      1 Bit        Muxes := 1     
Module notech_mux2__639 
Detailed RTL Component Info : 
+---Muxes : 
	   2 Input      1 Bit        Muxes := 1     
Module notech_mux2__640 
Detailed RTL Component Info : 
+---Muxes : 
	   2 Input      1 Bit        Muxes := 1     
Module notech_mux2__641 
Detailed RTL Component Info : 
+---Muxes : 
	   2 Input      1 Bit        Muxes := 1     
Module notech_mux2__642 
Detailed RTL Component Info : 
+---Muxes : 
	   2 Input      1 Bit        Muxes := 1     
Module notech_mux2__643 
Detailed RTL Component Info : 
+---Muxes : 
	   2 Input      1 Bit        Muxes := 1     
Module notech_mux2__644 
Detailed RTL Component Info : 
+---Muxes : 
	   2 Input      1 Bit        Muxes := 1     
Module notech_mux2__645 
Detailed RTL Component Info : 
+---Muxes : 
	   2 Input      1 Bit        Muxes := 1     
Module notech_mux2__646 
Detailed RTL Component Info : 
+---Muxes : 
	   2 Input      1 Bit        Muxes := 1     
Module notech_mux2__647 
Detailed RTL Component Info : 
+---Muxes : 
	   2 Input      1 Bit        Muxes := 1     
Module notech_mux2__648 
Detailed RTL Component Info : 
+---Muxes : 
	   2 Input      1 Bit        Muxes := 1     
Module notech_mux2__649 
Detailed RTL Component Info : 
+---Muxes : 
	   2 Input      1 Bit        Muxes := 1     
Module notech_mux2__650 
Detailed RTL Component Info : 
+---Muxes : 
	   2 Input      1 Bit        Muxes := 1     
Module notech_mux2__651 
Detailed RTL Component Info : 
+---Muxes : 
	   2 Input      1 Bit        Muxes := 1     
Module notech_mux2__652 
Detailed RTL Component Info : 
+---Muxes : 
	   2 Input      1 Bit        Muxes := 1     
Module notech_mux2__653 
Detailed RTL Component Info : 
+---Muxes : 
	   2 Input      1 Bit        Muxes := 1     
Module notech_mux2__654 
Detailed RTL Component Info : 
+---Muxes : 
	   2 Input      1 Bit        Muxes := 1     
Module notech_mux2__655 
Detailed RTL Component Info : 
+---Muxes : 
	   2 Input      1 Bit        Muxes := 1     
Module notech_mux2__656 
Detailed RTL Component Info : 
+---Muxes : 
	   2 Input      1 Bit        Muxes := 1     
Module notech_mux2__657 
Detailed RTL Component Info : 
+---Muxes : 
	   2 Input      1 Bit        Muxes := 1     
Module notech_mux2__658 
Detailed RTL Component Info : 
+---Muxes : 
	   2 Input      1 Bit        Muxes := 1     
Module notech_mux2__659 
Detailed RTL Component Info : 
+---Muxes : 
	   2 Input      1 Bit        Muxes := 1     
Module notech_mux2__660 
Detailed RTL Component Info : 
+---Muxes : 
	   2 Input      1 Bit        Muxes := 1     
Module notech_mux2__661 
Detailed RTL Component Info : 
+---Muxes : 
	   2 Input      1 Bit        Muxes := 1     
Module notech_mux2__662 
Detailed RTL Component Info : 
+---Muxes : 
	   2 Input      1 Bit        Muxes := 1     
Module notech_mux2__663 
Detailed RTL Component Info : 
+---Muxes : 
	   2 Input      1 Bit        Muxes := 1     
Module notech_mux2__664 
Detailed RTL Component Info : 
+---Muxes : 
	   2 Input      1 Bit        Muxes := 1     
Module notech_mux2__665 
Detailed RTL Component Info : 
+---Muxes : 
	   2 Input      1 Bit        Muxes := 1     
Module notech_mux2__666 
Detailed RTL Component Info : 
+---Muxes : 
	   2 Input      1 Bit        Muxes := 1     
Module notech_mux2__667 
Detailed RTL Component Info : 
+---Muxes : 
	   2 Input      1 Bit        Muxes := 1     
Module notech_mux2__668 
Detailed RTL Component Info : 
+---Muxes : 
	   2 Input      1 Bit        Muxes := 1     
Module notech_mux2__669 
Detailed RTL Component Info : 
+---Muxes : 
	   2 Input      1 Bit        Muxes := 1     
Module notech_mux2__670 
Detailed RTL Component Info : 
+---Muxes : 
	   2 Input      1 Bit        Muxes := 1     
Module notech_mux2__671 
Detailed RTL Component Info : 
+---Muxes : 
	   2 Input      1 Bit        Muxes := 1     
Module notech_mux2__672 
Detailed RTL Component Info : 
+---Muxes : 
	   2 Input      1 Bit        Muxes := 1     
Module notech_mux2__673 
Detailed RTL Component Info : 
+---Muxes : 
	   2 Input      1 Bit        Muxes := 1     
Module notech_mux2__674 
Detailed RTL Component Info : 
+---Muxes : 
	   2 Input      1 Bit        Muxes := 1     
Module notech_mux2__675 
Detailed RTL Component Info : 
+---Muxes : 
	   2 Input      1 Bit        Muxes := 1     
Module notech_mux2__676 
Detailed RTL Component Info : 
+---Muxes : 
	   2 Input      1 Bit        Muxes := 1     
Module notech_mux2__677 
Detailed RTL Component Info : 
+---Muxes : 
	   2 Input      1 Bit        Muxes := 1     
Module notech_mux2__678 
Detailed RTL Component Info : 
+---Muxes : 
	   2 Input      1 Bit        Muxes := 1     
Module notech_mux2__679 
Detailed RTL Component Info : 
+---Muxes : 
	   2 Input      1 Bit        Muxes := 1     
Module notech_mux2__680 
Detailed RTL Component Info : 
+---Muxes : 
	   2 Input      1 Bit        Muxes := 1     
Module notech_mux2__681 
Detailed RTL Component Info : 
+---Muxes : 
	   2 Input      1 Bit        Muxes := 1     
Module notech_mux2__682 
Detailed RTL Component Info : 
+---Muxes : 
	   2 Input      1 Bit        Muxes := 1     
Module notech_mux2__683 
Detailed RTL Component Info : 
+---Muxes : 
	   2 Input      1 Bit        Muxes := 1     
Module notech_mux2__684 
Detailed RTL Component Info : 
+---Muxes : 
	   2 Input      1 Bit        Muxes := 1     
Module notech_mux2__685 
Detailed RTL Component Info : 
+---Muxes : 
	   2 Input      1 Bit        Muxes := 1     
Module notech_mux2__686 
Detailed RTL Component Info : 
+---Muxes : 
	   2 Input      1 Bit        Muxes := 1     
Module notech_mux2__687 
Detailed RTL Component Info : 
+---Muxes : 
	   2 Input      1 Bit        Muxes := 1     
Module notech_mux2__688 
Detailed RTL Component Info : 
+---Muxes : 
	   2 Input      1 Bit        Muxes := 1     
Module notech_mux2__689 
Detailed RTL Component Info : 
+---Muxes : 
	   2 Input      1 Bit        Muxes := 1     
Module notech_mux2__690 
Detailed RTL Component Info : 
+---Muxes : 
	   2 Input      1 Bit        Muxes := 1     
Module notech_mux2__691 
Detailed RTL Component Info : 
+---Muxes : 
	   2 Input      1 Bit        Muxes := 1     
Module notech_mux2__692 
Detailed RTL Component Info : 
+---Muxes : 
	   2 Input      1 Bit        Muxes := 1     
Module notech_mux2__693 
Detailed RTL Component Info : 
+---Muxes : 
	   2 Input      1 Bit        Muxes := 1     
Module notech_mux2__694 
Detailed RTL Component Info : 
+---Muxes : 
	   2 Input      1 Bit        Muxes := 1     
Module notech_mux2__695 
Detailed RTL Component Info : 
+---Muxes : 
	   2 Input      1 Bit        Muxes := 1     
Module notech_mux2__696 
Detailed RTL Component Info : 
+---Muxes : 
	   2 Input      1 Bit        Muxes := 1     
Module notech_mux2__697 
Detailed RTL Component Info : 
+---Muxes : 
	   2 Input      1 Bit        Muxes := 1     
Module notech_mux2__698 
Detailed RTL Component Info : 
+---Muxes : 
	   2 Input      1 Bit        Muxes := 1     
Module notech_mux2__699 
Detailed RTL Component Info : 
+---Muxes : 
	   2 Input      1 Bit        Muxes := 1     
Module notech_mux2__700 
Detailed RTL Component Info : 
+---Muxes : 
	   2 Input      1 Bit        Muxes := 1     
Module notech_mux2__701 
Detailed RTL Component Info : 
+---Muxes : 
	   2 Input      1 Bit        Muxes := 1     
Module notech_mux2__702 
Detailed RTL Component Info : 
+---Muxes : 
	   2 Input      1 Bit        Muxes := 1     
Module notech_mux2__703 
Detailed RTL Component Info : 
+---Muxes : 
	   2 Input      1 Bit        Muxes := 1     
Module notech_mux2__704 
Detailed RTL Component Info : 
+---Muxes : 
	   2 Input      1 Bit        Muxes := 1     
Module notech_mux2__705 
Detailed RTL Component Info : 
+---Muxes : 
	   2 Input      1 Bit        Muxes := 1     
Module notech_mux2__706 
Detailed RTL Component Info : 
+---Muxes : 
	   2 Input      1 Bit        Muxes := 1     
Module notech_mux2__707 
Detailed RTL Component Info : 
+---Muxes : 
	   2 Input      1 Bit        Muxes := 1     
Module notech_mux2__708 
Detailed RTL Component Info : 
+---Muxes : 
	   2 Input      1 Bit        Muxes := 1     
Module notech_mux2__709 
Detailed RTL Component Info : 
+---Muxes : 
	   2 Input      1 Bit        Muxes := 1     
Module notech_mux2__710 
Detailed RTL Component Info : 
+---Muxes : 
	   2 Input      1 Bit        Muxes := 1     
Module notech_mux2__711 
Detailed RTL Component Info : 
+---Muxes : 
	   2 Input      1 Bit        Muxes := 1     
Module notech_mux2__712 
Detailed RTL Component Info : 
+---Muxes : 
	   2 Input      1 Bit        Muxes := 1     
Module notech_mux2__713 
Detailed RTL Component Info : 
+---Muxes : 
	   2 Input      1 Bit        Muxes := 1     
Module notech_mux2__714 
Detailed RTL Component Info : 
+---Muxes : 
	   2 Input      1 Bit        Muxes := 1     
Module notech_mux2__715 
Detailed RTL Component Info : 
+---Muxes : 
	   2 Input      1 Bit        Muxes := 1     
Module notech_mux2__716 
Detailed RTL Component Info : 
+---Muxes : 
	   2 Input      1 Bit        Muxes := 1     
Module notech_mux2__717 
Detailed RTL Component Info : 
+---Muxes : 
	   2 Input      1 Bit        Muxes := 1     
Module notech_mux2__718 
Detailed RTL Component Info : 
+---Muxes : 
	   2 Input      1 Bit        Muxes := 1     
Module notech_mux2__719 
Detailed RTL Component Info : 
+---Muxes : 
	   2 Input      1 Bit        Muxes := 1     
Module notech_mux2__720 
Detailed RTL Component Info : 
+---Muxes : 
	   2 Input      1 Bit        Muxes := 1     
Module notech_mux2__721 
Detailed RTL Component Info : 
+---Muxes : 
	   2 Input      1 Bit        Muxes := 1     
Module notech_mux2__722 
Detailed RTL Component Info : 
+---Muxes : 
	   2 Input      1 Bit        Muxes := 1     
Module notech_mux2__723 
Detailed RTL Component Info : 
+---Muxes : 
	   2 Input      1 Bit        Muxes := 1     
Module notech_mux2__724 
Detailed RTL Component Info : 
+---Muxes : 
	   2 Input      1 Bit        Muxes := 1     
Module notech_mux2__725 
Detailed RTL Component Info : 
+---Muxes : 
	   2 Input      1 Bit        Muxes := 1     
Module notech_mux2__726 
Detailed RTL Component Info : 
+---Muxes : 
	   2 Input      1 Bit        Muxes := 1     
Module notech_mux2__727 
Detailed RTL Component Info : 
+---Muxes : 
	   2 Input      1 Bit        Muxes := 1     
Module notech_mux2__728 
Detailed RTL Component Info : 
+---Muxes : 
	   2 Input      1 Bit        Muxes := 1     
Module notech_mux2__729 
Detailed RTL Component Info : 
+---Muxes : 
	   2 Input      1 Bit        Muxes := 1     
Module notech_mux2__730 
Detailed RTL Component Info : 
+---Muxes : 
	   2 Input      1 Bit        Muxes := 1     
Module notech_mux2__731 
Detailed RTL Component Info : 
+---Muxes : 
	   2 Input      1 Bit        Muxes := 1     
Module notech_mux2__732 
Detailed RTL Component Info : 
+---Muxes : 
	   2 Input      1 Bit        Muxes := 1     
Module notech_mux2__733 
Detailed RTL Component Info : 
+---Muxes : 
	   2 Input      1 Bit        Muxes := 1     
Module notech_mux2__734 
Detailed RTL Component Info : 
+---Muxes : 
	   2 Input      1 Bit        Muxes := 1     
Module notech_mux2__735 
Detailed RTL Component Info : 
+---Muxes : 
	   2 Input      1 Bit        Muxes := 1     
Module notech_mux2__736 
Detailed RTL Component Info : 
+---Muxes : 
	   2 Input      1 Bit        Muxes := 1     
Module notech_mux2__737 
Detailed RTL Component Info : 
+---Muxes : 
	   2 Input      1 Bit        Muxes := 1     
Module notech_mux2__738 
Detailed RTL Component Info : 
+---Muxes : 
	   2 Input      1 Bit        Muxes := 1     
Module notech_mux2__739 
Detailed RTL Component Info : 
+---Muxes : 
	   2 Input      1 Bit        Muxes := 1     
Module notech_mux2__740 
Detailed RTL Component Info : 
+---Muxes : 
	   2 Input      1 Bit        Muxes := 1     
Module notech_mux2__741 
Detailed RTL Component Info : 
+---Muxes : 
	   2 Input      1 Bit        Muxes := 1     
Module notech_mux2__742 
Detailed RTL Component Info : 
+---Muxes : 
	   2 Input      1 Bit        Muxes := 1     
Module notech_mux2__743 
Detailed RTL Component Info : 
+---Muxes : 
	   2 Input      1 Bit        Muxes := 1     
Module notech_mux2__744 
Detailed RTL Component Info : 
+---Muxes : 
	   2 Input      1 Bit        Muxes := 1     
Module notech_mux2__745 
Detailed RTL Component Info : 
+---Muxes : 
	   2 Input      1 Bit        Muxes := 1     
Module notech_mux2__746 
Detailed RTL Component Info : 
+---Muxes : 
	   2 Input      1 Bit        Muxes := 1     
Module notech_mux2__747 
Detailed RTL Component Info : 
+---Muxes : 
	   2 Input      1 Bit        Muxes := 1     
Module notech_mux2__748 
Detailed RTL Component Info : 
+---Muxes : 
	   2 Input      1 Bit        Muxes := 1     
Module notech_mux2__749 
Detailed RTL Component Info : 
+---Muxes : 
	   2 Input      1 Bit        Muxes := 1     
Module notech_mux2__750 
Detailed RTL Component Info : 
+---Muxes : 
	   2 Input      1 Bit        Muxes := 1     
Module notech_mux2__751 
Detailed RTL Component Info : 
+---Muxes : 
	   2 Input      1 Bit        Muxes := 1     
Module notech_mux2__752 
Detailed RTL Component Info : 
+---Muxes : 
	   2 Input      1 Bit        Muxes := 1     
Module notech_mux2__753 
Detailed RTL Component Info : 
+---Muxes : 
	   2 Input      1 Bit        Muxes := 1     
Module notech_mux2__754 
Detailed RTL Component Info : 
+---Muxes : 
	   2 Input      1 Bit        Muxes := 1     
Module notech_mux2__755 
Detailed RTL Component Info : 
+---Muxes : 
	   2 Input      1 Bit        Muxes := 1     
Module notech_mux2__756 
Detailed RTL Component Info : 
+---Muxes : 
	   2 Input      1 Bit        Muxes := 1     
Module notech_mux2__757 
Detailed RTL Component Info : 
+---Muxes : 
	   2 Input      1 Bit        Muxes := 1     
Module notech_mux2__758 
Detailed RTL Component Info : 
+---Muxes : 
	   2 Input      1 Bit        Muxes := 1     
Module notech_mux2__759 
Detailed RTL Component Info : 
+---Muxes : 
	   2 Input      1 Bit        Muxes := 1     
Module notech_mux2__760 
Detailed RTL Component Info : 
+---Muxes : 
	   2 Input      1 Bit        Muxes := 1     
Module notech_mux2__761 
Detailed RTL Component Info : 
+---Muxes : 
	   2 Input      1 Bit        Muxes := 1     
Module notech_mux2__762 
Detailed RTL Component Info : 
+---Muxes : 
	   2 Input      1 Bit        Muxes := 1     
Module notech_mux2__763 
Detailed RTL Component Info : 
+---Muxes : 
	   2 Input      1 Bit        Muxes := 1     
Module notech_mux2__764 
Detailed RTL Component Info : 
+---Muxes : 
	   2 Input      1 Bit        Muxes := 1     
Module notech_mux2__765 
Detailed RTL Component Info : 
+---Muxes : 
	   2 Input      1 Bit        Muxes := 1     
Module notech_mux2__766 
Detailed RTL Component Info : 
+---Muxes : 
	   2 Input      1 Bit        Muxes := 1     
Module notech_mux2__767 
Detailed RTL Component Info : 
+---Muxes : 
	   2 Input      1 Bit        Muxes := 1     
Module notech_mux2__768 
Detailed RTL Component Info : 
+---Muxes : 
	   2 Input      1 Bit        Muxes := 1     
Module notech_mux2__769 
Detailed RTL Component Info : 
+---Muxes : 
	   2 Input      1 Bit        Muxes := 1     
Module notech_mux2__770 
Detailed RTL Component Info : 
+---Muxes : 
	   2 Input      1 Bit        Muxes := 1     
Module notech_mux2__771 
Detailed RTL Component Info : 
+---Muxes : 
	   2 Input      1 Bit        Muxes := 1     
Module notech_mux2__772 
Detailed RTL Component Info : 
+---Muxes : 
	   2 Input      1 Bit        Muxes := 1     
Module notech_mux2__773 
Detailed RTL Component Info : 
+---Muxes : 
	   2 Input      1 Bit        Muxes := 1     
Module notech_mux2__774 
Detailed RTL Component Info : 
+---Muxes : 
	   2 Input      1 Bit        Muxes := 1     
Module notech_mux2__775 
Detailed RTL Component Info : 
+---Muxes : 
	   2 Input      1 Bit        Muxes := 1     
Module notech_mux2__776 
Detailed RTL Component Info : 
+---Muxes : 
	   2 Input      1 Bit        Muxes := 1     
Module notech_mux2__777 
Detailed RTL Component Info : 
+---Muxes : 
	   2 Input      1 Bit        Muxes := 1     
Module notech_mux2__778 
Detailed RTL Component Info : 
+---Muxes : 
	   2 Input      1 Bit        Muxes := 1     
Module notech_mux2__779 
Detailed RTL Component Info : 
+---Muxes : 
	   2 Input      1 Bit        Muxes := 1     
Module notech_mux2__780 
Detailed RTL Component Info : 
+---Muxes : 
	   2 Input      1 Bit        Muxes := 1     
Module notech_mux2__781 
Detailed RTL Component Info : 
+---Muxes : 
	   2 Input      1 Bit        Muxes := 1     
Module notech_mux2__782 
Detailed RTL Component Info : 
+---Muxes : 
	   2 Input      1 Bit        Muxes := 1     
Module notech_mux2__783 
Detailed RTL Component Info : 
+---Muxes : 
	   2 Input      1 Bit        Muxes := 1     
Module notech_mux2__784 
Detailed RTL Component Info : 
+---Muxes : 
	   2 Input      1 Bit        Muxes := 1     
Module notech_mux2__785 
Detailed RTL Component Info : 
+---Muxes : 
	   2 Input      1 Bit        Muxes := 1     
Module notech_mux2__786 
Detailed RTL Component Info : 
+---Muxes : 
	   2 Input      1 Bit        Muxes := 1     
Module notech_mux2__787 
Detailed RTL Component Info : 
+---Muxes : 
	   2 Input      1 Bit        Muxes := 1     
Module notech_mux2__788 
Detailed RTL Component Info : 
+---Muxes : 
	   2 Input      1 Bit        Muxes := 1     
Module notech_mux2__789 
Detailed RTL Component Info : 
+---Muxes : 
	   2 Input      1 Bit        Muxes := 1     
Module notech_mux2__790 
Detailed RTL Component Info : 
+---Muxes : 
	   2 Input      1 Bit        Muxes := 1     
Module notech_mux2__791 
Detailed RTL Component Info : 
+---Muxes : 
	   2 Input      1 Bit        Muxes := 1     
Module notech_mux2__792 
Detailed RTL Component Info : 
+---Muxes : 
	   2 Input      1 Bit        Muxes := 1     
Module notech_mux2__793 
Detailed RTL Component Info : 
+---Muxes : 
	   2 Input      1 Bit        Muxes := 1     
Module notech_mux2__794 
Detailed RTL Component Info : 
+---Muxes : 
	   2 Input      1 Bit        Muxes := 1     
Module notech_mux2__795 
Detailed RTL Component Info : 
+---Muxes : 
	   2 Input      1 Bit        Muxes := 1     
Module notech_mux2__796 
Detailed RTL Component Info : 
+---Muxes : 
	   2 Input      1 Bit        Muxes := 1     
Module notech_mux2__797 
Detailed RTL Component Info : 
+---Muxes : 
	   2 Input      1 Bit        Muxes := 1     
Module notech_mux2__798 
Detailed RTL Component Info : 
+---Muxes : 
	   2 Input      1 Bit        Muxes := 1     
Module notech_mux2__799 
Detailed RTL Component Info : 
+---Muxes : 
	   2 Input      1 Bit        Muxes := 1     
Module notech_mux2__800 
Detailed RTL Component Info : 
+---Muxes : 
	   2 Input      1 Bit        Muxes := 1     
Module notech_mux2__801 
Detailed RTL Component Info : 
+---Muxes : 
	   2 Input      1 Bit        Muxes := 1     
Module notech_mux2__802 
Detailed RTL Component Info : 
+---Muxes : 
	   2 Input      1 Bit        Muxes := 1     
Module notech_mux2__803 
Detailed RTL Component Info : 
+---Muxes : 
	   2 Input      1 Bit        Muxes := 1     
Module notech_mux2__804 
Detailed RTL Component Info : 
+---Muxes : 
	   2 Input      1 Bit        Muxes := 1     
Module notech_mux2__805 
Detailed RTL Component Info : 
+---Muxes : 
	   2 Input      1 Bit        Muxes := 1     
Module notech_mux2__806 
Detailed RTL Component Info : 
+---Muxes : 
	   2 Input      1 Bit        Muxes := 1     
Module notech_mux2__807 
Detailed RTL Component Info : 
+---Muxes : 
	   2 Input      1 Bit        Muxes := 1     
Module notech_mux2__808 
Detailed RTL Component Info : 
+---Muxes : 
	   2 Input      1 Bit        Muxes := 1     
Module notech_mux2__809 
Detailed RTL Component Info : 
+---Muxes : 
	   2 Input      1 Bit        Muxes := 1     
Module notech_mux2__810 
Detailed RTL Component Info : 
+---Muxes : 
	   2 Input      1 Bit        Muxes := 1     
Module notech_mux2__811 
Detailed RTL Component Info : 
+---Muxes : 
	   2 Input      1 Bit        Muxes := 1     
Module notech_mux2__812 
Detailed RTL Component Info : 
+---Muxes : 
	   2 Input      1 Bit        Muxes := 1     
Module notech_mux2__813 
Detailed RTL Component Info : 
+---Muxes : 
	   2 Input      1 Bit        Muxes := 1     
Module notech_mux2__814 
Detailed RTL Component Info : 
+---Muxes : 
	   2 Input      1 Bit        Muxes := 1     
Module notech_mux2__815 
Detailed RTL Component Info : 
+---Muxes : 
	   2 Input      1 Bit        Muxes := 1     
Module notech_mux2__816 
Detailed RTL Component Info : 
+---Muxes : 
	   2 Input      1 Bit        Muxes := 1     
Module notech_mux2__817 
Detailed RTL Component Info : 
+---Muxes : 
	   2 Input      1 Bit        Muxes := 1     
Module notech_mux2__818 
Detailed RTL Component Info : 
+---Muxes : 
	   2 Input      1 Bit        Muxes := 1     
Module notech_mux2__819 
Detailed RTL Component Info : 
+---Muxes : 
	   2 Input      1 Bit        Muxes := 1     
Module notech_mux2__820 
Detailed RTL Component Info : 
+---Muxes : 
	   2 Input      1 Bit        Muxes := 1     
Module notech_mux2__821 
Detailed RTL Component Info : 
+---Muxes : 
	   2 Input      1 Bit        Muxes := 1     
Module notech_mux2__822 
Detailed RTL Component Info : 
+---Muxes : 
	   2 Input      1 Bit        Muxes := 1     
Module notech_mux2__823 
Detailed RTL Component Info : 
+---Muxes : 
	   2 Input      1 Bit        Muxes := 1     
Module notech_mux2__824 
Detailed RTL Component Info : 
+---Muxes : 
	   2 Input      1 Bit        Muxes := 1     
Module notech_mux2__825 
Detailed RTL Component Info : 
+---Muxes : 
	   2 Input      1 Bit        Muxes := 1     
Module notech_mux2__826 
Detailed RTL Component Info : 
+---Muxes : 
	   2 Input      1 Bit        Muxes := 1     
Module notech_mux2__827 
Detailed RTL Component Info : 
+---Muxes : 
	   2 Input      1 Bit        Muxes := 1     
Module notech_mux2__828 
Detailed RTL Component Info : 
+---Muxes : 
	   2 Input      1 Bit        Muxes := 1     
Module notech_mux2__829 
Detailed RTL Component Info : 
+---Muxes : 
	   2 Input      1 Bit        Muxes := 1     
Module notech_mux2__830 
Detailed RTL Component Info : 
+---Muxes : 
	   2 Input      1 Bit        Muxes := 1     
Module notech_mux2__831 
Detailed RTL Component Info : 
+---Muxes : 
	   2 Input      1 Bit        Muxes := 1     
Module notech_mux2__832 
Detailed RTL Component Info : 
+---Muxes : 
	   2 Input      1 Bit        Muxes := 1     
Module notech_mux2__833 
Detailed RTL Component Info : 
+---Muxes : 
	   2 Input      1 Bit        Muxes := 1     
Module notech_mux2__834 
Detailed RTL Component Info : 
+---Muxes : 
	   2 Input      1 Bit        Muxes := 1     
Module notech_mux2__835 
Detailed RTL Component Info : 
+---Muxes : 
	   2 Input      1 Bit        Muxes := 1     
Module notech_mux2__836 
Detailed RTL Component Info : 
+---Muxes : 
	   2 Input      1 Bit        Muxes := 1     
Module notech_mux2__837 
Detailed RTL Component Info : 
+---Muxes : 
	   2 Input      1 Bit        Muxes := 1     
Module notech_mux2__838 
Detailed RTL Component Info : 
+---Muxes : 
	   2 Input      1 Bit        Muxes := 1     
Module notech_mux2__839 
Detailed RTL Component Info : 
+---Muxes : 
	   2 Input      1 Bit        Muxes := 1     
Module notech_mux2__840 
Detailed RTL Component Info : 
+---Muxes : 
	   2 Input      1 Bit        Muxes := 1     
Module notech_mux2__841 
Detailed RTL Component Info : 
+---Muxes : 
	   2 Input      1 Bit        Muxes := 1     
Module notech_mux2__842 
Detailed RTL Component Info : 
+---Muxes : 
	   2 Input      1 Bit        Muxes := 1     
Module notech_mux2__843 
Detailed RTL Component Info : 
+---Muxes : 
	   2 Input      1 Bit        Muxes := 1     
Module notech_mux2__844 
Detailed RTL Component Info : 
+---Muxes : 
	   2 Input      1 Bit        Muxes := 1     
Module notech_mux2__845 
Detailed RTL Component Info : 
+---Muxes : 
	   2 Input      1 Bit        Muxes := 1     
Module notech_mux2__846 
Detailed RTL Component Info : 
+---Muxes : 
	   2 Input      1 Bit        Muxes := 1     
Module notech_mux2__847 
Detailed RTL Component Info : 
+---Muxes : 
	   2 Input      1 Bit        Muxes := 1     
Module notech_mux2__848 
Detailed RTL Component Info : 
+---Muxes : 
	   2 Input      1 Bit        Muxes := 1     
Module notech_mux2__849 
Detailed RTL Component Info : 
+---Muxes : 
	   2 Input      1 Bit        Muxes := 1     
Module notech_mux2__850 
Detailed RTL Component Info : 
+---Muxes : 
	   2 Input      1 Bit        Muxes := 1     
Module notech_mux2__851 
Detailed RTL Component Info : 
+---Muxes : 
	   2 Input      1 Bit        Muxes := 1     
Module notech_mux2__852 
Detailed RTL Component Info : 
+---Muxes : 
	   2 Input      1 Bit        Muxes := 1     
Module notech_mux2__853 
Detailed RTL Component Info : 
+---Muxes : 
	   2 Input      1 Bit        Muxes := 1     
Module notech_mux2__854 
Detailed RTL Component Info : 
+---Muxes : 
	   2 Input      1 Bit        Muxes := 1     
Module notech_mux2__855 
Detailed RTL Component Info : 
+---Muxes : 
	   2 Input      1 Bit        Muxes := 1     
Module notech_mux2__856 
Detailed RTL Component Info : 
+---Muxes : 
	   2 Input      1 Bit        Muxes := 1     
Module notech_mux2__857 
Detailed RTL Component Info : 
+---Muxes : 
	   2 Input      1 Bit        Muxes := 1     
Module notech_mux2__858 
Detailed RTL Component Info : 
+---Muxes : 
	   2 Input      1 Bit        Muxes := 1     
Module notech_mux2__859 
Detailed RTL Component Info : 
+---Muxes : 
	   2 Input      1 Bit        Muxes := 1     
Module notech_mux2__860 
Detailed RTL Component Info : 
+---Muxes : 
	   2 Input      1 Bit        Muxes := 1     
Module notech_mux2__861 
Detailed RTL Component Info : 
+---Muxes : 
	   2 Input      1 Bit        Muxes := 1     
Module notech_mux2__862 
Detailed RTL Component Info : 
+---Muxes : 
	   2 Input      1 Bit        Muxes := 1     
Module notech_mux2__863 
Detailed RTL Component Info : 
+---Muxes : 
	   2 Input      1 Bit        Muxes := 1     
Module notech_mux2__864 
Detailed RTL Component Info : 
+---Muxes : 
	   2 Input      1 Bit        Muxes := 1     
Module notech_mux2__865 
Detailed RTL Component Info : 
+---Muxes : 
	   2 Input      1 Bit        Muxes := 1     
Module notech_mux2__866 
Detailed RTL Component Info : 
+---Muxes : 
	   2 Input      1 Bit        Muxes := 1     
Module notech_mux2__867 
Detailed RTL Component Info : 
+---Muxes : 
	   2 Input      1 Bit        Muxes := 1     
Module notech_mux2__868 
Detailed RTL Component Info : 
+---Muxes : 
	   2 Input      1 Bit        Muxes := 1     
Module notech_mux2__869 
Detailed RTL Component Info : 
+---Muxes : 
	   2 Input      1 Bit        Muxes := 1     
Module notech_mux2__870 
Detailed RTL Component Info : 
+---Muxes : 
	   2 Input      1 Bit        Muxes := 1     
Module notech_mux2__871 
Detailed RTL Component Info : 
+---Muxes : 
	   2 Input      1 Bit        Muxes := 1     
Module notech_mux2__872 
Detailed RTL Component Info : 
+---Muxes : 
	   2 Input      1 Bit        Muxes := 1     
Module notech_mux2__873 
Detailed RTL Component Info : 
+---Muxes : 
	   2 Input      1 Bit        Muxes := 1     
Module notech_mux2__874 
Detailed RTL Component Info : 
+---Muxes : 
	   2 Input      1 Bit        Muxes := 1     
Module notech_mux2__875 
Detailed RTL Component Info : 
+---Muxes : 
	   2 Input      1 Bit        Muxes := 1     
Module notech_mux2__876 
Detailed RTL Component Info : 
+---Muxes : 
	   2 Input      1 Bit        Muxes := 1     
Module notech_mux2__877 
Detailed RTL Component Info : 
+---Muxes : 
	   2 Input      1 Bit        Muxes := 1     
Module notech_mux2__878 
Detailed RTL Component Info : 
+---Muxes : 
	   2 Input      1 Bit        Muxes := 1     
Module notech_mux2__879 
Detailed RTL Component Info : 
+---Muxes : 
	   2 Input      1 Bit        Muxes := 1     
Module notech_mux2__880 
Detailed RTL Component Info : 
+---Muxes : 
	   2 Input      1 Bit        Muxes := 1     
Module notech_mux2__881 
Detailed RTL Component Info : 
+---Muxes : 
	   2 Input      1 Bit        Muxes := 1     
Module notech_mux2__882 
Detailed RTL Component Info : 
+---Muxes : 
	   2 Input      1 Bit        Muxes := 1     
Module notech_mux2__883 
Detailed RTL Component Info : 
+---Muxes : 
	   2 Input      1 Bit        Muxes := 1     
Module notech_mux2__884 
Detailed RTL Component Info : 
+---Muxes : 
	   2 Input      1 Bit        Muxes := 1     
Module notech_mux2__885 
Detailed RTL Component Info : 
+---Muxes : 
	   2 Input      1 Bit        Muxes := 1     
Module notech_mux2__886 
Detailed RTL Component Info : 
+---Muxes : 
	   2 Input      1 Bit        Muxes := 1     
Module notech_mux2__887 
Detailed RTL Component Info : 
+---Muxes : 
	   2 Input      1 Bit        Muxes := 1     
Module notech_mux2__888 
Detailed RTL Component Info : 
+---Muxes : 
	   2 Input      1 Bit        Muxes := 1     
Module notech_mux2__889 
Detailed RTL Component Info : 
+---Muxes : 
	   2 Input      1 Bit        Muxes := 1     
Module notech_mux2__890 
Detailed RTL Component Info : 
+---Muxes : 
	   2 Input      1 Bit        Muxes := 1     
Module notech_mux2__891 
Detailed RTL Component Info : 
+---Muxes : 
	   2 Input      1 Bit        Muxes := 1     
Module notech_mux2__892 
Detailed RTL Component Info : 
+---Muxes : 
	   2 Input      1 Bit        Muxes := 1     
Module notech_mux2__893 
Detailed RTL Component Info : 
+---Muxes : 
	   2 Input      1 Bit        Muxes := 1     
Module notech_mux2__894 
Detailed RTL Component Info : 
+---Muxes : 
	   2 Input      1 Bit        Muxes := 1     
Module notech_mux2__895 
Detailed RTL Component Info : 
+---Muxes : 
	   2 Input      1 Bit        Muxes := 1     
Module notech_mux2__896 
Detailed RTL Component Info : 
+---Muxes : 
	   2 Input      1 Bit        Muxes := 1     
Module notech_mux2__897 
Detailed RTL Component Info : 
+---Muxes : 
	   2 Input      1 Bit        Muxes := 1     
Module notech_mux2__898 
Detailed RTL Component Info : 
+---Muxes : 
	   2 Input      1 Bit        Muxes := 1     
Module notech_mux2__899 
Detailed RTL Component Info : 
+---Muxes : 
	   2 Input      1 Bit        Muxes := 1     
Module notech_mux2__900 
Detailed RTL Component Info : 
+---Muxes : 
	   2 Input      1 Bit        Muxes := 1     
Module notech_mux2__901 
Detailed RTL Component Info : 
+---Muxes : 
	   2 Input      1 Bit        Muxes := 1     
Module notech_mux2__902 
Detailed RTL Component Info : 
+---Muxes : 
	   2 Input      1 Bit        Muxes := 1     
Module notech_mux2__903 
Detailed RTL Component Info : 
+---Muxes : 
	   2 Input      1 Bit        Muxes := 1     
Module notech_mux2__904 
Detailed RTL Component Info : 
+---Muxes : 
	   2 Input      1 Bit        Muxes := 1     
Module notech_mux2__905 
Detailed RTL Component Info : 
+---Muxes : 
	   2 Input      1 Bit        Muxes := 1     
Module notech_mux2__906 
Detailed RTL Component Info : 
+---Muxes : 
	   2 Input      1 Bit        Muxes := 1     
Module notech_mux2__907 
Detailed RTL Component Info : 
+---Muxes : 
	   2 Input      1 Bit        Muxes := 1     
Module notech_mux2__908 
Detailed RTL Component Info : 
+---Muxes : 
	   2 Input      1 Bit        Muxes := 1     
Module notech_mux2__909 
Detailed RTL Component Info : 
+---Muxes : 
	   2 Input      1 Bit        Muxes := 1     
Module notech_mux2__910 
Detailed RTL Component Info : 
+---Muxes : 
	   2 Input      1 Bit        Muxes := 1     
Module notech_mux2__911 
Detailed RTL Component Info : 
+---Muxes : 
	   2 Input      1 Bit        Muxes := 1     
Module notech_mux2__912 
Detailed RTL Component Info : 
+---Muxes : 
	   2 Input      1 Bit        Muxes := 1     
Module notech_mux2__913 
Detailed RTL Component Info : 
+---Muxes : 
	   2 Input      1 Bit        Muxes := 1     
Module notech_mux2__914 
Detailed RTL Component Info : 
+---Muxes : 
	   2 Input      1 Bit        Muxes := 1     
Module notech_mux2__915 
Detailed RTL Component Info : 
+---Muxes : 
	   2 Input      1 Bit        Muxes := 1     
Module notech_mux2__916 
Detailed RTL Component Info : 
+---Muxes : 
	   2 Input      1 Bit        Muxes := 1     
Module notech_mux2__917 
Detailed RTL Component Info : 
+---Muxes : 
	   2 Input      1 Bit        Muxes := 1     
Module notech_mux2__918 
Detailed RTL Component Info : 
+---Muxes : 
	   2 Input      1 Bit        Muxes := 1     
Module notech_mux2__919 
Detailed RTL Component Info : 
+---Muxes : 
	   2 Input      1 Bit        Muxes := 1     
Module notech_mux2__920 
Detailed RTL Component Info : 
+---Muxes : 
	   2 Input      1 Bit        Muxes := 1     
Module notech_mux2__921 
Detailed RTL Component Info : 
+---Muxes : 
	   2 Input      1 Bit        Muxes := 1     
Module notech_mux2__922 
Detailed RTL Component Info : 
+---Muxes : 
	   2 Input      1 Bit        Muxes := 1     
Module notech_mux2__923 
Detailed RTL Component Info : 
+---Muxes : 
	   2 Input      1 Bit        Muxes := 1     
Module notech_mux2__924 
Detailed RTL Component Info : 
+---Muxes : 
	   2 Input      1 Bit        Muxes := 1     
Module notech_mux2__925 
Detailed RTL Component Info : 
+---Muxes : 
	   2 Input      1 Bit        Muxes := 1     
Module notech_mux2__926 
Detailed RTL Component Info : 
+---Muxes : 
	   2 Input      1 Bit        Muxes := 1     
Module notech_mux2__927 
Detailed RTL Component Info : 
+---Muxes : 
	   2 Input      1 Bit        Muxes := 1     
Module notech_mux2__928 
Detailed RTL Component Info : 
+---Muxes : 
	   2 Input      1 Bit        Muxes := 1     
Module notech_mux2__929 
Detailed RTL Component Info : 
+---Muxes : 
	   2 Input      1 Bit        Muxes := 1     
Module notech_mux2__930 
Detailed RTL Component Info : 
+---Muxes : 
	   2 Input      1 Bit        Muxes := 1     
Module notech_mux2__931 
Detailed RTL Component Info : 
+---Muxes : 
	   2 Input      1 Bit        Muxes := 1     
Module notech_mux2__932 
Detailed RTL Component Info : 
+---Muxes : 
	   2 Input      1 Bit        Muxes := 1     
Module notech_mux2__933 
Detailed RTL Component Info : 
+---Muxes : 
	   2 Input      1 Bit        Muxes := 1     
Module notech_mux2__934 
Detailed RTL Component Info : 
+---Muxes : 
	   2 Input      1 Bit        Muxes := 1     
Module notech_mux2__935 
Detailed RTL Component Info : 
+---Muxes : 
	   2 Input      1 Bit        Muxes := 1     
Module notech_mux2__936 
Detailed RTL Component Info : 
+---Muxes : 
	   2 Input      1 Bit        Muxes := 1     
Module notech_mux2__937 
Detailed RTL Component Info : 
+---Muxes : 
	   2 Input      1 Bit        Muxes := 1     
Module notech_mux2__938 
Detailed RTL Component Info : 
+---Muxes : 
	   2 Input      1 Bit        Muxes := 1     
Module notech_mux2__939 
Detailed RTL Component Info : 
+---Muxes : 
	   2 Input      1 Bit        Muxes := 1     
Module notech_mux2__940 
Detailed RTL Component Info : 
+---Muxes : 
	   2 Input      1 Bit        Muxes := 1     
Module notech_mux2__941 
Detailed RTL Component Info : 
+---Muxes : 
	   2 Input      1 Bit        Muxes := 1     
Module notech_mux2__942 
Detailed RTL Component Info : 
+---Muxes : 
	   2 Input      1 Bit        Muxes := 1     
Module notech_mux2__943 
Detailed RTL Component Info : 
+---Muxes : 
	   2 Input      1 Bit        Muxes := 1     
Module notech_mux2__944 
Detailed RTL Component Info : 
+---Muxes : 
	   2 Input      1 Bit        Muxes := 1     
Module notech_mux2__945 
Detailed RTL Component Info : 
+---Muxes : 
	   2 Input      1 Bit        Muxes := 1     
Module notech_mux2__946 
Detailed RTL Component Info : 
+---Muxes : 
	   2 Input      1 Bit        Muxes := 1     
Module notech_mux2__947 
Detailed RTL Component Info : 
+---Muxes : 
	   2 Input      1 Bit        Muxes := 1     
Module notech_mux2__948 
Detailed RTL Component Info : 
+---Muxes : 
	   2 Input      1 Bit        Muxes := 1     
Module notech_mux2__949 
Detailed RTL Component Info : 
+---Muxes : 
	   2 Input      1 Bit        Muxes := 1     
Module notech_mux2__950 
Detailed RTL Component Info : 
+---Muxes : 
	   2 Input      1 Bit        Muxes := 1     
Module notech_mux2__951 
Detailed RTL Component Info : 
+---Muxes : 
	   2 Input      1 Bit        Muxes := 1     
Module notech_mux2__952 
Detailed RTL Component Info : 
+---Muxes : 
	   2 Input      1 Bit        Muxes := 1     
Module notech_mux2__953 
Detailed RTL Component Info : 
+---Muxes : 
	   2 Input      1 Bit        Muxes := 1     
Module notech_mux2__954 
Detailed RTL Component Info : 
+---Muxes : 
	   2 Input      1 Bit        Muxes := 1     
Module notech_mux2__955 
Detailed RTL Component Info : 
+---Muxes : 
	   2 Input      1 Bit        Muxes := 1     
Module notech_mux2__956 
Detailed RTL Component Info : 
+---Muxes : 
	   2 Input      1 Bit        Muxes := 1     
Module notech_mux2__957 
Detailed RTL Component Info : 
+---Muxes : 
	   2 Input      1 Bit        Muxes := 1     
Module notech_mux2__958 
Detailed RTL Component Info : 
+---Muxes : 
	   2 Input      1 Bit        Muxes := 1     
Module notech_mux2__959 
Detailed RTL Component Info : 
+---Muxes : 
	   2 Input      1 Bit        Muxes := 1     
Module notech_mux2__960 
Detailed RTL Component Info : 
+---Muxes : 
	   2 Input      1 Bit        Muxes := 1     
Module notech_mux2__961 
Detailed RTL Component Info : 
+---Muxes : 
	   2 Input      1 Bit        Muxes := 1     
Module notech_mux2__962 
Detailed RTL Component Info : 
+---Muxes : 
	   2 Input      1 Bit        Muxes := 1     
Module notech_mux2__963 
Detailed RTL Component Info : 
+---Muxes : 
	   2 Input      1 Bit        Muxes := 1     
Module notech_mux2__964 
Detailed RTL Component Info : 
+---Muxes : 
	   2 Input      1 Bit        Muxes := 1     
Module notech_mux2__965 
Detailed RTL Component Info : 
+---Muxes : 
	   2 Input      1 Bit        Muxes := 1     
Module notech_mux2__966 
Detailed RTL Component Info : 
+---Muxes : 
	   2 Input      1 Bit        Muxes := 1     
Module notech_mux2__967 
Detailed RTL Component Info : 
+---Muxes : 
	   2 Input      1 Bit        Muxes := 1     
Module notech_mux2__968 
Detailed RTL Component Info : 
+---Muxes : 
	   2 Input      1 Bit        Muxes := 1     
Module notech_mux2__969 
Detailed RTL Component Info : 
+---Muxes : 
	   2 Input      1 Bit        Muxes := 1     
Module notech_mux2__970 
Detailed RTL Component Info : 
+---Muxes : 
	   2 Input      1 Bit        Muxes := 1     
Module notech_mux2__971 
Detailed RTL Component Info : 
+---Muxes : 
	   2 Input      1 Bit        Muxes := 1     
Module notech_mux2__972 
Detailed RTL Component Info : 
+---Muxes : 
	   2 Input      1 Bit        Muxes := 1     
Module notech_mux2__973 
Detailed RTL Component Info : 
+---Muxes : 
	   2 Input      1 Bit        Muxes := 1     
Module notech_mux2__974 
Detailed RTL Component Info : 
+---Muxes : 
	   2 Input      1 Bit        Muxes := 1     
Module notech_mux2__975 
Detailed RTL Component Info : 
+---Muxes : 
	   2 Input      1 Bit        Muxes := 1     
Module notech_mux2__976 
Detailed RTL Component Info : 
+---Muxes : 
	   2 Input      1 Bit        Muxes := 1     
Module notech_mux2__977 
Detailed RTL Component Info : 
+---Muxes : 
	   2 Input      1 Bit        Muxes := 1     
Module notech_mux2__978 
Detailed RTL Component Info : 
+---Muxes : 
	   2 Input      1 Bit        Muxes := 1     
Module notech_mux2__979 
Detailed RTL Component Info : 
+---Muxes : 
	   2 Input      1 Bit        Muxes := 1     
Module notech_mux2__980 
Detailed RTL Component Info : 
+---Muxes : 
	   2 Input      1 Bit        Muxes := 1     
Module notech_mux2__981 
Detailed RTL Component Info : 
+---Muxes : 
	   2 Input      1 Bit        Muxes := 1     
Module notech_mux2__982 
Detailed RTL Component Info : 
+---Muxes : 
	   2 Input      1 Bit        Muxes := 1     
Module notech_mux2__983 
Detailed RTL Component Info : 
+---Muxes : 
	   2 Input      1 Bit        Muxes := 1     
Module notech_mux2__984 
Detailed RTL Component Info : 
+---Muxes : 
	   2 Input      1 Bit        Muxes := 1     
Module notech_mux2__985 
Detailed RTL Component Info : 
+---Muxes : 
	   2 Input      1 Bit        Muxes := 1     
Module notech_mux2__986 
Detailed RTL Component Info : 
+---Muxes : 
	   2 Input      1 Bit        Muxes := 1     
Module notech_mux2__987 
Detailed RTL Component Info : 
+---Muxes : 
	   2 Input      1 Bit        Muxes := 1     
Module notech_mux2__988 
Detailed RTL Component Info : 
+---Muxes : 
	   2 Input      1 Bit        Muxes := 1     
Module notech_mux2__989 
Detailed RTL Component Info : 
+---Muxes : 
	   2 Input      1 Bit        Muxes := 1     
Module notech_mux2__990 
Detailed RTL Component Info : 
+---Muxes : 
	   2 Input      1 Bit        Muxes := 1     
Module notech_mux2__991 
Detailed RTL Component Info : 
+---Muxes : 
	   2 Input      1 Bit        Muxes := 1     
Module notech_mux2__992 
Detailed RTL Component Info : 
+---Muxes : 
	   2 Input      1 Bit        Muxes := 1     
Module notech_mux2__993 
Detailed RTL Component Info : 
+---Muxes : 
	   2 Input      1 Bit        Muxes := 1     
Module notech_mux2__994 
Detailed RTL Component Info : 
+---Muxes : 
	   2 Input      1 Bit        Muxes := 1     
Module notech_mux2__995 
Detailed RTL Component Info : 
+---Muxes : 
	   2 Input      1 Bit        Muxes := 1     
Module notech_mux2__996 
Detailed RTL Component Info : 
+---Muxes : 
	   2 Input      1 Bit        Muxes := 1     
Module notech_mux2__997 
Detailed RTL Component Info : 
+---Muxes : 
	   2 Input      1 Bit        Muxes := 1     
Module notech_mux2__998 
Detailed RTL Component Info : 
+---Muxes : 
	   2 Input      1 Bit        Muxes := 1     
Module notech_mux2__999 
Detailed RTL Component Info : 
+---Muxes : 
	   2 Input      1 Bit        Muxes := 1     
Module notech_mux2__1000 
Detailed RTL Component Info : 
+---Muxes : 
	   2 Input      1 Bit        Muxes := 1     
Module notech_mux2__1001 
Detailed RTL Component Info : 
+---Muxes : 
	   2 Input      1 Bit        Muxes := 1     
Module notech_mux2__1002 
Detailed RTL Component Info : 
+---Muxes : 
	   2 Input      1 Bit        Muxes := 1     
Module notech_mux2__1003 
Detailed RTL Component Info : 
+---Muxes : 
	   2 Input      1 Bit        Muxes := 1     
Module notech_mux2__1004 
Detailed RTL Component Info : 
+---Muxes : 
	   2 Input      1 Bit        Muxes := 1     
Module notech_mux2__1005 
Detailed RTL Component Info : 
+---Muxes : 
	   2 Input      1 Bit        Muxes := 1     
Module notech_mux2__1006 
Detailed RTL Component Info : 
+---Muxes : 
	   2 Input      1 Bit        Muxes := 1     
Module notech_mux2__1007 
Detailed RTL Component Info : 
+---Muxes : 
	   2 Input      1 Bit        Muxes := 1     
Module notech_mux2__1008 
Detailed RTL Component Info : 
+---Muxes : 
	   2 Input      1 Bit        Muxes := 1     
Module notech_mux2__1009 
Detailed RTL Component Info : 
+---Muxes : 
	   2 Input      1 Bit        Muxes := 1     
Module notech_mux2__1010 
Detailed RTL Component Info : 
+---Muxes : 
	   2 Input      1 Bit        Muxes := 1     
Module notech_mux2__1011 
Detailed RTL Component Info : 
+---Muxes : 
	   2 Input      1 Bit        Muxes := 1     
Module notech_mux2__1012 
Detailed RTL Component Info : 
+---Muxes : 
	   2 Input      1 Bit        Muxes := 1     
Module notech_mux2__1013 
Detailed RTL Component Info : 
+---Muxes : 
	   2 Input      1 Bit        Muxes := 1     
Module notech_mux2__1014 
Detailed RTL Component Info : 
+---Muxes : 
	   2 Input      1 Bit        Muxes := 1     
Module notech_mux2__1015 
Detailed RTL Component Info : 
+---Muxes : 
	   2 Input      1 Bit        Muxes := 1     
Module notech_mux2__1016 
Detailed RTL Component Info : 
+---Muxes : 
	   2 Input      1 Bit        Muxes := 1     
Module notech_mux2__1017 
Detailed RTL Component Info : 
+---Muxes : 
	   2 Input      1 Bit        Muxes := 1     
Module notech_mux2__1018 
Detailed RTL Component Info : 
+---Muxes : 
	   2 Input      1 Bit        Muxes := 1     
Module notech_mux2__1019 
Detailed RTL Component Info : 
+---Muxes : 
	   2 Input      1 Bit        Muxes := 1     
Module notech_mux2__1020 
Detailed RTL Component Info : 
+---Muxes : 
	   2 Input      1 Bit        Muxes := 1     
Module notech_mux2__1021 
Detailed RTL Component Info : 
+---Muxes : 
	   2 Input      1 Bit        Muxes := 1     
Module notech_mux2__1022 
Detailed RTL Component Info : 
+---Muxes : 
	   2 Input      1 Bit        Muxes := 1     
Module notech_mux2__1023 
Detailed RTL Component Info : 
+---Muxes : 
	   2 Input      1 Bit        Muxes := 1     
Module notech_mux2__1024 
Detailed RTL Component Info : 
+---Muxes : 
	   2 Input      1 Bit        Muxes := 1     
Module notech_mux2__1025 
Detailed RTL Component Info : 
+---Muxes : 
	   2 Input      1 Bit        Muxes := 1     
Module notech_mux2__1026 
Detailed RTL Component Info : 
+---Muxes : 
	   2 Input      1 Bit        Muxes := 1     
Module notech_mux2__1027 
Detailed RTL Component Info : 
+---Muxes : 
	   2 Input      1 Bit        Muxes := 1     
Module notech_mux2__1028 
Detailed RTL Component Info : 
+---Muxes : 
	   2 Input      1 Bit        Muxes := 1     
Module notech_mux2__1029 
Detailed RTL Component Info : 
+---Muxes : 
	   2 Input      1 Bit        Muxes := 1     
Module notech_mux2__1030 
Detailed RTL Component Info : 
+---Muxes : 
	   2 Input      1 Bit        Muxes := 1     
Module notech_mux2__1031 
Detailed RTL Component Info : 
+---Muxes : 
	   2 Input      1 Bit        Muxes := 1     
Module notech_mux2__1032 
Detailed RTL Component Info : 
+---Muxes : 
	   2 Input      1 Bit        Muxes := 1     
Module notech_mux2__1033 
Detailed RTL Component Info : 
+---Muxes : 
	   2 Input      1 Bit        Muxes := 1     
Module notech_mux2__1034 
Detailed RTL Component Info : 
+---Muxes : 
	   2 Input      1 Bit        Muxes := 1     
Module notech_mux2__1035 
Detailed RTL Component Info : 
+---Muxes : 
	   2 Input      1 Bit        Muxes := 1     
Module notech_mux2__1036 
Detailed RTL Component Info : 
+---Muxes : 
	   2 Input      1 Bit        Muxes := 1     
Module notech_mux2__1037 
Detailed RTL Component Info : 
+---Muxes : 
	   2 Input      1 Bit        Muxes := 1     
Module notech_mux2__1038 
Detailed RTL Component Info : 
+---Muxes : 
	   2 Input      1 Bit        Muxes := 1     
Module notech_mux2__1039 
Detailed RTL Component Info : 
+---Muxes : 
	   2 Input      1 Bit        Muxes := 1     
Module notech_mux2__1040 
Detailed RTL Component Info : 
+---Muxes : 
	   2 Input      1 Bit        Muxes := 1     
Module notech_mux2__1041 
Detailed RTL Component Info : 
+---Muxes : 
	   2 Input      1 Bit        Muxes := 1     
Module notech_mux2__1042 
Detailed RTL Component Info : 
+---Muxes : 
	   2 Input      1 Bit        Muxes := 1     
Module notech_mux2__1043 
Detailed RTL Component Info : 
+---Muxes : 
	   2 Input      1 Bit        Muxes := 1     
Module notech_mux2__1044 
Detailed RTL Component Info : 
+---Muxes : 
	   2 Input      1 Bit        Muxes := 1     
Module notech_mux2__1045 
Detailed RTL Component Info : 
+---Muxes : 
	   2 Input      1 Bit        Muxes := 1     
Module notech_mux2__1046 
Detailed RTL Component Info : 
+---Muxes : 
	   2 Input      1 Bit        Muxes := 1     
Module notech_mux2__1047 
Detailed RTL Component Info : 
+---Muxes : 
	   2 Input      1 Bit        Muxes := 1     
Module notech_mux2__1048 
Detailed RTL Component Info : 
+---Muxes : 
	   2 Input      1 Bit        Muxes := 1     
Module notech_mux2__1049 
Detailed RTL Component Info : 
+---Muxes : 
	   2 Input      1 Bit        Muxes := 1     
Module notech_mux2__1050 
Detailed RTL Component Info : 
+---Muxes : 
	   2 Input      1 Bit        Muxes := 1     
Module notech_mux2__1051 
Detailed RTL Component Info : 
+---Muxes : 
	   2 Input      1 Bit        Muxes := 1     
Module notech_mux2__1052 
Detailed RTL Component Info : 
+---Muxes : 
	   2 Input      1 Bit        Muxes := 1     
Module notech_mux2__1053 
Detailed RTL Component Info : 
+---Muxes : 
	   2 Input      1 Bit        Muxes := 1     
Module notech_mux2__1054 
Detailed RTL Component Info : 
+---Muxes : 
	   2 Input      1 Bit        Muxes := 1     
Module notech_mux2__1055 
Detailed RTL Component Info : 
+---Muxes : 
	   2 Input      1 Bit        Muxes := 1     
Module notech_mux2__1056 
Detailed RTL Component Info : 
+---Muxes : 
	   2 Input      1 Bit        Muxes := 1     
Module notech_mux2__1057 
Detailed RTL Component Info : 
+---Muxes : 
	   2 Input      1 Bit        Muxes := 1     
Module notech_mux2__1058 
Detailed RTL Component Info : 
+---Muxes : 
	   2 Input      1 Bit        Muxes := 1     
Module notech_mux2__1059 
Detailed RTL Component Info : 
+---Muxes : 
	   2 Input      1 Bit        Muxes := 1     
Module notech_mux2__1060 
Detailed RTL Component Info : 
+---Muxes : 
	   2 Input      1 Bit        Muxes := 1     
Module notech_mux2__1061 
Detailed RTL Component Info : 
+---Muxes : 
	   2 Input      1 Bit        Muxes := 1     
Module notech_mux2__1062 
Detailed RTL Component Info : 
+---Muxes : 
	   2 Input      1 Bit        Muxes := 1     
Module notech_mux2__1063 
Detailed RTL Component Info : 
+---Muxes : 
	   2 Input      1 Bit        Muxes := 1     
Module notech_mux2__1064 
Detailed RTL Component Info : 
+---Muxes : 
	   2 Input      1 Bit        Muxes := 1     
Module notech_mux2__1065 
Detailed RTL Component Info : 
+---Muxes : 
	   2 Input      1 Bit        Muxes := 1     
Module notech_mux2__1066 
Detailed RTL Component Info : 
+---Muxes : 
	   2 Input      1 Bit        Muxes := 1     
Module notech_mux2__1067 
Detailed RTL Component Info : 
+---Muxes : 
	   2 Input      1 Bit        Muxes := 1     
Module notech_mux2__1068 
Detailed RTL Component Info : 
+---Muxes : 
	   2 Input      1 Bit        Muxes := 1     
Module notech_mux2__1069 
Detailed RTL Component Info : 
+---Muxes : 
	   2 Input      1 Bit        Muxes := 1     
Module notech_mux2__1070 
Detailed RTL Component Info : 
+---Muxes : 
	   2 Input      1 Bit        Muxes := 1     
Module notech_mux2__1071 
Detailed RTL Component Info : 
+---Muxes : 
	   2 Input      1 Bit        Muxes := 1     
Module notech_mux2__1072 
Detailed RTL Component Info : 
+---Muxes : 
	   2 Input      1 Bit        Muxes := 1     
Module notech_mux2__1073 
Detailed RTL Component Info : 
+---Muxes : 
	   2 Input      1 Bit        Muxes := 1     
Module notech_mux2__1074 
Detailed RTL Component Info : 
+---Muxes : 
	   2 Input      1 Bit        Muxes := 1     
Module notech_mux2__1075 
Detailed RTL Component Info : 
+---Muxes : 
	   2 Input      1 Bit        Muxes := 1     
Module notech_mux2__1076 
Detailed RTL Component Info : 
+---Muxes : 
	   2 Input      1 Bit        Muxes := 1     
Module notech_mux2__1077 
Detailed RTL Component Info : 
+---Muxes : 
	   2 Input      1 Bit        Muxes := 1     
Module notech_mux2__1078 
Detailed RTL Component Info : 
+---Muxes : 
	   2 Input      1 Bit        Muxes := 1     
Module notech_mux2__1079 
Detailed RTL Component Info : 
+---Muxes : 
	   2 Input      1 Bit        Muxes := 1     
Module notech_mux2__1080 
Detailed RTL Component Info : 
+---Muxes : 
	   2 Input      1 Bit        Muxes := 1     
Module notech_mux2__1081 
Detailed RTL Component Info : 
+---Muxes : 
	   2 Input      1 Bit        Muxes := 1     
Module notech_mux2__1082 
Detailed RTL Component Info : 
+---Muxes : 
	   2 Input      1 Bit        Muxes := 1     
Module notech_mux2__1083 
Detailed RTL Component Info : 
+---Muxes : 
	   2 Input      1 Bit        Muxes := 1     
Module notech_mux2__1084 
Detailed RTL Component Info : 
+---Muxes : 
	   2 Input      1 Bit        Muxes := 1     
Module notech_mux2__1085 
Detailed RTL Component Info : 
+---Muxes : 
	   2 Input      1 Bit        Muxes := 1     
Module notech_mux2__1086 
Detailed RTL Component Info : 
+---Muxes : 
	   2 Input      1 Bit        Muxes := 1     
Module notech_mux2__1087 
Detailed RTL Component Info : 
+---Muxes : 
	   2 Input      1 Bit        Muxes := 1     
Module notech_mux2__1088 
Detailed RTL Component Info : 
+---Muxes : 
	   2 Input      1 Bit        Muxes := 1     
Module notech_mux2__1089 
Detailed RTL Component Info : 
+---Muxes : 
	   2 Input      1 Bit        Muxes := 1     
Module notech_mux2__1090 
Detailed RTL Component Info : 
+---Muxes : 
	   2 Input      1 Bit        Muxes := 1     
Module notech_mux2__1091 
Detailed RTL Component Info : 
+---Muxes : 
	   2 Input      1 Bit        Muxes := 1     
Module notech_mux2__1092 
Detailed RTL Component Info : 
+---Muxes : 
	   2 Input      1 Bit        Muxes := 1     
Module notech_mux2__1093 
Detailed RTL Component Info : 
+---Muxes : 
	   2 Input      1 Bit        Muxes := 1     
Module notech_mux2__1094 
Detailed RTL Component Info : 
+---Muxes : 
	   2 Input      1 Bit        Muxes := 1     
Module notech_mux2__1095 
Detailed RTL Component Info : 
+---Muxes : 
	   2 Input      1 Bit        Muxes := 1     
Module notech_mux2__1096 
Detailed RTL Component Info : 
+---Muxes : 
	   2 Input      1 Bit        Muxes := 1     
Module notech_mux2__1097 
Detailed RTL Component Info : 
+---Muxes : 
	   2 Input      1 Bit        Muxes := 1     
Module notech_mux2__1098 
Detailed RTL Component Info : 
+---Muxes : 
	   2 Input      1 Bit        Muxes := 1     
Module notech_mux2__1099 
Detailed RTL Component Info : 
+---Muxes : 
	   2 Input      1 Bit        Muxes := 1     
Module notech_mux2__1100 
Detailed RTL Component Info : 
+---Muxes : 
	   2 Input      1 Bit        Muxes := 1     
Module notech_mux2__1101 
Detailed RTL Component Info : 
+---Muxes : 
	   2 Input      1 Bit        Muxes := 1     
Module notech_mux2__1102 
Detailed RTL Component Info : 
+---Muxes : 
	   2 Input      1 Bit        Muxes := 1     
Module notech_mux2__1103 
Detailed RTL Component Info : 
+---Muxes : 
	   2 Input      1 Bit        Muxes := 1     
Module notech_mux2__1104 
Detailed RTL Component Info : 
+---Muxes : 
	   2 Input      1 Bit        Muxes := 1     
Module notech_mux2__1105 
Detailed RTL Component Info : 
+---Muxes : 
	   2 Input      1 Bit        Muxes := 1     
Module notech_mux2__1106 
Detailed RTL Component Info : 
+---Muxes : 
	   2 Input      1 Bit        Muxes := 1     
Module notech_mux2__1107 
Detailed RTL Component Info : 
+---Muxes : 
	   2 Input      1 Bit        Muxes := 1     
Module notech_mux2__1108 
Detailed RTL Component Info : 
+---Muxes : 
	   2 Input      1 Bit        Muxes := 1     
Module notech_mux2__1109 
Detailed RTL Component Info : 
+---Muxes : 
	   2 Input      1 Bit        Muxes := 1     
Module notech_mux2__1110 
Detailed RTL Component Info : 
+---Muxes : 
	   2 Input      1 Bit        Muxes := 1     
Module notech_mux2__1111 
Detailed RTL Component Info : 
+---Muxes : 
	   2 Input      1 Bit        Muxes := 1     
Module notech_mux2__1112 
Detailed RTL Component Info : 
+---Muxes : 
	   2 Input      1 Bit        Muxes := 1     
Module notech_mux2__1113 
Detailed RTL Component Info : 
+---Muxes : 
	   2 Input      1 Bit        Muxes := 1     
Module notech_mux2__1114 
Detailed RTL Component Info : 
+---Muxes : 
	   2 Input      1 Bit        Muxes := 1     
Module notech_mux2__1115 
Detailed RTL Component Info : 
+---Muxes : 
	   2 Input      1 Bit        Muxes := 1     
Module notech_mux2__1116 
Detailed RTL Component Info : 
+---Muxes : 
	   2 Input      1 Bit        Muxes := 1     
Module notech_mux2__1117 
Detailed RTL Component Info : 
+---Muxes : 
	   2 Input      1 Bit        Muxes := 1     
Module notech_mux2__1118 
Detailed RTL Component Info : 
+---Muxes : 
	   2 Input      1 Bit        Muxes := 1     
Module notech_mux2__1119 
Detailed RTL Component Info : 
+---Muxes : 
	   2 Input      1 Bit        Muxes := 1     
Module notech_mux2__1120 
Detailed RTL Component Info : 
+---Muxes : 
	   2 Input      1 Bit        Muxes := 1     
Module notech_mux2__1121 
Detailed RTL Component Info : 
+---Muxes : 
	   2 Input      1 Bit        Muxes := 1     
Module notech_mux2__1122 
Detailed RTL Component Info : 
+---Muxes : 
	   2 Input      1 Bit        Muxes := 1     
Module notech_mux2__1123 
Detailed RTL Component Info : 
+---Muxes : 
	   2 Input      1 Bit        Muxes := 1     
Module notech_mux2__1124 
Detailed RTL Component Info : 
+---Muxes : 
	   2 Input      1 Bit        Muxes := 1     
Module notech_mux2__1125 
Detailed RTL Component Info : 
+---Muxes : 
	   2 Input      1 Bit        Muxes := 1     
Module notech_mux2__1126 
Detailed RTL Component Info : 
+---Muxes : 
	   2 Input      1 Bit        Muxes := 1     
Module notech_mux2__1127 
Detailed RTL Component Info : 
+---Muxes : 
	   2 Input      1 Bit        Muxes := 1     
Module notech_mux2__1128 
Detailed RTL Component Info : 
+---Muxes : 
	   2 Input      1 Bit        Muxes := 1     
Module notech_mux2__1129 
Detailed RTL Component Info : 
+---Muxes : 
	   2 Input      1 Bit        Muxes := 1     
Module notech_mux2__1130 
Detailed RTL Component Info : 
+---Muxes : 
	   2 Input      1 Bit        Muxes := 1     
Module notech_mux2__1131 
Detailed RTL Component Info : 
+---Muxes : 
	   2 Input      1 Bit        Muxes := 1     
Module notech_mux2__1132 
Detailed RTL Component Info : 
+---Muxes : 
	   2 Input      1 Bit        Muxes := 1     
Module notech_mux2__1133 
Detailed RTL Component Info : 
+---Muxes : 
	   2 Input      1 Bit        Muxes := 1     
Module notech_mux2__1134 
Detailed RTL Component Info : 
+---Muxes : 
	   2 Input      1 Bit        Muxes := 1     
Module notech_mux2__1135 
Detailed RTL Component Info : 
+---Muxes : 
	   2 Input      1 Bit        Muxes := 1     
Module notech_mux2__1136 
Detailed RTL Component Info : 
+---Muxes : 
	   2 Input      1 Bit        Muxes := 1     
Module notech_mux2__1137 
Detailed RTL Component Info : 
+---Muxes : 
	   2 Input      1 Bit        Muxes := 1     
Module notech_mux2__1138 
Detailed RTL Component Info : 
+---Muxes : 
	   2 Input      1 Bit        Muxes := 1     
Module notech_mux2__1139 
Detailed RTL Component Info : 
+---Muxes : 
	   2 Input      1 Bit        Muxes := 1     
Module notech_mux2__1140 
Detailed RTL Component Info : 
+---Muxes : 
	   2 Input      1 Bit        Muxes := 1     
Module notech_mux2__1141 
Detailed RTL Component Info : 
+---Muxes : 
	   2 Input      1 Bit        Muxes := 1     
Module notech_mux2__1142 
Detailed RTL Component Info : 
+---Muxes : 
	   2 Input      1 Bit        Muxes := 1     
Module notech_mux2__1143 
Detailed RTL Component Info : 
+---Muxes : 
	   2 Input      1 Bit        Muxes := 1     
Module notech_mux2__1144 
Detailed RTL Component Info : 
+---Muxes : 
	   2 Input      1 Bit        Muxes := 1     
Module notech_mux2__1145 
Detailed RTL Component Info : 
+---Muxes : 
	   2 Input      1 Bit        Muxes := 1     
Module notech_mux2__1146 
Detailed RTL Component Info : 
+---Muxes : 
	   2 Input      1 Bit        Muxes := 1     
Module notech_mux2__1147 
Detailed RTL Component Info : 
+---Muxes : 
	   2 Input      1 Bit        Muxes := 1     
Module notech_mux2__1148 
Detailed RTL Component Info : 
+---Muxes : 
	   2 Input      1 Bit        Muxes := 1     
Module notech_mux2__1149 
Detailed RTL Component Info : 
+---Muxes : 
	   2 Input      1 Bit        Muxes := 1     
Module notech_mux2__1150 
Detailed RTL Component Info : 
+---Muxes : 
	   2 Input      1 Bit        Muxes := 1     
Module notech_mux2__1151 
Detailed RTL Component Info : 
+---Muxes : 
	   2 Input      1 Bit        Muxes := 1     
Module notech_mux2__1152 
Detailed RTL Component Info : 
+---Muxes : 
	   2 Input      1 Bit        Muxes := 1     
Module notech_mux2__1153 
Detailed RTL Component Info : 
+---Muxes : 
	   2 Input      1 Bit        Muxes := 1     
Module notech_mux2__1154 
Detailed RTL Component Info : 
+---Muxes : 
	   2 Input      1 Bit        Muxes := 1     
Module notech_mux2__1155 
Detailed RTL Component Info : 
+---Muxes : 
	   2 Input      1 Bit        Muxes := 1     
Module notech_mux2__1156 
Detailed RTL Component Info : 
+---Muxes : 
	   2 Input      1 Bit        Muxes := 1     
Module notech_mux2__1157 
Detailed RTL Component Info : 
+---Muxes : 
	   2 Input      1 Bit        Muxes := 1     
Module notech_mux2__1158 
Detailed RTL Component Info : 
+---Muxes : 
	   2 Input      1 Bit        Muxes := 1     
Module notech_mux2__1159 
Detailed RTL Component Info : 
+---Muxes : 
	   2 Input      1 Bit        Muxes := 1     
Module notech_mux2__1160 
Detailed RTL Component Info : 
+---Muxes : 
	   2 Input      1 Bit        Muxes := 1     
Module notech_mux2__1161 
Detailed RTL Component Info : 
+---Muxes : 
	   2 Input      1 Bit        Muxes := 1     
Module notech_mux2__1162 
Detailed RTL Component Info : 
+---Muxes : 
	   2 Input      1 Bit        Muxes := 1     
Module notech_mux2__1163 
Detailed RTL Component Info : 
+---Muxes : 
	   2 Input      1 Bit        Muxes := 1     
Module notech_mux2__1164 
Detailed RTL Component Info : 
+---Muxes : 
	   2 Input      1 Bit        Muxes := 1     
Module notech_mux2__1165 
Detailed RTL Component Info : 
+---Muxes : 
	   2 Input      1 Bit        Muxes := 1     
Module notech_mux2__1166 
Detailed RTL Component Info : 
+---Muxes : 
	   2 Input      1 Bit        Muxes := 1     
Module notech_mux2__1167 
Detailed RTL Component Info : 
+---Muxes : 
	   2 Input      1 Bit        Muxes := 1     
Module notech_mux2__1168 
Detailed RTL Component Info : 
+---Muxes : 
	   2 Input      1 Bit        Muxes := 1     
Module notech_mux2__1169 
Detailed RTL Component Info : 
+---Muxes : 
	   2 Input      1 Bit        Muxes := 1     
Module notech_mux2__1170 
Detailed RTL Component Info : 
+---Muxes : 
	   2 Input      1 Bit        Muxes := 1     
Module notech_mux2__1171 
Detailed RTL Component Info : 
+---Muxes : 
	   2 Input      1 Bit        Muxes := 1     
Module notech_mux2__1172 
Detailed RTL Component Info : 
+---Muxes : 
	   2 Input      1 Bit        Muxes := 1     
Module notech_mux2__1173 
Detailed RTL Component Info : 
+---Muxes : 
	   2 Input      1 Bit        Muxes := 1     
Module notech_mux2__1174 
Detailed RTL Component Info : 
+---Muxes : 
	   2 Input      1 Bit        Muxes := 1     
Module notech_mux2__1175 
Detailed RTL Component Info : 
+---Muxes : 
	   2 Input      1 Bit        Muxes := 1     
Module notech_mux2__1176 
Detailed RTL Component Info : 
+---Muxes : 
	   2 Input      1 Bit        Muxes := 1     
Module notech_mux2__1177 
Detailed RTL Component Info : 
+---Muxes : 
	   2 Input      1 Bit        Muxes := 1     
Module notech_mux2__1178 
Detailed RTL Component Info : 
+---Muxes : 
	   2 Input      1 Bit        Muxes := 1     
Module notech_mux2__1179 
Detailed RTL Component Info : 
+---Muxes : 
	   2 Input      1 Bit        Muxes := 1     
Module notech_mux2__1180 
Detailed RTL Component Info : 
+---Muxes : 
	   2 Input      1 Bit        Muxes := 1     
Module notech_mux2__1181 
Detailed RTL Component Info : 
+---Muxes : 
	   2 Input      1 Bit        Muxes := 1     
Module notech_mux2__1182 
Detailed RTL Component Info : 
+---Muxes : 
	   2 Input      1 Bit        Muxes := 1     
Module notech_mux2__1183 
Detailed RTL Component Info : 
+---Muxes : 
	   2 Input      1 Bit        Muxes := 1     
Module notech_mux2__1184 
Detailed RTL Component Info : 
+---Muxes : 
	   2 Input      1 Bit        Muxes := 1     
Module notech_mux2__1185 
Detailed RTL Component Info : 
+---Muxes : 
	   2 Input      1 Bit        Muxes := 1     
Module notech_mux2__1186 
Detailed RTL Component Info : 
+---Muxes : 
	   2 Input      1 Bit        Muxes := 1     
Module notech_mux2__1187 
Detailed RTL Component Info : 
+---Muxes : 
	   2 Input      1 Bit        Muxes := 1     
Module notech_mux2__1188 
Detailed RTL Component Info : 
+---Muxes : 
	   2 Input      1 Bit        Muxes := 1     
Module notech_mux2__1189 
Detailed RTL Component Info : 
+---Muxes : 
	   2 Input      1 Bit        Muxes := 1     
Module notech_mux2__1190 
Detailed RTL Component Info : 
+---Muxes : 
	   2 Input      1 Bit        Muxes := 1     
Module notech_mux2__1191 
Detailed RTL Component Info : 
+---Muxes : 
	   2 Input      1 Bit        Muxes := 1     
Module notech_mux2__1192 
Detailed RTL Component Info : 
+---Muxes : 
	   2 Input      1 Bit        Muxes := 1     
Module notech_mux2__1193 
Detailed RTL Component Info : 
+---Muxes : 
	   2 Input      1 Bit        Muxes := 1     
Module notech_mux2__1194 
Detailed RTL Component Info : 
+---Muxes : 
	   2 Input      1 Bit        Muxes := 1     
Module notech_mux2__1195 
Detailed RTL Component Info : 
+---Muxes : 
	   2 Input      1 Bit        Muxes := 1     
Module notech_mux2__1196 
Detailed RTL Component Info : 
+---Muxes : 
	   2 Input      1 Bit        Muxes := 1     
Module notech_mux2__1197 
Detailed RTL Component Info : 
+---Muxes : 
	   2 Input      1 Bit        Muxes := 1     
Module notech_mux2__1198 
Detailed RTL Component Info : 
+---Muxes : 
	   2 Input      1 Bit        Muxes := 1     
Module notech_mux2__1199 
Detailed RTL Component Info : 
+---Muxes : 
	   2 Input      1 Bit        Muxes := 1     
Module notech_mux2__1200 
Detailed RTL Component Info : 
+---Muxes : 
	   2 Input      1 Bit        Muxes := 1     
Module notech_mux2__1201 
Detailed RTL Component Info : 
+---Muxes : 
	   2 Input      1 Bit        Muxes := 1     
Module notech_mux2__1202 
Detailed RTL Component Info : 
+---Muxes : 
	   2 Input      1 Bit        Muxes := 1     
Module notech_mux2__1203 
Detailed RTL Component Info : 
+---Muxes : 
	   2 Input      1 Bit        Muxes := 1     
Module notech_mux2__1204 
Detailed RTL Component Info : 
+---Muxes : 
	   2 Input      1 Bit        Muxes := 1     
Module notech_mux2__1205 
Detailed RTL Component Info : 
+---Muxes : 
	   2 Input      1 Bit        Muxes := 1     
Module notech_mux2__1206 
Detailed RTL Component Info : 
+---Muxes : 
	   2 Input      1 Bit        Muxes := 1     
Module notech_mux2__1207 
Detailed RTL Component Info : 
+---Muxes : 
	   2 Input      1 Bit        Muxes := 1     
Module notech_mux2__1208 
Detailed RTL Component Info : 
+---Muxes : 
	   2 Input      1 Bit        Muxes := 1     
Module notech_mux2__1209 
Detailed RTL Component Info : 
+---Muxes : 
	   2 Input      1 Bit        Muxes := 1     
Module notech_mux2__1210 
Detailed RTL Component Info : 
+---Muxes : 
	   2 Input      1 Bit        Muxes := 1     
Module notech_mux2__1211 
Detailed RTL Component Info : 
+---Muxes : 
	   2 Input      1 Bit        Muxes := 1     
Module notech_mux2__1212 
Detailed RTL Component Info : 
+---Muxes : 
	   2 Input      1 Bit        Muxes := 1     
Module notech_mux2__1213 
Detailed RTL Component Info : 
+---Muxes : 
	   2 Input      1 Bit        Muxes := 1     
Module notech_mux2__1214 
Detailed RTL Component Info : 
+---Muxes : 
	   2 Input      1 Bit        Muxes := 1     
Module notech_mux2__1215 
Detailed RTL Component Info : 
+---Muxes : 
	   2 Input      1 Bit        Muxes := 1     
Module notech_mux2__1216 
Detailed RTL Component Info : 
+---Muxes : 
	   2 Input      1 Bit        Muxes := 1     
Module notech_mux2__1217 
Detailed RTL Component Info : 
+---Muxes : 
	   2 Input      1 Bit        Muxes := 1     
Module notech_mux2__1218 
Detailed RTL Component Info : 
+---Muxes : 
	   2 Input      1 Bit        Muxes := 1     
Module notech_mux2__1219 
Detailed RTL Component Info : 
+---Muxes : 
	   2 Input      1 Bit        Muxes := 1     
Module notech_mux2__1220 
Detailed RTL Component Info : 
+---Muxes : 
	   2 Input      1 Bit        Muxes := 1     
Module notech_mux2__1221 
Detailed RTL Component Info : 
+---Muxes : 
	   2 Input      1 Bit        Muxes := 1     
Module notech_mux2__1222 
Detailed RTL Component Info : 
+---Muxes : 
	   2 Input      1 Bit        Muxes := 1     
Module notech_mux2__1223 
Detailed RTL Component Info : 
+---Muxes : 
	   2 Input      1 Bit        Muxes := 1     
Module notech_mux2__1224 
Detailed RTL Component Info : 
+---Muxes : 
	   2 Input      1 Bit        Muxes := 1     
Module notech_mux2__1225 
Detailed RTL Component Info : 
+---Muxes : 
	   2 Input      1 Bit        Muxes := 1     
Module notech_mux2__1226 
Detailed RTL Component Info : 
+---Muxes : 
	   2 Input      1 Bit        Muxes := 1     
Module notech_mux2__1227 
Detailed RTL Component Info : 
+---Muxes : 
	   2 Input      1 Bit        Muxes := 1     
Module notech_mux2__1228 
Detailed RTL Component Info : 
+---Muxes : 
	   2 Input      1 Bit        Muxes := 1     
Module notech_mux2__1229 
Detailed RTL Component Info : 
+---Muxes : 
	   2 Input      1 Bit        Muxes := 1     
Module notech_mux2__1230 
Detailed RTL Component Info : 
+---Muxes : 
	   2 Input      1 Bit        Muxes := 1     
Module notech_mux2__1231 
Detailed RTL Component Info : 
+---Muxes : 
	   2 Input      1 Bit        Muxes := 1     
Module notech_mux2__1232 
Detailed RTL Component Info : 
+---Muxes : 
	   2 Input      1 Bit        Muxes := 1     
Module notech_mux2__1233 
Detailed RTL Component Info : 
+---Muxes : 
	   2 Input      1 Bit        Muxes := 1     
Module notech_mux2__1234 
Detailed RTL Component Info : 
+---Muxes : 
	   2 Input      1 Bit        Muxes := 1     
Module notech_mux2__1235 
Detailed RTL Component Info : 
+---Muxes : 
	   2 Input      1 Bit        Muxes := 1     
Module notech_mux2__1236 
Detailed RTL Component Info : 
+---Muxes : 
	   2 Input      1 Bit        Muxes := 1     
Module notech_mux2__1237 
Detailed RTL Component Info : 
+---Muxes : 
	   2 Input      1 Bit        Muxes := 1     
Module notech_mux2__1238 
Detailed RTL Component Info : 
+---Muxes : 
	   2 Input      1 Bit        Muxes := 1     
Module notech_mux2__1239 
Detailed RTL Component Info : 
+---Muxes : 
	   2 Input      1 Bit        Muxes := 1     
Module notech_mux2__1240 
Detailed RTL Component Info : 
+---Muxes : 
	   2 Input      1 Bit        Muxes := 1     
Module notech_mux2__1241 
Detailed RTL Component Info : 
+---Muxes : 
	   2 Input      1 Bit        Muxes := 1     
Module notech_mux2__1242 
Detailed RTL Component Info : 
+---Muxes : 
	   2 Input      1 Bit        Muxes := 1     
Module notech_mux2__1243 
Detailed RTL Component Info : 
+---Muxes : 
	   2 Input      1 Bit        Muxes := 1     
Module notech_mux2__1244 
Detailed RTL Component Info : 
+---Muxes : 
	   2 Input      1 Bit        Muxes := 1     
Module notech_mux2__1245 
Detailed RTL Component Info : 
+---Muxes : 
	   2 Input      1 Bit        Muxes := 1     
Module notech_mux2__1246 
Detailed RTL Component Info : 
+---Muxes : 
	   2 Input      1 Bit        Muxes := 1     
Module notech_mux2__1247 
Detailed RTL Component Info : 
+---Muxes : 
	   2 Input      1 Bit        Muxes := 1     
Module notech_mux2__1248 
Detailed RTL Component Info : 
+---Muxes : 
	   2 Input      1 Bit        Muxes := 1     
Module notech_mux2__1249 
Detailed RTL Component Info : 
+---Muxes : 
	   2 Input      1 Bit        Muxes := 1     
Module notech_mux2__1250 
Detailed RTL Component Info : 
+---Muxes : 
	   2 Input      1 Bit        Muxes := 1     
Module notech_mux2__1251 
Detailed RTL Component Info : 
+---Muxes : 
	   2 Input      1 Bit        Muxes := 1     
Module notech_mux2__1252 
Detailed RTL Component Info : 
+---Muxes : 
	   2 Input      1 Bit        Muxes := 1     
Module notech_mux2__1253 
Detailed RTL Component Info : 
+---Muxes : 
	   2 Input      1 Bit        Muxes := 1     
Module notech_mux2__1254 
Detailed RTL Component Info : 
+---Muxes : 
	   2 Input      1 Bit        Muxes := 1     
Module notech_mux2__1255 
Detailed RTL Component Info : 
+---Muxes : 
	   2 Input      1 Bit        Muxes := 1     
Module notech_mux2__1256 
Detailed RTL Component Info : 
+---Muxes : 
	   2 Input      1 Bit        Muxes := 1     
Module notech_mux2__1257 
Detailed RTL Component Info : 
+---Muxes : 
	   2 Input      1 Bit        Muxes := 1     
Module notech_mux2__1258 
Detailed RTL Component Info : 
+---Muxes : 
	   2 Input      1 Bit        Muxes := 1     
Module notech_mux2__1259 
Detailed RTL Component Info : 
+---Muxes : 
	   2 Input      1 Bit        Muxes := 1     
Module notech_mux2__1260 
Detailed RTL Component Info : 
+---Muxes : 
	   2 Input      1 Bit        Muxes := 1     
Module notech_mux2__1261 
Detailed RTL Component Info : 
+---Muxes : 
	   2 Input      1 Bit        Muxes := 1     
Module notech_mux2__1262 
Detailed RTL Component Info : 
+---Muxes : 
	   2 Input      1 Bit        Muxes := 1     
Module notech_mux2__1263 
Detailed RTL Component Info : 
+---Muxes : 
	   2 Input      1 Bit        Muxes := 1     
Module notech_mux2__1264 
Detailed RTL Component Info : 
+---Muxes : 
	   2 Input      1 Bit        Muxes := 1     
Module notech_mux2__1265 
Detailed RTL Component Info : 
+---Muxes : 
	   2 Input      1 Bit        Muxes := 1     
Module notech_mux2__1266 
Detailed RTL Component Info : 
+---Muxes : 
	   2 Input      1 Bit        Muxes := 1     
Module notech_mux2__1267 
Detailed RTL Component Info : 
+---Muxes : 
	   2 Input      1 Bit        Muxes := 1     
Module notech_mux2__1268 
Detailed RTL Component Info : 
+---Muxes : 
	   2 Input      1 Bit        Muxes := 1     
Module notech_mux2__1269 
Detailed RTL Component Info : 
+---Muxes : 
	   2 Input      1 Bit        Muxes := 1     
Module notech_mux2__1270 
Detailed RTL Component Info : 
+---Muxes : 
	   2 Input      1 Bit        Muxes := 1     
Module notech_mux2__1271 
Detailed RTL Component Info : 
+---Muxes : 
	   2 Input      1 Bit        Muxes := 1     
Module notech_mux2__1272 
Detailed RTL Component Info : 
+---Muxes : 
	   2 Input      1 Bit        Muxes := 1     
Module notech_mux2__1273 
Detailed RTL Component Info : 
+---Muxes : 
	   2 Input      1 Bit        Muxes := 1     
Module notech_mux2__1274 
Detailed RTL Component Info : 
+---Muxes : 
	   2 Input      1 Bit        Muxes := 1     
Module notech_mux2__1275 
Detailed RTL Component Info : 
+---Muxes : 
	   2 Input      1 Bit        Muxes := 1     
Module notech_mux2__1276 
Detailed RTL Component Info : 
+---Muxes : 
	   2 Input      1 Bit        Muxes := 1     
Module notech_mux2__1277 
Detailed RTL Component Info : 
+---Muxes : 
	   2 Input      1 Bit        Muxes := 1     
Module notech_mux2__1278 
Detailed RTL Component Info : 
+---Muxes : 
	   2 Input      1 Bit        Muxes := 1     
Module notech_mux2__1279 
Detailed RTL Component Info : 
+---Muxes : 
	   2 Input      1 Bit        Muxes := 1     
Module notech_mux2__1280 
Detailed RTL Component Info : 
+---Muxes : 
	   2 Input      1 Bit        Muxes := 1     
Module notech_mux2__1281 
Detailed RTL Component Info : 
+---Muxes : 
	   2 Input      1 Bit        Muxes := 1     
Module notech_mux2__1282 
Detailed RTL Component Info : 
+---Muxes : 
	   2 Input      1 Bit        Muxes := 1     
Module notech_mux2__1283 
Detailed RTL Component Info : 
+---Muxes : 
	   2 Input      1 Bit        Muxes := 1     
Module notech_mux2__1284 
Detailed RTL Component Info : 
+---Muxes : 
	   2 Input      1 Bit        Muxes := 1     
Module notech_mux2__1285 
Detailed RTL Component Info : 
+---Muxes : 
	   2 Input      1 Bit        Muxes := 1     
Module notech_mux2__1286 
Detailed RTL Component Info : 
+---Muxes : 
	   2 Input      1 Bit        Muxes := 1     
Module notech_mux2__1287 
Detailed RTL Component Info : 
+---Muxes : 
	   2 Input      1 Bit        Muxes := 1     
Module notech_mux2__1288 
Detailed RTL Component Info : 
+---Muxes : 
	   2 Input      1 Bit        Muxes := 1     
Module notech_mux2__1289 
Detailed RTL Component Info : 
+---Muxes : 
	   2 Input      1 Bit        Muxes := 1     
Module notech_mux2__1290 
Detailed RTL Component Info : 
+---Muxes : 
	   2 Input      1 Bit        Muxes := 1     
Module notech_mux2__1291 
Detailed RTL Component Info : 
+---Muxes : 
	   2 Input      1 Bit        Muxes := 1     
Module notech_mux2__1292 
Detailed RTL Component Info : 
+---Muxes : 
	   2 Input      1 Bit        Muxes := 1     
Module notech_mux2__1293 
Detailed RTL Component Info : 
+---Muxes : 
	   2 Input      1 Bit        Muxes := 1     
Module notech_mux2__1294 
Detailed RTL Component Info : 
+---Muxes : 
	   2 Input      1 Bit        Muxes := 1     
Module notech_mux2__1295 
Detailed RTL Component Info : 
+---Muxes : 
	   2 Input      1 Bit        Muxes := 1     
Module notech_mux2__1296 
Detailed RTL Component Info : 
+---Muxes : 
	   2 Input      1 Bit        Muxes := 1     
Module notech_mux2__1297 
Detailed RTL Component Info : 
+---Muxes : 
	   2 Input      1 Bit        Muxes := 1     
Module notech_mux2__1298 
Detailed RTL Component Info : 
+---Muxes : 
	   2 Input      1 Bit        Muxes := 1     
Module notech_mux2__1299 
Detailed RTL Component Info : 
+---Muxes : 
	   2 Input      1 Bit        Muxes := 1     
Module notech_mux2__1300 
Detailed RTL Component Info : 
+---Muxes : 
	   2 Input      1 Bit        Muxes := 1     
Module notech_mux2__1301 
Detailed RTL Component Info : 
+---Muxes : 
	   2 Input      1 Bit        Muxes := 1     
Module notech_mux2__1302 
Detailed RTL Component Info : 
+---Muxes : 
	   2 Input      1 Bit        Muxes := 1     
Module notech_mux2__1303 
Detailed RTL Component Info : 
+---Muxes : 
	   2 Input      1 Bit        Muxes := 1     
Module notech_mux2__1304 
Detailed RTL Component Info : 
+---Muxes : 
	   2 Input      1 Bit        Muxes := 1     
Module notech_mux2__1305 
Detailed RTL Component Info : 
+---Muxes : 
	   2 Input      1 Bit        Muxes := 1     
Module notech_mux2__1306 
Detailed RTL Component Info : 
+---Muxes : 
	   2 Input      1 Bit        Muxes := 1     
Module notech_mux2__1307 
Detailed RTL Component Info : 
+---Muxes : 
	   2 Input      1 Bit        Muxes := 1     
Module notech_mux2__1308 
Detailed RTL Component Info : 
+---Muxes : 
	   2 Input      1 Bit        Muxes := 1     
Module notech_mux2__1309 
Detailed RTL Component Info : 
+---Muxes : 
	   2 Input      1 Bit        Muxes := 1     
Module notech_mux2__1310 
Detailed RTL Component Info : 
+---Muxes : 
	   2 Input      1 Bit        Muxes := 1     
Module notech_mux2__1311 
Detailed RTL Component Info : 
+---Muxes : 
	   2 Input      1 Bit        Muxes := 1     
Module notech_mux2__1312 
Detailed RTL Component Info : 
+---Muxes : 
	   2 Input      1 Bit        Muxes := 1     
Module notech_mux2__1313 
Detailed RTL Component Info : 
+---Muxes : 
	   2 Input      1 Bit        Muxes := 1     
Module notech_mux2__1314 
Detailed RTL Component Info : 
+---Muxes : 
	   2 Input      1 Bit        Muxes := 1     
Module notech_mux2__1315 
Detailed RTL Component Info : 
+---Muxes : 
	   2 Input      1 Bit        Muxes := 1     
Module notech_mux2__1316 
Detailed RTL Component Info : 
+---Muxes : 
	   2 Input      1 Bit        Muxes := 1     
Module notech_mux2__1317 
Detailed RTL Component Info : 
+---Muxes : 
	   2 Input      1 Bit        Muxes := 1     
Module notech_mux2__1318 
Detailed RTL Component Info : 
+---Muxes : 
	   2 Input      1 Bit        Muxes := 1     
Module notech_mux2__1319 
Detailed RTL Component Info : 
+---Muxes : 
	   2 Input      1 Bit        Muxes := 1     
Module notech_mux2__1320 
Detailed RTL Component Info : 
+---Muxes : 
	   2 Input      1 Bit        Muxes := 1     
Module notech_mux2__1321 
Detailed RTL Component Info : 
+---Muxes : 
	   2 Input      1 Bit        Muxes := 1     
Module notech_mux2__1322 
Detailed RTL Component Info : 
+---Muxes : 
	   2 Input      1 Bit        Muxes := 1     
Module notech_mux2__1323 
Detailed RTL Component Info : 
+---Muxes : 
	   2 Input      1 Bit        Muxes := 1     
Module notech_mux2__1324 
Detailed RTL Component Info : 
+---Muxes : 
	   2 Input      1 Bit        Muxes := 1     
Module notech_mux2__1325 
Detailed RTL Component Info : 
+---Muxes : 
	   2 Input      1 Bit        Muxes := 1     
Module notech_mux2__1326 
Detailed RTL Component Info : 
+---Muxes : 
	   2 Input      1 Bit        Muxes := 1     
Module notech_mux2__1327 
Detailed RTL Component Info : 
+---Muxes : 
	   2 Input      1 Bit        Muxes := 1     
Module notech_mux2__1328 
Detailed RTL Component Info : 
+---Muxes : 
	   2 Input      1 Bit        Muxes := 1     
Module notech_mux2__1329 
Detailed RTL Component Info : 
+---Muxes : 
	   2 Input      1 Bit        Muxes := 1     
Module notech_mux2__1330 
Detailed RTL Component Info : 
+---Muxes : 
	   2 Input      1 Bit        Muxes := 1     
Module notech_mux2__1331 
Detailed RTL Component Info : 
+---Muxes : 
	   2 Input      1 Bit        Muxes := 1     
Module notech_mux2__1332 
Detailed RTL Component Info : 
+---Muxes : 
	   2 Input      1 Bit        Muxes := 1     
Module notech_mux2__1333 
Detailed RTL Component Info : 
+---Muxes : 
	   2 Input      1 Bit        Muxes := 1     
Module notech_mux2__1334 
Detailed RTL Component Info : 
+---Muxes : 
	   2 Input      1 Bit        Muxes := 1     
Module notech_mux2__1335 
Detailed RTL Component Info : 
+---Muxes : 
	   2 Input      1 Bit        Muxes := 1     
Module notech_mux2__1336 
Detailed RTL Component Info : 
+---Muxes : 
	   2 Input      1 Bit        Muxes := 1     
Module notech_mux2__1337 
Detailed RTL Component Info : 
+---Muxes : 
	   2 Input      1 Bit        Muxes := 1     
Module notech_mux2__1338 
Detailed RTL Component Info : 
+---Muxes : 
	   2 Input      1 Bit        Muxes := 1     
Module notech_mux2__1339 
Detailed RTL Component Info : 
+---Muxes : 
	   2 Input      1 Bit        Muxes := 1     
Module notech_mux2__1340 
Detailed RTL Component Info : 
+---Muxes : 
	   2 Input      1 Bit        Muxes := 1     
Module notech_mux2__1341 
Detailed RTL Component Info : 
+---Muxes : 
	   2 Input      1 Bit        Muxes := 1     
Module notech_mux2__1342 
Detailed RTL Component Info : 
+---Muxes : 
	   2 Input      1 Bit        Muxes := 1     
Module notech_mux2__1343 
Detailed RTL Component Info : 
+---Muxes : 
	   2 Input      1 Bit        Muxes := 1     
Module notech_mux2__1344 
Detailed RTL Component Info : 
+---Muxes : 
	   2 Input      1 Bit        Muxes := 1     
Module notech_mux2__1345 
Detailed RTL Component Info : 
+---Muxes : 
	   2 Input      1 Bit        Muxes := 1     
Module notech_mux2__1346 
Detailed RTL Component Info : 
+---Muxes : 
	   2 Input      1 Bit        Muxes := 1     
Module notech_mux2__1347 
Detailed RTL Component Info : 
+---Muxes : 
	   2 Input      1 Bit        Muxes := 1     
Module notech_mux2__1348 
Detailed RTL Component Info : 
+---Muxes : 
	   2 Input      1 Bit        Muxes := 1     
Module notech_mux2__1349 
Detailed RTL Component Info : 
+---Muxes : 
	   2 Input      1 Bit        Muxes := 1     
Module notech_mux2__1350 
Detailed RTL Component Info : 
+---Muxes : 
	   2 Input      1 Bit        Muxes := 1     
Module notech_mux2__1351 
Detailed RTL Component Info : 
+---Muxes : 
	   2 Input      1 Bit        Muxes := 1     
Module notech_mux2__1352 
Detailed RTL Component Info : 
+---Muxes : 
	   2 Input      1 Bit        Muxes := 1     
Module notech_mux2__1353 
Detailed RTL Component Info : 
+---Muxes : 
	   2 Input      1 Bit        Muxes := 1     
Module notech_mux4__169 
Detailed RTL Component Info : 
+---Muxes : 
	   2 Input      1 Bit        Muxes := 3     
Module notech_mux4__170 
Detailed RTL Component Info : 
+---Muxes : 
	   2 Input      1 Bit        Muxes := 3     
Module notech_mux4__171 
Detailed RTL Component Info : 
+---Muxes : 
	   2 Input      1 Bit        Muxes := 3     
Module notech_mux4__172 
Detailed RTL Component Info : 
+---Muxes : 
	   2 Input      1 Bit        Muxes := 3     
Module notech_mux4__173 
Detailed RTL Component Info : 
+---Muxes : 
	   2 Input      1 Bit        Muxes := 3     
Module notech_mux4__174 
Detailed RTL Component Info : 
+---Muxes : 
	   2 Input      1 Bit        Muxes := 3     
Module notech_mux4__175 
Detailed RTL Component Info : 
+---Muxes : 
	   2 Input      1 Bit        Muxes := 3     
Module notech_mux4__176 
Detailed RTL Component Info : 
+---Muxes : 
	   2 Input      1 Bit        Muxes := 3     
Module notech_mux4__177 
Detailed RTL Component Info : 
+---Muxes : 
	   2 Input      1 Bit        Muxes := 3     
Module notech_mux4__178 
Detailed RTL Component Info : 
+---Muxes : 
	   2 Input      1 Bit        Muxes := 3     
Module notech_mux4__179 
Detailed RTL Component Info : 
+---Muxes : 
	   2 Input      1 Bit        Muxes := 3     
Module notech_mux4__180 
Detailed RTL Component Info : 
+---Muxes : 
	   2 Input      1 Bit        Muxes := 3     
Module notech_mux4__181 
Detailed RTL Component Info : 
+---Muxes : 
	   2 Input      1 Bit        Muxes := 3     
Module notech_mux4__182 
Detailed RTL Component Info : 
+---Muxes : 
	   2 Input      1 Bit        Muxes := 3     
Module notech_mux4__183 
Detailed RTL Component Info : 
+---Muxes : 
	   2 Input      1 Bit        Muxes := 3     
Module notech_mux4__184 
Detailed RTL Component Info : 
+---Muxes : 
	   2 Input      1 Bit        Muxes := 3     
Module notech_mux4__185 
Detailed RTL Component Info : 
+---Muxes : 
	   2 Input      1 Bit        Muxes := 3     
Module notech_mux4__186 
Detailed RTL Component Info : 
+---Muxes : 
	   2 Input      1 Bit        Muxes := 3     
Module notech_mux4__187 
Detailed RTL Component Info : 
+---Muxes : 
	   2 Input      1 Bit        Muxes := 3     
Module notech_mux4__188 
Detailed RTL Component Info : 
+---Muxes : 
	   2 Input      1 Bit        Muxes := 3     
Module notech_mux4__189 
Detailed RTL Component Info : 
+---Muxes : 
	   2 Input      1 Bit        Muxes := 3     
Module notech_mux4__190 
Detailed RTL Component Info : 
+---Muxes : 
	   2 Input      1 Bit        Muxes := 3     
Module notech_mux4__191 
Detailed RTL Component Info : 
+---Muxes : 
	   2 Input      1 Bit        Muxes := 3     
Module notech_mux4__192 
Detailed RTL Component Info : 
+---Muxes : 
	   2 Input      1 Bit        Muxes := 3     
Module notech_mux4__193 
Detailed RTL Component Info : 
+---Muxes : 
	   2 Input      1 Bit        Muxes := 3     
Module notech_mux4__194 
Detailed RTL Component Info : 
+---Muxes : 
	   2 Input      1 Bit        Muxes := 3     
Module notech_mux4__195 
Detailed RTL Component Info : 
+---Muxes : 
	   2 Input      1 Bit        Muxes := 3     
Module notech_mux4__196 
Detailed RTL Component Info : 
+---Muxes : 
	   2 Input      1 Bit        Muxes := 3     
Module notech_mux4__197 
Detailed RTL Component Info : 
+---Muxes : 
	   2 Input      1 Bit        Muxes := 3     
Module notech_mux4__198 
Detailed RTL Component Info : 
+---Muxes : 
	   2 Input      1 Bit        Muxes := 3     
Module notech_mux4__199 
Detailed RTL Component Info : 
+---Muxes : 
	   2 Input      1 Bit        Muxes := 3     
Module notech_mux4__200 
Detailed RTL Component Info : 
+---Muxes : 
	   2 Input      1 Bit        Muxes := 3     
Module notech_mux4__201 
Detailed RTL Component Info : 
+---Muxes : 
	   2 Input      1 Bit        Muxes := 3     
Module notech_mux4__202 
Detailed RTL Component Info : 
+---Muxes : 
	   2 Input      1 Bit        Muxes := 3     
Module notech_mux4__203 
Detailed RTL Component Info : 
+---Muxes : 
	   2 Input      1 Bit        Muxes := 3     
Module notech_mux4__204 
Detailed RTL Component Info : 
+---Muxes : 
	   2 Input      1 Bit        Muxes := 3     
Module notech_mux4__205 
Detailed RTL Component Info : 
+---Muxes : 
	   2 Input      1 Bit        Muxes := 3     
Module notech_mux4__206 
Detailed RTL Component Info : 
+---Muxes : 
	   2 Input      1 Bit        Muxes := 3     
Module notech_mux4__207 
Detailed RTL Component Info : 
+---Muxes : 
	   2 Input      1 Bit        Muxes := 3     
Module notech_mux4__208 
Detailed RTL Component Info : 
+---Muxes : 
	   2 Input      1 Bit        Muxes := 3     
Module notech_mux4__209 
Detailed RTL Component Info : 
+---Muxes : 
	   2 Input      1 Bit        Muxes := 3     
Module notech_mux4__210 
Detailed RTL Component Info : 
+---Muxes : 
	   2 Input      1 Bit        Muxes := 3     
Module notech_mux4__211 
Detailed RTL Component Info : 
+---Muxes : 
	   2 Input      1 Bit        Muxes := 3     
Module notech_mux4__212 
Detailed RTL Component Info : 
+---Muxes : 
	   2 Input      1 Bit        Muxes := 3     
Module notech_mux4__213 
Detailed RTL Component Info : 
+---Muxes : 
	   2 Input      1 Bit        Muxes := 3     
Module notech_mux4__214 
Detailed RTL Component Info : 
+---Muxes : 
	   2 Input      1 Bit        Muxes := 3     
Module notech_mux4__215 
Detailed RTL Component Info : 
+---Muxes : 
	   2 Input      1 Bit        Muxes := 3     
Module notech_mux4__216 
Detailed RTL Component Info : 
+---Muxes : 
	   2 Input      1 Bit        Muxes := 3     
Module notech_mux4__217 
Detailed RTL Component Info : 
+---Muxes : 
	   2 Input      1 Bit        Muxes := 3     
Module notech_mux4__218 
Detailed RTL Component Info : 
+---Muxes : 
	   2 Input      1 Bit        Muxes := 3     
Module notech_mux4__219 
Detailed RTL Component Info : 
+---Muxes : 
	   2 Input      1 Bit        Muxes := 3     
Module notech_mux4__220 
Detailed RTL Component Info : 
+---Muxes : 
	   2 Input      1 Bit        Muxes := 3     
Module notech_mux4__221 
Detailed RTL Component Info : 
+---Muxes : 
	   2 Input      1 Bit        Muxes := 3     
Module notech_mux4__222 
Detailed RTL Component Info : 
+---Muxes : 
	   2 Input      1 Bit        Muxes := 3     
Module notech_mux4__223 
Detailed RTL Component Info : 
+---Muxes : 
	   2 Input      1 Bit        Muxes := 3     
Module notech_mux4__224 
Detailed RTL Component Info : 
+---Muxes : 
	   2 Input      1 Bit        Muxes := 3     
Module notech_mux4__225 
Detailed RTL Component Info : 
+---Muxes : 
	   2 Input      1 Bit        Muxes := 3     
Module notech_mux4__226 
Detailed RTL Component Info : 
+---Muxes : 
	   2 Input      1 Bit        Muxes := 3     
Module notech_mux4__227 
Detailed RTL Component Info : 
+---Muxes : 
	   2 Input      1 Bit        Muxes := 3     
Module notech_mux4__228 
Detailed RTL Component Info : 
+---Muxes : 
	   2 Input      1 Bit        Muxes := 3     
Module notech_mux4__229 
Detailed RTL Component Info : 
+---Muxes : 
	   2 Input      1 Bit        Muxes := 3     
Module notech_mux4__230 
Detailed RTL Component Info : 
+---Muxes : 
	   2 Input      1 Bit        Muxes := 3     
Module notech_mux4__231 
Detailed RTL Component Info : 
+---Muxes : 
	   2 Input      1 Bit        Muxes := 3     
Module notech_mux4__232 
Detailed RTL Component Info : 
+---Muxes : 
	   2 Input      1 Bit        Muxes := 3     
Module notech_mux4__233 
Detailed RTL Component Info : 
+---Muxes : 
	   2 Input      1 Bit        Muxes := 3     
Module notech_mux4__234 
Detailed RTL Component Info : 
+---Muxes : 
	   2 Input      1 Bit        Muxes := 3     
Module notech_mux4__235 
Detailed RTL Component Info : 
+---Muxes : 
	   2 Input      1 Bit        Muxes := 3     
Module notech_mux4__236 
Detailed RTL Component Info : 
+---Muxes : 
	   2 Input      1 Bit        Muxes := 3     
Module notech_mux4__237 
Detailed RTL Component Info : 
+---Muxes : 
	   2 Input      1 Bit        Muxes := 3     
Module notech_mux4__238 
Detailed RTL Component Info : 
+---Muxes : 
	   2 Input      1 Bit        Muxes := 3     
Module notech_mux4__239 
Detailed RTL Component Info : 
+---Muxes : 
	   2 Input      1 Bit        Muxes := 3     
Module notech_mux4__240 
Detailed RTL Component Info : 
+---Muxes : 
	   2 Input      1 Bit        Muxes := 3     
Module notech_mux4__241 
Detailed RTL Component Info : 
+---Muxes : 
	   2 Input      1 Bit        Muxes := 3     
Module notech_mux4__242 
Detailed RTL Component Info : 
+---Muxes : 
	   2 Input      1 Bit        Muxes := 3     
Module notech_mux4__243 
Detailed RTL Component Info : 
+---Muxes : 
	   2 Input      1 Bit        Muxes := 3     
Module notech_mux4__244 
Detailed RTL Component Info : 
+---Muxes : 
	   2 Input      1 Bit        Muxes := 3     
Module notech_mux4__245 
Detailed RTL Component Info : 
+---Muxes : 
	   2 Input      1 Bit        Muxes := 3     
Module notech_mux4__246 
Detailed RTL Component Info : 
+---Muxes : 
	   2 Input      1 Bit        Muxes := 3     
Module notech_mux4__247 
Detailed RTL Component Info : 
+---Muxes : 
	   2 Input      1 Bit        Muxes := 3     
Module notech_mux4__248 
Detailed RTL Component Info : 
+---Muxes : 
	   2 Input      1 Bit        Muxes := 3     
Module notech_mux4__249 
Detailed RTL Component Info : 
+---Muxes : 
	   2 Input      1 Bit        Muxes := 3     
Module notech_mux4__250 
Detailed RTL Component Info : 
+---Muxes : 
	   2 Input      1 Bit        Muxes := 3     
Module notech_mux4__251 
Detailed RTL Component Info : 
+---Muxes : 
	   2 Input      1 Bit        Muxes := 3     
Module notech_mux4__252 
Detailed RTL Component Info : 
+---Muxes : 
	   2 Input      1 Bit        Muxes := 3     
Module notech_mux4__253 
Detailed RTL Component Info : 
+---Muxes : 
	   2 Input      1 Bit        Muxes := 3     
Module notech_mux4__254 
Detailed RTL Component Info : 
+---Muxes : 
	   2 Input      1 Bit        Muxes := 3     
Module notech_mux4__255 
Detailed RTL Component Info : 
+---Muxes : 
	   2 Input      1 Bit        Muxes := 3     
Module notech_mux4__256 
Detailed RTL Component Info : 
+---Muxes : 
	   2 Input      1 Bit        Muxes := 3     
Module notech_mux4__257 
Detailed RTL Component Info : 
+---Muxes : 
	   2 Input      1 Bit        Muxes := 3     
Module notech_mux4__258 
Detailed RTL Component Info : 
+---Muxes : 
	   2 Input      1 Bit        Muxes := 3     
Module notech_mux4__259 
Detailed RTL Component Info : 
+---Muxes : 
	   2 Input      1 Bit        Muxes := 3     
Module notech_mux4__260 
Detailed RTL Component Info : 
+---Muxes : 
	   2 Input      1 Bit        Muxes := 3     
Module notech_mux4__261 
Detailed RTL Component Info : 
+---Muxes : 
	   2 Input      1 Bit        Muxes := 3     
Module notech_mux4__262 
Detailed RTL Component Info : 
+---Muxes : 
	   2 Input      1 Bit        Muxes := 3     
Module notech_mux4__263 
Detailed RTL Component Info : 
+---Muxes : 
	   2 Input      1 Bit        Muxes := 3     
Module notech_mux4__264 
Detailed RTL Component Info : 
+---Muxes : 
	   2 Input      1 Bit        Muxes := 3     
Module notech_mux4__265 
Detailed RTL Component Info : 
+---Muxes : 
	   2 Input      1 Bit        Muxes := 3     
Module notech_mux4__266 
Detailed RTL Component Info : 
+---Muxes : 
	   2 Input      1 Bit        Muxes := 3     
Module notech_mux4__267 
Detailed RTL Component Info : 
+---Muxes : 
	   2 Input      1 Bit        Muxes := 3     
Module notech_mux4__268 
Detailed RTL Component Info : 
+---Muxes : 
	   2 Input      1 Bit        Muxes := 3     
Module notech_mux4__269 
Detailed RTL Component Info : 
+---Muxes : 
	   2 Input      1 Bit        Muxes := 3     
Module notech_mux4__270 
Detailed RTL Component Info : 
+---Muxes : 
	   2 Input      1 Bit        Muxes := 3     
Module notech_mux4__271 
Detailed RTL Component Info : 
+---Muxes : 
	   2 Input      1 Bit        Muxes := 3     
Module notech_mux4__272 
Detailed RTL Component Info : 
+---Muxes : 
	   2 Input      1 Bit        Muxes := 3     
Module notech_mux4__273 
Detailed RTL Component Info : 
+---Muxes : 
	   2 Input      1 Bit        Muxes := 3     
Module notech_mux4__274 
Detailed RTL Component Info : 
+---Muxes : 
	   2 Input      1 Bit        Muxes := 3     
Module notech_mux4__275 
Detailed RTL Component Info : 
+---Muxes : 
	   2 Input      1 Bit        Muxes := 3     
Module notech_mux4__276 
Detailed RTL Component Info : 
+---Muxes : 
	   2 Input      1 Bit        Muxes := 3     
Module notech_mux4__277 
Detailed RTL Component Info : 
+---Muxes : 
	   2 Input      1 Bit        Muxes := 3     
Module notech_mux4__278 
Detailed RTL Component Info : 
+---Muxes : 
	   2 Input      1 Bit        Muxes := 3     
Module notech_mux4__279 
Detailed RTL Component Info : 
+---Muxes : 
	   2 Input      1 Bit        Muxes := 3     
Module notech_mux4__280 
Detailed RTL Component Info : 
+---Muxes : 
	   2 Input      1 Bit        Muxes := 3     
Module notech_mux4__281 
Detailed RTL Component Info : 
+---Muxes : 
	   2 Input      1 Bit        Muxes := 3     
Module notech_mux4__282 
Detailed RTL Component Info : 
+---Muxes : 
	   2 Input      1 Bit        Muxes := 3     
Module notech_mux4__283 
Detailed RTL Component Info : 
+---Muxes : 
	   2 Input      1 Bit        Muxes := 3     
Module notech_mux4__284 
Detailed RTL Component Info : 
+---Muxes : 
	   2 Input      1 Bit        Muxes := 3     
Module notech_mux4__285 
Detailed RTL Component Info : 
+---Muxes : 
	   2 Input      1 Bit        Muxes := 3     
Module notech_mux4__286 
Detailed RTL Component Info : 
+---Muxes : 
	   2 Input      1 Bit        Muxes := 3     
Module notech_mux4__287 
Detailed RTL Component Info : 
+---Muxes : 
	   2 Input      1 Bit        Muxes := 3     
Module notech_mux4__288 
Detailed RTL Component Info : 
+---Muxes : 
	   2 Input      1 Bit        Muxes := 3     
Module notech_mux4__289 
Detailed RTL Component Info : 
+---Muxes : 
	   2 Input      1 Bit        Muxes := 3     
Module notech_mux4__290 
Detailed RTL Component Info : 
+---Muxes : 
	   2 Input      1 Bit        Muxes := 3     
Module notech_mux4__291 
Detailed RTL Component Info : 
+---Muxes : 
	   2 Input      1 Bit        Muxes := 3     
Module notech_mux4__292 
Detailed RTL Component Info : 
+---Muxes : 
	   2 Input      1 Bit        Muxes := 3     
Module notech_mux4__293 
Detailed RTL Component Info : 
+---Muxes : 
	   2 Input      1 Bit        Muxes := 3     
Module notech_mux4__294 
Detailed RTL Component Info : 
+---Muxes : 
	   2 Input      1 Bit        Muxes := 3     
Module notech_mux4__295 
Detailed RTL Component Info : 
+---Muxes : 
	   2 Input      1 Bit        Muxes := 3     
Module notech_mux4__296 
Detailed RTL Component Info : 
+---Muxes : 
	   2 Input      1 Bit        Muxes := 3     
Module notech_mux4__297 
Detailed RTL Component Info : 
+---Muxes : 
	   2 Input      1 Bit        Muxes := 3     
Module notech_mux4__298 
Detailed RTL Component Info : 
+---Muxes : 
	   2 Input      1 Bit        Muxes := 3     
Module notech_mux4__299 
Detailed RTL Component Info : 
+---Muxes : 
	   2 Input      1 Bit        Muxes := 3     
Module notech_mux4__300 
Detailed RTL Component Info : 
+---Muxes : 
	   2 Input      1 Bit        Muxes := 3     
Module notech_mux4__301 
Detailed RTL Component Info : 
+---Muxes : 
	   2 Input      1 Bit        Muxes := 3     
Module notech_mux4__302 
Detailed RTL Component Info : 
+---Muxes : 
	   2 Input      1 Bit        Muxes := 3     
Module notech_mux4__303 
Detailed RTL Component Info : 
+---Muxes : 
	   2 Input      1 Bit        Muxes := 3     
Module notech_mux4__304 
Detailed RTL Component Info : 
+---Muxes : 
	   2 Input      1 Bit        Muxes := 3     
Module notech_mux4__305 
Detailed RTL Component Info : 
+---Muxes : 
	   2 Input      1 Bit        Muxes := 3     
Module notech_mux4__306 
Detailed RTL Component Info : 
+---Muxes : 
	   2 Input      1 Bit        Muxes := 3     
Module notech_mux4__307 
Detailed RTL Component Info : 
+---Muxes : 
	   2 Input      1 Bit        Muxes := 3     
Module notech_mux4__308 
Detailed RTL Component Info : 
+---Muxes : 
	   2 Input      1 Bit        Muxes := 3     
Module notech_mux4__309 
Detailed RTL Component Info : 
+---Muxes : 
	   2 Input      1 Bit        Muxes := 3     
Module notech_mux4__310 
Detailed RTL Component Info : 
+---Muxes : 
	   2 Input      1 Bit        Muxes := 3     
Module notech_mux4__311 
Detailed RTL Component Info : 
+---Muxes : 
	   2 Input      1 Bit        Muxes := 3     
Module notech_mux4__312 
Detailed RTL Component Info : 
+---Muxes : 
	   2 Input      1 Bit        Muxes := 3     
Module notech_mux4__313 
Detailed RTL Component Info : 
+---Muxes : 
	   2 Input      1 Bit        Muxes := 3     
Module notech_mux4__314 
Detailed RTL Component Info : 
+---Muxes : 
	   2 Input      1 Bit        Muxes := 3     
Module notech_mux4__315 
Detailed RTL Component Info : 
+---Muxes : 
	   2 Input      1 Bit        Muxes := 3     
Module notech_mux4__316 
Detailed RTL Component Info : 
+---Muxes : 
	   2 Input      1 Bit        Muxes := 3     
Module notech_mux4__317 
Detailed RTL Component Info : 
+---Muxes : 
	   2 Input      1 Bit        Muxes := 3     
Module notech_mux4__318 
Detailed RTL Component Info : 
+---Muxes : 
	   2 Input      1 Bit        Muxes := 3     
Module notech_mux4__319 
Detailed RTL Component Info : 
+---Muxes : 
	   2 Input      1 Bit        Muxes := 3     
Module notech_mux4__320 
Detailed RTL Component Info : 
+---Muxes : 
	   2 Input      1 Bit        Muxes := 3     
Module notech_mux4__321 
Detailed RTL Component Info : 
+---Muxes : 
	   2 Input      1 Bit        Muxes := 3     
Module notech_mux4__322 
Detailed RTL Component Info : 
+---Muxes : 
	   2 Input      1 Bit        Muxes := 3     
Module notech_mux4__323 
Detailed RTL Component Info : 
+---Muxes : 
	   2 Input      1 Bit        Muxes := 3     
Module notech_mux4__324 
Detailed RTL Component Info : 
+---Muxes : 
	   2 Input      1 Bit        Muxes := 3     
Module notech_mux4__325 
Detailed RTL Component Info : 
+---Muxes : 
	   2 Input      1 Bit        Muxes := 3     
Module notech_mux4__326 
Detailed RTL Component Info : 
+---Muxes : 
	   2 Input      1 Bit        Muxes := 3     
Module notech_mux4__327 
Detailed RTL Component Info : 
+---Muxes : 
	   2 Input      1 Bit        Muxes := 3     
Module notech_mux4__328 
Detailed RTL Component Info : 
+---Muxes : 
	   2 Input      1 Bit        Muxes := 3     
Module notech_mux4__329 
Detailed RTL Component Info : 
+---Muxes : 
	   2 Input      1 Bit        Muxes := 3     
Module notech_mux4__330 
Detailed RTL Component Info : 
+---Muxes : 
	   2 Input      1 Bit        Muxes := 3     
Module notech_mux4__331 
Detailed RTL Component Info : 
+---Muxes : 
	   2 Input      1 Bit        Muxes := 3     
Module notech_mux4__332 
Detailed RTL Component Info : 
+---Muxes : 
	   2 Input      1 Bit        Muxes := 3     
Module notech_mux4__333 
Detailed RTL Component Info : 
+---Muxes : 
	   2 Input      1 Bit        Muxes := 3     
Module notech_mux4__334 
Detailed RTL Component Info : 
+---Muxes : 
	   2 Input      1 Bit        Muxes := 3     
Module notech_mux4__335 
Detailed RTL Component Info : 
+---Muxes : 
	   2 Input      1 Bit        Muxes := 3     
Module notech_mux4__336 
Detailed RTL Component Info : 
+---Muxes : 
	   2 Input      1 Bit        Muxes := 3     
Module notech_mux4__337 
Detailed RTL Component Info : 
+---Muxes : 
	   2 Input      1 Bit        Muxes := 3     
Module notech_mux4__338 
Detailed RTL Component Info : 
+---Muxes : 
	   2 Input      1 Bit        Muxes := 3     
Module notech_mux4__339 
Detailed RTL Component Info : 
+---Muxes : 
	   2 Input      1 Bit        Muxes := 3     
Module notech_mux4__340 
Detailed RTL Component Info : 
+---Muxes : 
	   2 Input      1 Bit        Muxes := 3     
Module notech_mux4__341 
Detailed RTL Component Info : 
+---Muxes : 
	   2 Input      1 Bit        Muxes := 3     
Module notech_mux4__342 
Detailed RTL Component Info : 
+---Muxes : 
	   2 Input      1 Bit        Muxes := 3     
Module notech_mux4__343 
Detailed RTL Component Info : 
+---Muxes : 
	   2 Input      1 Bit        Muxes := 3     
Module notech_mux4__344 
Detailed RTL Component Info : 
+---Muxes : 
	   2 Input      1 Bit        Muxes := 3     
Module notech_mux4__345 
Detailed RTL Component Info : 
+---Muxes : 
	   2 Input      1 Bit        Muxes := 3     
Module notech_mux4__346 
Detailed RTL Component Info : 
+---Muxes : 
	   2 Input      1 Bit        Muxes := 3     
Module notech_mux4__347 
Detailed RTL Component Info : 
+---Muxes : 
	   2 Input      1 Bit        Muxes := 3     
Module notech_mux4__348 
Detailed RTL Component Info : 
+---Muxes : 
	   2 Input      1 Bit        Muxes := 3     
Module notech_mux4__349 
Detailed RTL Component Info : 
+---Muxes : 
	   2 Input      1 Bit        Muxes := 3     
Module notech_mux4__350 
Detailed RTL Component Info : 
+---Muxes : 
	   2 Input      1 Bit        Muxes := 3     
Module notech_mux4__351 
Detailed RTL Component Info : 
+---Muxes : 
	   2 Input      1 Bit        Muxes := 3     
Module notech_mux4__352 
Detailed RTL Component Info : 
+---Muxes : 
	   2 Input      1 Bit        Muxes := 3     
Module notech_mux4__353 
Detailed RTL Component Info : 
+---Muxes : 
	   2 Input      1 Bit        Muxes := 3     
Module notech_mux4__354 
Detailed RTL Component Info : 
+---Muxes : 
	   2 Input      1 Bit        Muxes := 3     
Module notech_mux4__355 
Detailed RTL Component Info : 
+---Muxes : 
	   2 Input      1 Bit        Muxes := 3     
Module notech_mux4__356 
Detailed RTL Component Info : 
+---Muxes : 
	   2 Input      1 Bit        Muxes := 3     
Module notech_mux4__357 
Detailed RTL Component Info : 
+---Muxes : 
	   2 Input      1 Bit        Muxes := 3     
Module notech_mux4__358 
Detailed RTL Component Info : 
+---Muxes : 
	   2 Input      1 Bit        Muxes := 3     
Module notech_mux4__359 
Detailed RTL Component Info : 
+---Muxes : 
	   2 Input      1 Bit        Muxes := 3     
Module notech_mux4__360 
Detailed RTL Component Info : 
+---Muxes : 
	   2 Input      1 Bit        Muxes := 3     
Module notech_mux4__361 
Detailed RTL Component Info : 
+---Muxes : 
	   2 Input      1 Bit        Muxes := 3     
Module notech_mux4__362 
Detailed RTL Component Info : 
+---Muxes : 
	   2 Input      1 Bit        Muxes := 3     
Module notech_mux4__363 
Detailed RTL Component Info : 
+---Muxes : 
	   2 Input      1 Bit        Muxes := 3     
Module notech_mux4__364 
Detailed RTL Component Info : 
+---Muxes : 
	   2 Input      1 Bit        Muxes := 3     
Module notech_mux4__365 
Detailed RTL Component Info : 
+---Muxes : 
	   2 Input      1 Bit        Muxes := 3     
Module notech_mux4__366 
Detailed RTL Component Info : 
+---Muxes : 
	   2 Input      1 Bit        Muxes := 3     
Module notech_mux4__367 
Detailed RTL Component Info : 
+---Muxes : 
	   2 Input      1 Bit        Muxes := 3     
Module notech_mux4__368 
Detailed RTL Component Info : 
+---Muxes : 
	   2 Input      1 Bit        Muxes := 3     
Module notech_mux4__369 
Detailed RTL Component Info : 
+---Muxes : 
	   2 Input      1 Bit        Muxes := 3     
Module notech_mux4__370 
Detailed RTL Component Info : 
+---Muxes : 
	   2 Input      1 Bit        Muxes := 3     
Module notech_mux4__371 
Detailed RTL Component Info : 
+---Muxes : 
	   2 Input      1 Bit        Muxes := 3     
Module notech_mux4__372 
Detailed RTL Component Info : 
+---Muxes : 
	   2 Input      1 Bit        Muxes := 3     
Module notech_mux4__373 
Detailed RTL Component Info : 
+---Muxes : 
	   2 Input      1 Bit        Muxes := 3     
Module notech_mux4__374 
Detailed RTL Component Info : 
+---Muxes : 
	   2 Input      1 Bit        Muxes := 3     
Module notech_mux4__375 
Detailed RTL Component Info : 
+---Muxes : 
	   2 Input      1 Bit        Muxes := 3     
Module notech_mux4__376 
Detailed RTL Component Info : 
+---Muxes : 
	   2 Input      1 Bit        Muxes := 3     
Module notech_mux4__377 
Detailed RTL Component Info : 
+---Muxes : 
	   2 Input      1 Bit        Muxes := 3     
Module notech_mux4__378 
Detailed RTL Component Info : 
+---Muxes : 
	   2 Input      1 Bit        Muxes := 3     
Module notech_mux4__379 
Detailed RTL Component Info : 
+---Muxes : 
	   2 Input      1 Bit        Muxes := 3     
Module notech_mux4__380 
Detailed RTL Component Info : 
+---Muxes : 
	   2 Input      1 Bit        Muxes := 3     
Module notech_mux4__381 
Detailed RTL Component Info : 
+---Muxes : 
	   2 Input      1 Bit        Muxes := 3     
Module notech_mux4__382 
Detailed RTL Component Info : 
+---Muxes : 
	   2 Input      1 Bit        Muxes := 3     
Module notech_mux4__383 
Detailed RTL Component Info : 
+---Muxes : 
	   2 Input      1 Bit        Muxes := 3     
Module notech_mux4__384 
Detailed RTL Component Info : 
+---Muxes : 
	   2 Input      1 Bit        Muxes := 3     
Module notech_mux4__385 
Detailed RTL Component Info : 
+---Muxes : 
	   2 Input      1 Bit        Muxes := 3     
Module notech_mux4__386 
Detailed RTL Component Info : 
+---Muxes : 
	   2 Input      1 Bit        Muxes := 3     
Module notech_mux4__387 
Detailed RTL Component Info : 
+---Muxes : 
	   2 Input      1 Bit        Muxes := 3     
Module notech_mux4__388 
Detailed RTL Component Info : 
+---Muxes : 
	   2 Input      1 Bit        Muxes := 3     
Module notech_mux4__389 
Detailed RTL Component Info : 
+---Muxes : 
	   2 Input      1 Bit        Muxes := 3     
Module notech_mux4__390 
Detailed RTL Component Info : 
+---Muxes : 
	   2 Input      1 Bit        Muxes := 3     
Module notech_mux4__391 
Detailed RTL Component Info : 
+---Muxes : 
	   2 Input      1 Bit        Muxes := 3     
Module notech_mux4__392 
Detailed RTL Component Info : 
+---Muxes : 
	   2 Input      1 Bit        Muxes := 3     
Module notech_mux4__393 
Detailed RTL Component Info : 
+---Muxes : 
	   2 Input      1 Bit        Muxes := 3     
Module notech_mux4__394 
Detailed RTL Component Info : 
+---Muxes : 
	   2 Input      1 Bit        Muxes := 3     
Module notech_mux4__395 
Detailed RTL Component Info : 
+---Muxes : 
	   2 Input      1 Bit        Muxes := 3     
Module notech_mux4__396 
Detailed RTL Component Info : 
+---Muxes : 
	   2 Input      1 Bit        Muxes := 3     
Module notech_mux4__397 
Detailed RTL Component Info : 
+---Muxes : 
	   2 Input      1 Bit        Muxes := 3     
Module notech_mux4__398 
Detailed RTL Component Info : 
+---Muxes : 
	   2 Input      1 Bit        Muxes := 3     
Module notech_mux4 
Detailed RTL Component Info : 
+---Muxes : 
	   2 Input      1 Bit        Muxes := 3     
Module notech_reg__708 
Detailed RTL Component Info : 
+---Registers : 
	                1 Bit    Registers := 1     
Module notech_reg__709 
Detailed RTL Component Info : 
+---Registers : 
	                1 Bit    Registers := 1     
Module notech_reg__710 
Detailed RTL Component Info : 
+---Registers : 
	                1 Bit    Registers := 1     
Module notech_reg__711 
Detailed RTL Component Info : 
+---Registers : 
	                1 Bit    Registers := 1     
Module notech_reg__712 
Detailed RTL Component Info : 
+---Registers : 
	                1 Bit    Registers := 1     
Module notech_reg__713 
Detailed RTL Component Info : 
+---Registers : 
	                1 Bit    Registers := 1     
Module notech_reg__714 
Detailed RTL Component Info : 
+---Registers : 
	                1 Bit    Registers := 1     
Module notech_reg__715 
Detailed RTL Component Info : 
+---Registers : 
	                1 Bit    Registers := 1     
Module notech_reg__716 
Detailed RTL Component Info : 
+---Registers : 
	                1 Bit    Registers := 1     
Module notech_reg__717 
Detailed RTL Component Info : 
+---Registers : 
	                1 Bit    Registers := 1     
Module notech_reg__718 
Detailed RTL Component Info : 
+---Registers : 
	                1 Bit    Registers := 1     
Module notech_reg__719 
Detailed RTL Component Info : 
+---Registers : 
	                1 Bit    Registers := 1     
Module notech_reg__720 
Detailed RTL Component Info : 
+---Registers : 
	                1 Bit    Registers := 1     
Module notech_reg__721 
Detailed RTL Component Info : 
+---Registers : 
	                1 Bit    Registers := 1     
Module notech_reg__722 
Detailed RTL Component Info : 
+---Registers : 
	                1 Bit    Registers := 1     
Module notech_reg__723 
Detailed RTL Component Info : 
+---Registers : 
	                1 Bit    Registers := 1     
Module notech_reg__724 
Detailed RTL Component Info : 
+---Registers : 
	                1 Bit    Registers := 1     
Module notech_reg__725 
Detailed RTL Component Info : 
+---Registers : 
	                1 Bit    Registers := 1     
Module notech_reg__726 
Detailed RTL Component Info : 
+---Registers : 
	                1 Bit    Registers := 1     
Module notech_reg__727 
Detailed RTL Component Info : 
+---Registers : 
	                1 Bit    Registers := 1     
Module notech_reg__728 
Detailed RTL Component Info : 
+---Registers : 
	                1 Bit    Registers := 1     
Module notech_reg__729 
Detailed RTL Component Info : 
+---Registers : 
	                1 Bit    Registers := 1     
Module notech_reg__730 
Detailed RTL Component Info : 
+---Registers : 
	                1 Bit    Registers := 1     
Module notech_reg__731 
Detailed RTL Component Info : 
+---Registers : 
	                1 Bit    Registers := 1     
Module notech_reg__732 
Detailed RTL Component Info : 
+---Registers : 
	                1 Bit    Registers := 1     
Module notech_reg__733 
Detailed RTL Component Info : 
+---Registers : 
	                1 Bit    Registers := 1     
Module notech_reg__734 
Detailed RTL Component Info : 
+---Registers : 
	                1 Bit    Registers := 1     
Module notech_reg__735 
Detailed RTL Component Info : 
+---Registers : 
	                1 Bit    Registers := 1     
Module notech_reg__736 
Detailed RTL Component Info : 
+---Registers : 
	                1 Bit    Registers := 1     
Module notech_reg__737 
Detailed RTL Component Info : 
+---Registers : 
	                1 Bit    Registers := 1     
Module notech_reg__738 
Detailed RTL Component Info : 
+---Registers : 
	                1 Bit    Registers := 1     
Module notech_reg__739 
Detailed RTL Component Info : 
+---Registers : 
	                1 Bit    Registers := 1     
Module notech_reg__740 
Detailed RTL Component Info : 
+---Registers : 
	                1 Bit    Registers := 1     
Module notech_reg__741 
Detailed RTL Component Info : 
+---Registers : 
	                1 Bit    Registers := 1     
Module notech_reg__742 
Detailed RTL Component Info : 
+---Registers : 
	                1 Bit    Registers := 1     
Module notech_reg__743 
Detailed RTL Component Info : 
+---Registers : 
	                1 Bit    Registers := 1     
Module notech_reg__744 
Detailed RTL Component Info : 
+---Registers : 
	                1 Bit    Registers := 1     
Module notech_reg__745 
Detailed RTL Component Info : 
+---Registers : 
	                1 Bit    Registers := 1     
Module notech_reg__746 
Detailed RTL Component Info : 
+---Registers : 
	                1 Bit    Registers := 1     
Module notech_reg__747 
Detailed RTL Component Info : 
+---Registers : 
	                1 Bit    Registers := 1     
Module notech_reg__748 
Detailed RTL Component Info : 
+---Registers : 
	                1 Bit    Registers := 1     
Module notech_reg__749 
Detailed RTL Component Info : 
+---Registers : 
	                1 Bit    Registers := 1     
Module notech_reg__750 
Detailed RTL Component Info : 
+---Registers : 
	                1 Bit    Registers := 1     
Module notech_reg__751 
Detailed RTL Component Info : 
+---Registers : 
	                1 Bit    Registers := 1     
Module notech_reg__752 
Detailed RTL Component Info : 
+---Registers : 
	                1 Bit    Registers := 1     
Module notech_reg__753 
Detailed RTL Component Info : 
+---Registers : 
	                1 Bit    Registers := 1     
Module notech_reg__754 
Detailed RTL Component Info : 
+---Registers : 
	                1 Bit    Registers := 1     
Module notech_reg__755 
Detailed RTL Component Info : 
+---Registers : 
	                1 Bit    Registers := 1     
Module notech_reg__756 
Detailed RTL Component Info : 
+---Registers : 
	                1 Bit    Registers := 1     
Module notech_reg__757 
Detailed RTL Component Info : 
+---Registers : 
	                1 Bit    Registers := 1     
Module notech_reg__758 
Detailed RTL Component Info : 
+---Registers : 
	                1 Bit    Registers := 1     
Module notech_reg__759 
Detailed RTL Component Info : 
+---Registers : 
	                1 Bit    Registers := 1     
Module notech_reg__760 
Detailed RTL Component Info : 
+---Registers : 
	                1 Bit    Registers := 1     
Module notech_reg__761 
Detailed RTL Component Info : 
+---Registers : 
	                1 Bit    Registers := 1     
Module notech_reg__762 
Detailed RTL Component Info : 
+---Registers : 
	                1 Bit    Registers := 1     
Module notech_reg__763 
Detailed RTL Component Info : 
+---Registers : 
	                1 Bit    Registers := 1     
Module notech_reg__764 
Detailed RTL Component Info : 
+---Registers : 
	                1 Bit    Registers := 1     
Module notech_reg__765 
Detailed RTL Component Info : 
+---Registers : 
	                1 Bit    Registers := 1     
Module notech_reg__766 
Detailed RTL Component Info : 
+---Registers : 
	                1 Bit    Registers := 1     
Module notech_reg__767 
Detailed RTL Component Info : 
+---Registers : 
	                1 Bit    Registers := 1     
Module notech_reg__768 
Detailed RTL Component Info : 
+---Registers : 
	                1 Bit    Registers := 1     
Module notech_reg__769 
Detailed RTL Component Info : 
+---Registers : 
	                1 Bit    Registers := 1     
Module notech_reg__770 
Detailed RTL Component Info : 
+---Registers : 
	                1 Bit    Registers := 1     
Module notech_reg__771 
Detailed RTL Component Info : 
+---Registers : 
	                1 Bit    Registers := 1     
Module notech_reg__772 
Detailed RTL Component Info : 
+---Registers : 
	                1 Bit    Registers := 1     
Module notech_reg__773 
Detailed RTL Component Info : 
+---Registers : 
	                1 Bit    Registers := 1     
Module notech_reg__774 
Detailed RTL Component Info : 
+---Registers : 
	                1 Bit    Registers := 1     
Module notech_reg__775 
Detailed RTL Component Info : 
+---Registers : 
	                1 Bit    Registers := 1     
Module notech_reg__776 
Detailed RTL Component Info : 
+---Registers : 
	                1 Bit    Registers := 1     
Module notech_reg__777 
Detailed RTL Component Info : 
+---Registers : 
	                1 Bit    Registers := 1     
Module notech_reg__778 
Detailed RTL Component Info : 
+---Registers : 
	                1 Bit    Registers := 1     
Module notech_reg__779 
Detailed RTL Component Info : 
+---Registers : 
	                1 Bit    Registers := 1     
Module notech_reg__780 
Detailed RTL Component Info : 
+---Registers : 
	                1 Bit    Registers := 1     
Module notech_reg__781 
Detailed RTL Component Info : 
+---Registers : 
	                1 Bit    Registers := 1     
Module notech_reg__782 
Detailed RTL Component Info : 
+---Registers : 
	                1 Bit    Registers := 1     
Module notech_reg__783 
Detailed RTL Component Info : 
+---Registers : 
	                1 Bit    Registers := 1     
Module notech_reg__784 
Detailed RTL Component Info : 
+---Registers : 
	                1 Bit    Registers := 1     
Module notech_reg__785 
Detailed RTL Component Info : 
+---Registers : 
	                1 Bit    Registers := 1     
Module notech_reg__786 
Detailed RTL Component Info : 
+---Registers : 
	                1 Bit    Registers := 1     
Module notech_reg__787 
Detailed RTL Component Info : 
+---Registers : 
	                1 Bit    Registers := 1     
Module notech_reg__788 
Detailed RTL Component Info : 
+---Registers : 
	                1 Bit    Registers := 1     
Module notech_reg__789 
Detailed RTL Component Info : 
+---Registers : 
	                1 Bit    Registers := 1     
Module notech_reg__790 
Detailed RTL Component Info : 
+---Registers : 
	                1 Bit    Registers := 1     
Module notech_reg__791 
Detailed RTL Component Info : 
+---Registers : 
	                1 Bit    Registers := 1     
Module notech_reg__792 
Detailed RTL Component Info : 
+---Registers : 
	                1 Bit    Registers := 1     
Module notech_reg__793 
Detailed RTL Component Info : 
+---Registers : 
	                1 Bit    Registers := 1     
Module notech_reg__794 
Detailed RTL Component Info : 
+---Registers : 
	                1 Bit    Registers := 1     
Module notech_reg__795 
Detailed RTL Component Info : 
+---Registers : 
	                1 Bit    Registers := 1     
Module notech_reg__796 
Detailed RTL Component Info : 
+---Registers : 
	                1 Bit    Registers := 1     
Module notech_reg__797 
Detailed RTL Component Info : 
+---Registers : 
	                1 Bit    Registers := 1     
Module notech_reg__798 
Detailed RTL Component Info : 
+---Registers : 
	                1 Bit    Registers := 1     
Module notech_reg__799 
Detailed RTL Component Info : 
+---Registers : 
	                1 Bit    Registers := 1     
Module notech_reg__800 
Detailed RTL Component Info : 
+---Registers : 
	                1 Bit    Registers := 1     
Module notech_reg__801 
Detailed RTL Component Info : 
+---Registers : 
	                1 Bit    Registers := 1     
Module notech_reg__802 
Detailed RTL Component Info : 
+---Registers : 
	                1 Bit    Registers := 1     
Module notech_reg__803 
Detailed RTL Component Info : 
+---Registers : 
	                1 Bit    Registers := 1     
Module notech_reg__804 
Detailed RTL Component Info : 
+---Registers : 
	                1 Bit    Registers := 1     
Module notech_reg__805 
Detailed RTL Component Info : 
+---Registers : 
	                1 Bit    Registers := 1     
Module notech_reg__806 
Detailed RTL Component Info : 
+---Registers : 
	                1 Bit    Registers := 1     
Module notech_reg__807 
Detailed RTL Component Info : 
+---Registers : 
	                1 Bit    Registers := 1     
Module notech_reg__808 
Detailed RTL Component Info : 
+---Registers : 
	                1 Bit    Registers := 1     
Module notech_reg__809 
Detailed RTL Component Info : 
+---Registers : 
	                1 Bit    Registers := 1     
Module notech_reg__810 
Detailed RTL Component Info : 
+---Registers : 
	                1 Bit    Registers := 1     
Module notech_reg__811 
Detailed RTL Component Info : 
+---Registers : 
	                1 Bit    Registers := 1     
Module notech_reg__812 
Detailed RTL Component Info : 
+---Registers : 
	                1 Bit    Registers := 1     
Module notech_reg__813 
Detailed RTL Component Info : 
+---Registers : 
	                1 Bit    Registers := 1     
Module notech_reg__814 
Detailed RTL Component Info : 
+---Registers : 
	                1 Bit    Registers := 1     
Module notech_reg__815 
Detailed RTL Component Info : 
+---Registers : 
	                1 Bit    Registers := 1     
Module notech_reg__816 
Detailed RTL Component Info : 
+---Registers : 
	                1 Bit    Registers := 1     
Module notech_reg__817 
Detailed RTL Component Info : 
+---Registers : 
	                1 Bit    Registers := 1     
Module notech_reg__818 
Detailed RTL Component Info : 
+---Registers : 
	                1 Bit    Registers := 1     
Module notech_reg__819 
Detailed RTL Component Info : 
+---Registers : 
	                1 Bit    Registers := 1     
Module notech_reg__820 
Detailed RTL Component Info : 
+---Registers : 
	                1 Bit    Registers := 1     
Module notech_reg__821 
Detailed RTL Component Info : 
+---Registers : 
	                1 Bit    Registers := 1     
Module notech_reg__822 
Detailed RTL Component Info : 
+---Registers : 
	                1 Bit    Registers := 1     
Module notech_reg__823 
Detailed RTL Component Info : 
+---Registers : 
	                1 Bit    Registers := 1     
Module notech_reg__824 
Detailed RTL Component Info : 
+---Registers : 
	                1 Bit    Registers := 1     
Module notech_reg__825 
Detailed RTL Component Info : 
+---Registers : 
	                1 Bit    Registers := 1     
Module notech_reg__826 
Detailed RTL Component Info : 
+---Registers : 
	                1 Bit    Registers := 1     
Module notech_reg__827 
Detailed RTL Component Info : 
+---Registers : 
	                1 Bit    Registers := 1     
Module notech_reg__828 
Detailed RTL Component Info : 
+---Registers : 
	                1 Bit    Registers := 1     
Module notech_reg__829 
Detailed RTL Component Info : 
+---Registers : 
	                1 Bit    Registers := 1     
Module notech_reg__830 
Detailed RTL Component Info : 
+---Registers : 
	                1 Bit    Registers := 1     
Module notech_reg__831 
Detailed RTL Component Info : 
+---Registers : 
	                1 Bit    Registers := 1     
Module notech_reg__832 
Detailed RTL Component Info : 
+---Registers : 
	                1 Bit    Registers := 1     
Module notech_reg__833 
Detailed RTL Component Info : 
+---Registers : 
	                1 Bit    Registers := 1     
Module notech_reg__834 
Detailed RTL Component Info : 
+---Registers : 
	                1 Bit    Registers := 1     
Module notech_reg__835 
Detailed RTL Component Info : 
+---Registers : 
	                1 Bit    Registers := 1     
Module notech_reg__836 
Detailed RTL Component Info : 
+---Registers : 
	                1 Bit    Registers := 1     
Module notech_reg__837 
Detailed RTL Component Info : 
+---Registers : 
	                1 Bit    Registers := 1     
Module notech_reg__838 
Detailed RTL Component Info : 
+---Registers : 
	                1 Bit    Registers := 1     
Module notech_reg__839 
Detailed RTL Component Info : 
+---Registers : 
	                1 Bit    Registers := 1     
Module notech_reg__840 
Detailed RTL Component Info : 
+---Registers : 
	                1 Bit    Registers := 1     
Module notech_reg__841 
Detailed RTL Component Info : 
+---Registers : 
	                1 Bit    Registers := 1     
Module notech_reg__842 
Detailed RTL Component Info : 
+---Registers : 
	                1 Bit    Registers := 1     
Module notech_reg__843 
Detailed RTL Component Info : 
+---Registers : 
	                1 Bit    Registers := 1     
Module notech_reg__844 
Detailed RTL Component Info : 
+---Registers : 
	                1 Bit    Registers := 1     
Module notech_reg__845 
Detailed RTL Component Info : 
+---Registers : 
	                1 Bit    Registers := 1     
Module notech_reg__846 
Detailed RTL Component Info : 
+---Registers : 
	                1 Bit    Registers := 1     
Module notech_reg__847 
Detailed RTL Component Info : 
+---Registers : 
	                1 Bit    Registers := 1     
Module notech_reg__848 
Detailed RTL Component Info : 
+---Registers : 
	                1 Bit    Registers := 1     
Module notech_reg__849 
Detailed RTL Component Info : 
+---Registers : 
	                1 Bit    Registers := 1     
Module notech_reg__850 
Detailed RTL Component Info : 
+---Registers : 
	                1 Bit    Registers := 1     
Module notech_reg__851 
Detailed RTL Component Info : 
+---Registers : 
	                1 Bit    Registers := 1     
Module notech_reg__852 
Detailed RTL Component Info : 
+---Registers : 
	                1 Bit    Registers := 1     
Module notech_reg__853 
Detailed RTL Component Info : 
+---Registers : 
	                1 Bit    Registers := 1     
Module notech_reg__854 
Detailed RTL Component Info : 
+---Registers : 
	                1 Bit    Registers := 1     
Module notech_reg__855 
Detailed RTL Component Info : 
+---Registers : 
	                1 Bit    Registers := 1     
Module notech_reg__856 
Detailed RTL Component Info : 
+---Registers : 
	                1 Bit    Registers := 1     
Module notech_reg__857 
Detailed RTL Component Info : 
+---Registers : 
	                1 Bit    Registers := 1     
Module notech_reg__858 
Detailed RTL Component Info : 
+---Registers : 
	                1 Bit    Registers := 1     
Module notech_reg__859 
Detailed RTL Component Info : 
+---Registers : 
	                1 Bit    Registers := 1     
Module notech_reg__860 
Detailed RTL Component Info : 
+---Registers : 
	                1 Bit    Registers := 1     
Module notech_reg__861 
Detailed RTL Component Info : 
+---Registers : 
	                1 Bit    Registers := 1     
Module notech_reg__862 
Detailed RTL Component Info : 
+---Registers : 
	                1 Bit    Registers := 1     
Module notech_reg__863 
Detailed RTL Component Info : 
+---Registers : 
	                1 Bit    Registers := 1     
Module notech_reg__864 
Detailed RTL Component Info : 
+---Registers : 
	                1 Bit    Registers := 1     
Module notech_reg__865 
Detailed RTL Component Info : 
+---Registers : 
	                1 Bit    Registers := 1     
Module notech_reg__866 
Detailed RTL Component Info : 
+---Registers : 
	                1 Bit    Registers := 1     
Module notech_reg__867 
Detailed RTL Component Info : 
+---Registers : 
	                1 Bit    Registers := 1     
Module notech_reg__868 
Detailed RTL Component Info : 
+---Registers : 
	                1 Bit    Registers := 1     
Module notech_reg__869 
Detailed RTL Component Info : 
+---Registers : 
	                1 Bit    Registers := 1     
Module notech_reg__870 
Detailed RTL Component Info : 
+---Registers : 
	                1 Bit    Registers := 1     
Module notech_reg__871 
Detailed RTL Component Info : 
+---Registers : 
	                1 Bit    Registers := 1     
Module notech_reg__872 
Detailed RTL Component Info : 
+---Registers : 
	                1 Bit    Registers := 1     
Module notech_reg__873 
Detailed RTL Component Info : 
+---Registers : 
	                1 Bit    Registers := 1     
Module notech_reg__874 
Detailed RTL Component Info : 
+---Registers : 
	                1 Bit    Registers := 1     
Module notech_reg__875 
Detailed RTL Component Info : 
+---Registers : 
	                1 Bit    Registers := 1     
Module notech_reg__876 
Detailed RTL Component Info : 
+---Registers : 
	                1 Bit    Registers := 1     
Module notech_reg__877 
Detailed RTL Component Info : 
+---Registers : 
	                1 Bit    Registers := 1     
Module notech_reg__878 
Detailed RTL Component Info : 
+---Registers : 
	                1 Bit    Registers := 1     
Module notech_reg__879 
Detailed RTL Component Info : 
+---Registers : 
	                1 Bit    Registers := 1     
Module notech_reg__880 
Detailed RTL Component Info : 
+---Registers : 
	                1 Bit    Registers := 1     
Module notech_reg__881 
Detailed RTL Component Info : 
+---Registers : 
	                1 Bit    Registers := 1     
Module notech_reg__882 
Detailed RTL Component Info : 
+---Registers : 
	                1 Bit    Registers := 1     
Module notech_reg__883 
Detailed RTL Component Info : 
+---Registers : 
	                1 Bit    Registers := 1     
Module notech_reg__884 
Detailed RTL Component Info : 
+---Registers : 
	                1 Bit    Registers := 1     
Module notech_reg__885 
Detailed RTL Component Info : 
+---Registers : 
	                1 Bit    Registers := 1     
Module notech_reg__886 
Detailed RTL Component Info : 
+---Registers : 
	                1 Bit    Registers := 1     
Module notech_reg__887 
Detailed RTL Component Info : 
+---Registers : 
	                1 Bit    Registers := 1     
Module notech_reg__888 
Detailed RTL Component Info : 
+---Registers : 
	                1 Bit    Registers := 1     
Module notech_reg__889 
Detailed RTL Component Info : 
+---Registers : 
	                1 Bit    Registers := 1     
Module notech_reg__890 
Detailed RTL Component Info : 
+---Registers : 
	                1 Bit    Registers := 1     
Module notech_reg__891 
Detailed RTL Component Info : 
+---Registers : 
	                1 Bit    Registers := 1     
Module notech_reg__892 
Detailed RTL Component Info : 
+---Registers : 
	                1 Bit    Registers := 1     
Module notech_reg__893 
Detailed RTL Component Info : 
+---Registers : 
	                1 Bit    Registers := 1     
Module notech_reg__894 
Detailed RTL Component Info : 
+---Registers : 
	                1 Bit    Registers := 1     
Module notech_reg__895 
Detailed RTL Component Info : 
+---Registers : 
	                1 Bit    Registers := 1     
Module notech_reg__896 
Detailed RTL Component Info : 
+---Registers : 
	                1 Bit    Registers := 1     
Module notech_reg__897 
Detailed RTL Component Info : 
+---Registers : 
	                1 Bit    Registers := 1     
Module notech_reg__898 
Detailed RTL Component Info : 
+---Registers : 
	                1 Bit    Registers := 1     
Module notech_reg__899 
Detailed RTL Component Info : 
+---Registers : 
	                1 Bit    Registers := 1     
Module notech_reg__900 
Detailed RTL Component Info : 
+---Registers : 
	                1 Bit    Registers := 1     
Module notech_reg__901 
Detailed RTL Component Info : 
+---Registers : 
	                1 Bit    Registers := 1     
Module notech_reg__902 
Detailed RTL Component Info : 
+---Registers : 
	                1 Bit    Registers := 1     
Module notech_reg__903 
Detailed RTL Component Info : 
+---Registers : 
	                1 Bit    Registers := 1     
Module notech_reg__904 
Detailed RTL Component Info : 
+---Registers : 
	                1 Bit    Registers := 1     
Module notech_reg__905 
Detailed RTL Component Info : 
+---Registers : 
	                1 Bit    Registers := 1     
Module notech_reg__906 
Detailed RTL Component Info : 
+---Registers : 
	                1 Bit    Registers := 1     
Module notech_reg__907 
Detailed RTL Component Info : 
+---Registers : 
	                1 Bit    Registers := 1     
Module notech_reg__908 
Detailed RTL Component Info : 
+---Registers : 
	                1 Bit    Registers := 1     
Module notech_reg__909 
Detailed RTL Component Info : 
+---Registers : 
	                1 Bit    Registers := 1     
Module notech_reg__910 
Detailed RTL Component Info : 
+---Registers : 
	                1 Bit    Registers := 1     
Module notech_reg__911 
Detailed RTL Component Info : 
+---Registers : 
	                1 Bit    Registers := 1     
Module notech_reg__912 
Detailed RTL Component Info : 
+---Registers : 
	                1 Bit    Registers := 1     
Module notech_reg__913 
Detailed RTL Component Info : 
+---Registers : 
	                1 Bit    Registers := 1     
Module notech_reg__914 
Detailed RTL Component Info : 
+---Registers : 
	                1 Bit    Registers := 1     
Module notech_reg__915 
Detailed RTL Component Info : 
+---Registers : 
	                1 Bit    Registers := 1     
Module notech_reg__916 
Detailed RTL Component Info : 
+---Registers : 
	                1 Bit    Registers := 1     
Module notech_reg__917 
Detailed RTL Component Info : 
+---Registers : 
	                1 Bit    Registers := 1     
Module notech_reg__918 
Detailed RTL Component Info : 
+---Registers : 
	                1 Bit    Registers := 1     
Module notech_reg__919 
Detailed RTL Component Info : 
+---Registers : 
	                1 Bit    Registers := 1     
Module notech_reg__920 
Detailed RTL Component Info : 
+---Registers : 
	                1 Bit    Registers := 1     
Module notech_reg__921 
Detailed RTL Component Info : 
+---Registers : 
	                1 Bit    Registers := 1     
Module notech_reg__922 
Detailed RTL Component Info : 
+---Registers : 
	                1 Bit    Registers := 1     
Module notech_reg__923 
Detailed RTL Component Info : 
+---Registers : 
	                1 Bit    Registers := 1     
Module notech_reg__924 
Detailed RTL Component Info : 
+---Registers : 
	                1 Bit    Registers := 1     
Module notech_reg__925 
Detailed RTL Component Info : 
+---Registers : 
	                1 Bit    Registers := 1     
Module notech_reg__926 
Detailed RTL Component Info : 
+---Registers : 
	                1 Bit    Registers := 1     
Module notech_reg__927 
Detailed RTL Component Info : 
+---Registers : 
	                1 Bit    Registers := 1     
Module notech_reg__928 
Detailed RTL Component Info : 
+---Registers : 
	                1 Bit    Registers := 1     
Module notech_reg__929 
Detailed RTL Component Info : 
+---Registers : 
	                1 Bit    Registers := 1     
Module notech_reg__930 
Detailed RTL Component Info : 
+---Registers : 
	                1 Bit    Registers := 1     
Module notech_reg__931 
Detailed RTL Component Info : 
+---Registers : 
	                1 Bit    Registers := 1     
Module notech_reg__932 
Detailed RTL Component Info : 
+---Registers : 
	                1 Bit    Registers := 1     
Module notech_reg__933 
Detailed RTL Component Info : 
+---Registers : 
	                1 Bit    Registers := 1     
Module notech_reg__934 
Detailed RTL Component Info : 
+---Registers : 
	                1 Bit    Registers := 1     
Module notech_reg__935 
Detailed RTL Component Info : 
+---Registers : 
	                1 Bit    Registers := 1     
Module notech_reg__936 
Detailed RTL Component Info : 
+---Registers : 
	                1 Bit    Registers := 1     
Module notech_reg__937 
Detailed RTL Component Info : 
+---Registers : 
	                1 Bit    Registers := 1     
Module notech_reg__938 
Detailed RTL Component Info : 
+---Registers : 
	                1 Bit    Registers := 1     
Module notech_reg__939 
Detailed RTL Component Info : 
+---Registers : 
	                1 Bit    Registers := 1     
Module notech_reg__940 
Detailed RTL Component Info : 
+---Registers : 
	                1 Bit    Registers := 1     
Module notech_reg__941 
Detailed RTL Component Info : 
+---Registers : 
	                1 Bit    Registers := 1     
Module notech_reg__942 
Detailed RTL Component Info : 
+---Registers : 
	                1 Bit    Registers := 1     
Module notech_reg__943 
Detailed RTL Component Info : 
+---Registers : 
	                1 Bit    Registers := 1     
Module notech_reg__944 
Detailed RTL Component Info : 
+---Registers : 
	                1 Bit    Registers := 1     
Module notech_reg__945 
Detailed RTL Component Info : 
+---Registers : 
	                1 Bit    Registers := 1     
Module notech_reg__946 
Detailed RTL Component Info : 
+---Registers : 
	                1 Bit    Registers := 1     
Module notech_reg__947 
Detailed RTL Component Info : 
+---Registers : 
	                1 Bit    Registers := 1     
Module notech_reg__948 
Detailed RTL Component Info : 
+---Registers : 
	                1 Bit    Registers := 1     
Module notech_reg__949 
Detailed RTL Component Info : 
+---Registers : 
	                1 Bit    Registers := 1     
Module notech_reg__950 
Detailed RTL Component Info : 
+---Registers : 
	                1 Bit    Registers := 1     
Module notech_reg__951 
Detailed RTL Component Info : 
+---Registers : 
	                1 Bit    Registers := 1     
Module notech_reg__952 
Detailed RTL Component Info : 
+---Registers : 
	                1 Bit    Registers := 1     
Module notech_reg__953 
Detailed RTL Component Info : 
+---Registers : 
	                1 Bit    Registers := 1     
Module notech_reg__954 
Detailed RTL Component Info : 
+---Registers : 
	                1 Bit    Registers := 1     
Module notech_reg__955 
Detailed RTL Component Info : 
+---Registers : 
	                1 Bit    Registers := 1     
Module notech_reg__956 
Detailed RTL Component Info : 
+---Registers : 
	                1 Bit    Registers := 1     
Module notech_reg__957 
Detailed RTL Component Info : 
+---Registers : 
	                1 Bit    Registers := 1     
Module notech_reg__958 
Detailed RTL Component Info : 
+---Registers : 
	                1 Bit    Registers := 1     
Module notech_reg__959 
Detailed RTL Component Info : 
+---Registers : 
	                1 Bit    Registers := 1     
Module notech_reg__960 
Detailed RTL Component Info : 
+---Registers : 
	                1 Bit    Registers := 1     
Module notech_reg__961 
Detailed RTL Component Info : 
+---Registers : 
	                1 Bit    Registers := 1     
Module notech_reg__962 
Detailed RTL Component Info : 
+---Registers : 
	                1 Bit    Registers := 1     
Module notech_reg__963 
Detailed RTL Component Info : 
+---Registers : 
	                1 Bit    Registers := 1     
Module notech_reg__964 
Detailed RTL Component Info : 
+---Registers : 
	                1 Bit    Registers := 1     
Module notech_reg__965 
Detailed RTL Component Info : 
+---Registers : 
	                1 Bit    Registers := 1     
Module notech_reg__966 
Detailed RTL Component Info : 
+---Registers : 
	                1 Bit    Registers := 1     
Module notech_reg__967 
Detailed RTL Component Info : 
+---Registers : 
	                1 Bit    Registers := 1     
Module notech_reg__968 
Detailed RTL Component Info : 
+---Registers : 
	                1 Bit    Registers := 1     
Module notech_reg__969 
Detailed RTL Component Info : 
+---Registers : 
	                1 Bit    Registers := 1     
Module notech_reg__970 
Detailed RTL Component Info : 
+---Registers : 
	                1 Bit    Registers := 1     
Module notech_reg__971 
Detailed RTL Component Info : 
+---Registers : 
	                1 Bit    Registers := 1     
Module notech_reg__972 
Detailed RTL Component Info : 
+---Registers : 
	                1 Bit    Registers := 1     
Module notech_reg__973 
Detailed RTL Component Info : 
+---Registers : 
	                1 Bit    Registers := 1     
Module notech_reg__974 
Detailed RTL Component Info : 
+---Registers : 
	                1 Bit    Registers := 1     
Module notech_reg__975 
Detailed RTL Component Info : 
+---Registers : 
	                1 Bit    Registers := 1     
Module notech_reg__976 
Detailed RTL Component Info : 
+---Registers : 
	                1 Bit    Registers := 1     
Module notech_reg__977 
Detailed RTL Component Info : 
+---Registers : 
	                1 Bit    Registers := 1     
Module notech_reg__978 
Detailed RTL Component Info : 
+---Registers : 
	                1 Bit    Registers := 1     
Module notech_reg__979 
Detailed RTL Component Info : 
+---Registers : 
	                1 Bit    Registers := 1     
Module notech_reg__980 
Detailed RTL Component Info : 
+---Registers : 
	                1 Bit    Registers := 1     
Module notech_reg__981 
Detailed RTL Component Info : 
+---Registers : 
	                1 Bit    Registers := 1     
Module notech_reg__982 
Detailed RTL Component Info : 
+---Registers : 
	                1 Bit    Registers := 1     
Module notech_reg__983 
Detailed RTL Component Info : 
+---Registers : 
	                1 Bit    Registers := 1     
Module notech_reg__984 
Detailed RTL Component Info : 
+---Registers : 
	                1 Bit    Registers := 1     
Module notech_reg__985 
Detailed RTL Component Info : 
+---Registers : 
	                1 Bit    Registers := 1     
Module notech_reg__986 
Detailed RTL Component Info : 
+---Registers : 
	                1 Bit    Registers := 1     
Module notech_reg__987 
Detailed RTL Component Info : 
+---Registers : 
	                1 Bit    Registers := 1     
Module notech_reg__988 
Detailed RTL Component Info : 
+---Registers : 
	                1 Bit    Registers := 1     
Module notech_reg__989 
Detailed RTL Component Info : 
+---Registers : 
	                1 Bit    Registers := 1     
Module notech_reg__990 
Detailed RTL Component Info : 
+---Registers : 
	                1 Bit    Registers := 1     
Module notech_reg__991 
Detailed RTL Component Info : 
+---Registers : 
	                1 Bit    Registers := 1     
Module notech_reg__992 
Detailed RTL Component Info : 
+---Registers : 
	                1 Bit    Registers := 1     
Module notech_reg__993 
Detailed RTL Component Info : 
+---Registers : 
	                1 Bit    Registers := 1     
Module notech_reg__994 
Detailed RTL Component Info : 
+---Registers : 
	                1 Bit    Registers := 1     
Module notech_reg__995 
Detailed RTL Component Info : 
+---Registers : 
	                1 Bit    Registers := 1     
Module notech_reg__996 
Detailed RTL Component Info : 
+---Registers : 
	                1 Bit    Registers := 1     
Module notech_reg__997 
Detailed RTL Component Info : 
+---Registers : 
	                1 Bit    Registers := 1     
Module notech_reg__998 
Detailed RTL Component Info : 
+---Registers : 
	                1 Bit    Registers := 1     
Module notech_reg__999 
Detailed RTL Component Info : 
+---Registers : 
	                1 Bit    Registers := 1     
Module notech_reg__1000 
Detailed RTL Component Info : 
+---Registers : 
	                1 Bit    Registers := 1     
Module notech_reg__1001 
Detailed RTL Component Info : 
+---Registers : 
	                1 Bit    Registers := 1     
Module notech_reg__1002 
Detailed RTL Component Info : 
+---Registers : 
	                1 Bit    Registers := 1     
Module notech_reg__1003 
Detailed RTL Component Info : 
+---Registers : 
	                1 Bit    Registers := 1     
Module notech_reg__1004 
Detailed RTL Component Info : 
+---Registers : 
	                1 Bit    Registers := 1     
Module notech_reg__1005 
Detailed RTL Component Info : 
+---Registers : 
	                1 Bit    Registers := 1     
Module notech_reg__1006 
Detailed RTL Component Info : 
+---Registers : 
	                1 Bit    Registers := 1     
Module notech_reg__1007 
Detailed RTL Component Info : 
+---Registers : 
	                1 Bit    Registers := 1     
Module notech_reg__1008 
Detailed RTL Component Info : 
+---Registers : 
	                1 Bit    Registers := 1     
Module notech_reg__1009 
Detailed RTL Component Info : 
+---Registers : 
	                1 Bit    Registers := 1     
Module notech_reg__1010 
Detailed RTL Component Info : 
+---Registers : 
	                1 Bit    Registers := 1     
Module notech_reg__1011 
Detailed RTL Component Info : 
+---Registers : 
	                1 Bit    Registers := 1     
Module notech_reg__1012 
Detailed RTL Component Info : 
+---Registers : 
	                1 Bit    Registers := 1     
Module notech_reg__1013 
Detailed RTL Component Info : 
+---Registers : 
	                1 Bit    Registers := 1     
Module notech_reg__1014 
Detailed RTL Component Info : 
+---Registers : 
	                1 Bit    Registers := 1     
Module notech_reg__1015 
Detailed RTL Component Info : 
+---Registers : 
	                1 Bit    Registers := 1     
Module notech_reg__1016 
Detailed RTL Component Info : 
+---Registers : 
	                1 Bit    Registers := 1     
Module notech_reg__1017 
Detailed RTL Component Info : 
+---Registers : 
	                1 Bit    Registers := 1     
Module notech_reg__1018 
Detailed RTL Component Info : 
+---Registers : 
	                1 Bit    Registers := 1     
Module notech_reg__1019 
Detailed RTL Component Info : 
+---Registers : 
	                1 Bit    Registers := 1     
Module notech_reg__1020 
Detailed RTL Component Info : 
+---Registers : 
	                1 Bit    Registers := 1     
Module notech_reg__1021 
Detailed RTL Component Info : 
+---Registers : 
	                1 Bit    Registers := 1     
Module notech_reg__1022 
Detailed RTL Component Info : 
+---Registers : 
	                1 Bit    Registers := 1     
Module notech_reg__1023 
Detailed RTL Component Info : 
+---Registers : 
	                1 Bit    Registers := 1     
Module notech_reg__1024 
Detailed RTL Component Info : 
+---Registers : 
	                1 Bit    Registers := 1     
Module notech_reg__1025 
Detailed RTL Component Info : 
+---Registers : 
	                1 Bit    Registers := 1     
Module notech_reg__1026 
Detailed RTL Component Info : 
+---Registers : 
	                1 Bit    Registers := 1     
Module notech_reg__1027 
Detailed RTL Component Info : 
+---Registers : 
	                1 Bit    Registers := 1     
Module notech_reg__1028 
Detailed RTL Component Info : 
+---Registers : 
	                1 Bit    Registers := 1     
Module notech_reg__1029 
Detailed RTL Component Info : 
+---Registers : 
	                1 Bit    Registers := 1     
Module notech_reg__1030 
Detailed RTL Component Info : 
+---Registers : 
	                1 Bit    Registers := 1     
Module notech_reg__1031 
Detailed RTL Component Info : 
+---Registers : 
	                1 Bit    Registers := 1     
Module notech_reg__1032 
Detailed RTL Component Info : 
+---Registers : 
	                1 Bit    Registers := 1     
Module notech_reg__1033 
Detailed RTL Component Info : 
+---Registers : 
	                1 Bit    Registers := 1     
Module notech_reg__1034 
Detailed RTL Component Info : 
+---Registers : 
	                1 Bit    Registers := 1     
Module notech_reg__1035 
Detailed RTL Component Info : 
+---Registers : 
	                1 Bit    Registers := 1     
Module notech_reg__1036 
Detailed RTL Component Info : 
+---Registers : 
	                1 Bit    Registers := 1     
Module notech_reg__1037 
Detailed RTL Component Info : 
+---Registers : 
	                1 Bit    Registers := 1     
Module notech_reg__1038 
Detailed RTL Component Info : 
+---Registers : 
	                1 Bit    Registers := 1     
Module notech_reg__1039 
Detailed RTL Component Info : 
+---Registers : 
	                1 Bit    Registers := 1     
Module notech_reg__1040 
Detailed RTL Component Info : 
+---Registers : 
	                1 Bit    Registers := 1     
Module notech_reg__1041 
Detailed RTL Component Info : 
+---Registers : 
	                1 Bit    Registers := 1     
Module notech_reg__1042 
Detailed RTL Component Info : 
+---Registers : 
	                1 Bit    Registers := 1     
Module notech_reg__1043 
Detailed RTL Component Info : 
+---Registers : 
	                1 Bit    Registers := 1     
Module notech_reg__1044 
Detailed RTL Component Info : 
+---Registers : 
	                1 Bit    Registers := 1     
Module notech_reg__1045 
Detailed RTL Component Info : 
+---Registers : 
	                1 Bit    Registers := 1     
Module notech_reg__1046 
Detailed RTL Component Info : 
+---Registers : 
	                1 Bit    Registers := 1     
Module notech_reg__1047 
Detailed RTL Component Info : 
+---Registers : 
	                1 Bit    Registers := 1     
Module notech_reg__1048 
Detailed RTL Component Info : 
+---Registers : 
	                1 Bit    Registers := 1     
Module notech_reg__1049 
Detailed RTL Component Info : 
+---Registers : 
	                1 Bit    Registers := 1     
Module notech_reg__1050 
Detailed RTL Component Info : 
+---Registers : 
	                1 Bit    Registers := 1     
Module notech_reg__1051 
Detailed RTL Component Info : 
+---Registers : 
	                1 Bit    Registers := 1     
Module notech_reg__1052 
Detailed RTL Component Info : 
+---Registers : 
	                1 Bit    Registers := 1     
Module notech_reg__1053 
Detailed RTL Component Info : 
+---Registers : 
	                1 Bit    Registers := 1     
Module notech_reg__1054 
Detailed RTL Component Info : 
+---Registers : 
	                1 Bit    Registers := 1     
Module notech_reg__1055 
Detailed RTL Component Info : 
+---Registers : 
	                1 Bit    Registers := 1     
Module notech_reg__1056 
Detailed RTL Component Info : 
+---Registers : 
	                1 Bit    Registers := 1     
Module notech_reg__1057 
Detailed RTL Component Info : 
+---Registers : 
	                1 Bit    Registers := 1     
Module notech_reg__1058 
Detailed RTL Component Info : 
+---Registers : 
	                1 Bit    Registers := 1     
Module notech_reg__1059 
Detailed RTL Component Info : 
+---Registers : 
	                1 Bit    Registers := 1     
Module notech_reg__1060 
Detailed RTL Component Info : 
+---Registers : 
	                1 Bit    Registers := 1     
Module notech_reg__1061 
Detailed RTL Component Info : 
+---Registers : 
	                1 Bit    Registers := 1     
Module notech_reg__1062 
Detailed RTL Component Info : 
+---Registers : 
	                1 Bit    Registers := 1     
Module notech_reg__1063 
Detailed RTL Component Info : 
+---Registers : 
	                1 Bit    Registers := 1     
Module notech_reg__1064 
Detailed RTL Component Info : 
+---Registers : 
	                1 Bit    Registers := 1     
Module notech_reg__1065 
Detailed RTL Component Info : 
+---Registers : 
	                1 Bit    Registers := 1     
Module notech_reg__1066 
Detailed RTL Component Info : 
+---Registers : 
	                1 Bit    Registers := 1     
Module notech_reg__1067 
Detailed RTL Component Info : 
+---Registers : 
	                1 Bit    Registers := 1     
Module notech_reg__1068 
Detailed RTL Component Info : 
+---Registers : 
	                1 Bit    Registers := 1     
Module notech_reg__1069 
Detailed RTL Component Info : 
+---Registers : 
	                1 Bit    Registers := 1     
Module notech_reg__1070 
Detailed RTL Component Info : 
+---Registers : 
	                1 Bit    Registers := 1     
Module notech_reg__1071 
Detailed RTL Component Info : 
+---Registers : 
	                1 Bit    Registers := 1     
Module notech_reg__1072 
Detailed RTL Component Info : 
+---Registers : 
	                1 Bit    Registers := 1     
Module notech_reg__1073 
Detailed RTL Component Info : 
+---Registers : 
	                1 Bit    Registers := 1     
Module notech_reg__1074 
Detailed RTL Component Info : 
+---Registers : 
	                1 Bit    Registers := 1     
Module notech_reg__1075 
Detailed RTL Component Info : 
+---Registers : 
	                1 Bit    Registers := 1     
Module notech_reg__1076 
Detailed RTL Component Info : 
+---Registers : 
	                1 Bit    Registers := 1     
Module notech_reg__1077 
Detailed RTL Component Info : 
+---Registers : 
	                1 Bit    Registers := 1     
Module notech_reg__1078 
Detailed RTL Component Info : 
+---Registers : 
	                1 Bit    Registers := 1     
Module notech_reg__1079 
Detailed RTL Component Info : 
+---Registers : 
	                1 Bit    Registers := 1     
Module notech_reg__1080 
Detailed RTL Component Info : 
+---Registers : 
	                1 Bit    Registers := 1     
Module notech_reg__1081 
Detailed RTL Component Info : 
+---Registers : 
	                1 Bit    Registers := 1     
Module notech_reg__1082 
Detailed RTL Component Info : 
+---Registers : 
	                1 Bit    Registers := 1     
Module notech_reg__1083 
Detailed RTL Component Info : 
+---Registers : 
	                1 Bit    Registers := 1     
Module notech_reg__1084 
Detailed RTL Component Info : 
+---Registers : 
	                1 Bit    Registers := 1     
Module notech_reg__1085 
Detailed RTL Component Info : 
+---Registers : 
	                1 Bit    Registers := 1     
Module notech_reg__1086 
Detailed RTL Component Info : 
+---Registers : 
	                1 Bit    Registers := 1     
Module notech_reg__1087 
Detailed RTL Component Info : 
+---Registers : 
	                1 Bit    Registers := 1     
Module notech_reg__1088 
Detailed RTL Component Info : 
+---Registers : 
	                1 Bit    Registers := 1     
Module notech_reg__1089 
Detailed RTL Component Info : 
+---Registers : 
	                1 Bit    Registers := 1     
Module notech_reg__1090 
Detailed RTL Component Info : 
+---Registers : 
	                1 Bit    Registers := 1     
Module notech_reg__1091 
Detailed RTL Component Info : 
+---Registers : 
	                1 Bit    Registers := 1     
Module notech_reg__1092 
Detailed RTL Component Info : 
+---Registers : 
	                1 Bit    Registers := 1     
Module notech_reg__1093 
Detailed RTL Component Info : 
+---Registers : 
	                1 Bit    Registers := 1     
Module notech_reg__1094 
Detailed RTL Component Info : 
+---Registers : 
	                1 Bit    Registers := 1     
Module notech_reg__1095 
Detailed RTL Component Info : 
+---Registers : 
	                1 Bit    Registers := 1     
Module notech_reg__1096 
Detailed RTL Component Info : 
+---Registers : 
	                1 Bit    Registers := 1     
Module notech_reg__1097 
Detailed RTL Component Info : 
+---Registers : 
	                1 Bit    Registers := 1     
Module notech_reg__1098 
Detailed RTL Component Info : 
+---Registers : 
	                1 Bit    Registers := 1     
Module notech_reg__1099 
Detailed RTL Component Info : 
+---Registers : 
	                1 Bit    Registers := 1     
Module notech_reg__1100 
Detailed RTL Component Info : 
+---Registers : 
	                1 Bit    Registers := 1     
Module notech_reg__1101 
Detailed RTL Component Info : 
+---Registers : 
	                1 Bit    Registers := 1     
Module notech_reg__1102 
Detailed RTL Component Info : 
+---Registers : 
	                1 Bit    Registers := 1     
Module notech_reg__1103 
Detailed RTL Component Info : 
+---Registers : 
	                1 Bit    Registers := 1     
Module notech_reg__1104 
Detailed RTL Component Info : 
+---Registers : 
	                1 Bit    Registers := 1     
Module notech_reg__1105 
Detailed RTL Component Info : 
+---Registers : 
	                1 Bit    Registers := 1     
Module notech_reg__1106 
Detailed RTL Component Info : 
+---Registers : 
	                1 Bit    Registers := 1     
Module notech_reg__1107 
Detailed RTL Component Info : 
+---Registers : 
	                1 Bit    Registers := 1     
Module notech_reg__1108 
Detailed RTL Component Info : 
+---Registers : 
	                1 Bit    Registers := 1     
Module notech_reg__1109 
Detailed RTL Component Info : 
+---Registers : 
	                1 Bit    Registers := 1     
Module notech_reg__1110 
Detailed RTL Component Info : 
+---Registers : 
	                1 Bit    Registers := 1     
Module notech_reg__1111 
Detailed RTL Component Info : 
+---Registers : 
	                1 Bit    Registers := 1     
Module notech_reg__1112 
Detailed RTL Component Info : 
+---Registers : 
	                1 Bit    Registers := 1     
Module notech_reg__1113 
Detailed RTL Component Info : 
+---Registers : 
	                1 Bit    Registers := 1     
Module notech_reg__1114 
Detailed RTL Component Info : 
+---Registers : 
	                1 Bit    Registers := 1     
Module notech_reg__1115 
Detailed RTL Component Info : 
+---Registers : 
	                1 Bit    Registers := 1     
Module notech_reg__1116 
Detailed RTL Component Info : 
+---Registers : 
	                1 Bit    Registers := 1     
Module notech_reg__1117 
Detailed RTL Component Info : 
+---Registers : 
	                1 Bit    Registers := 1     
Module notech_reg__1118 
Detailed RTL Component Info : 
+---Registers : 
	                1 Bit    Registers := 1     
Module notech_reg__1119 
Detailed RTL Component Info : 
+---Registers : 
	                1 Bit    Registers := 1     
Module notech_reg__1120 
Detailed RTL Component Info : 
+---Registers : 
	                1 Bit    Registers := 1     
Module notech_reg__1121 
Detailed RTL Component Info : 
+---Registers : 
	                1 Bit    Registers := 1     
Module notech_reg__1122 
Detailed RTL Component Info : 
+---Registers : 
	                1 Bit    Registers := 1     
Module notech_reg__1123 
Detailed RTL Component Info : 
+---Registers : 
	                1 Bit    Registers := 1     
Module notech_reg__1124 
Detailed RTL Component Info : 
+---Registers : 
	                1 Bit    Registers := 1     
Module notech_reg__1125 
Detailed RTL Component Info : 
+---Registers : 
	                1 Bit    Registers := 1     
Module notech_reg__1126 
Detailed RTL Component Info : 
+---Registers : 
	                1 Bit    Registers := 1     
Module notech_reg__1127 
Detailed RTL Component Info : 
+---Registers : 
	                1 Bit    Registers := 1     
Module notech_reg__1128 
Detailed RTL Component Info : 
+---Registers : 
	                1 Bit    Registers := 1     
Module notech_reg__1129 
Detailed RTL Component Info : 
+---Registers : 
	                1 Bit    Registers := 1     
Module notech_reg__1130 
Detailed RTL Component Info : 
+---Registers : 
	                1 Bit    Registers := 1     
Module notech_reg__1131 
Detailed RTL Component Info : 
+---Registers : 
	                1 Bit    Registers := 1     
Module notech_reg__1132 
Detailed RTL Component Info : 
+---Registers : 
	                1 Bit    Registers := 1     
Module notech_reg__1133 
Detailed RTL Component Info : 
+---Registers : 
	                1 Bit    Registers := 1     
Module notech_reg__1134 
Detailed RTL Component Info : 
+---Registers : 
	                1 Bit    Registers := 1     
Module notech_reg__1135 
Detailed RTL Component Info : 
+---Registers : 
	                1 Bit    Registers := 1     
Module notech_reg__1136 
Detailed RTL Component Info : 
+---Registers : 
	                1 Bit    Registers := 1     
Module notech_reg__1137 
Detailed RTL Component Info : 
+---Registers : 
	                1 Bit    Registers := 1     
Module notech_reg__1138 
Detailed RTL Component Info : 
+---Registers : 
	                1 Bit    Registers := 1     
Module notech_reg__1139 
Detailed RTL Component Info : 
+---Registers : 
	                1 Bit    Registers := 1     
Module notech_reg__1140 
Detailed RTL Component Info : 
+---Registers : 
	                1 Bit    Registers := 1     
Module notech_reg__1141 
Detailed RTL Component Info : 
+---Registers : 
	                1 Bit    Registers := 1     
Module notech_reg__1142 
Detailed RTL Component Info : 
+---Registers : 
	                1 Bit    Registers := 1     
Module notech_reg__1143 
Detailed RTL Component Info : 
+---Registers : 
	                1 Bit    Registers := 1     
Module notech_reg__1144 
Detailed RTL Component Info : 
+---Registers : 
	                1 Bit    Registers := 1     
Module notech_reg__1145 
Detailed RTL Component Info : 
+---Registers : 
	                1 Bit    Registers := 1     
Module notech_reg__1146 
Detailed RTL Component Info : 
+---Registers : 
	                1 Bit    Registers := 1     
Module notech_reg__1147 
Detailed RTL Component Info : 
+---Registers : 
	                1 Bit    Registers := 1     
Module notech_reg__1148 
Detailed RTL Component Info : 
+---Registers : 
	                1 Bit    Registers := 1     
Module notech_reg__1149 
Detailed RTL Component Info : 
+---Registers : 
	                1 Bit    Registers := 1     
Module notech_reg__1150 
Detailed RTL Component Info : 
+---Registers : 
	                1 Bit    Registers := 1     
Module notech_reg__1151 
Detailed RTL Component Info : 
+---Registers : 
	                1 Bit    Registers := 1     
Module notech_reg__1152 
Detailed RTL Component Info : 
+---Registers : 
	                1 Bit    Registers := 1     
Module notech_reg__1153 
Detailed RTL Component Info : 
+---Registers : 
	                1 Bit    Registers := 1     
Module notech_reg__1154 
Detailed RTL Component Info : 
+---Registers : 
	                1 Bit    Registers := 1     
Module notech_reg__1155 
Detailed RTL Component Info : 
+---Registers : 
	                1 Bit    Registers := 1     
Module notech_reg__1156 
Detailed RTL Component Info : 
+---Registers : 
	                1 Bit    Registers := 1     
Module notech_reg__1157 
Detailed RTL Component Info : 
+---Registers : 
	                1 Bit    Registers := 1     
Module notech_reg__1158 
Detailed RTL Component Info : 
+---Registers : 
	                1 Bit    Registers := 1     
Module notech_reg__1159 
Detailed RTL Component Info : 
+---Registers : 
	                1 Bit    Registers := 1     
Module notech_reg__1160 
Detailed RTL Component Info : 
+---Registers : 
	                1 Bit    Registers := 1     
Module notech_reg__1161 
Detailed RTL Component Info : 
+---Registers : 
	                1 Bit    Registers := 1     
Module notech_reg__1162 
Detailed RTL Component Info : 
+---Registers : 
	                1 Bit    Registers := 1     
Module notech_reg__1163 
Detailed RTL Component Info : 
+---Registers : 
	                1 Bit    Registers := 1     
Module notech_reg__1164 
Detailed RTL Component Info : 
+---Registers : 
	                1 Bit    Registers := 1     
Module notech_reg__1165 
Detailed RTL Component Info : 
+---Registers : 
	                1 Bit    Registers := 1     
Module notech_reg__1166 
Detailed RTL Component Info : 
+---Registers : 
	                1 Bit    Registers := 1     
Module notech_reg__1167 
Detailed RTL Component Info : 
+---Registers : 
	                1 Bit    Registers := 1     
Module notech_reg__1168 
Detailed RTL Component Info : 
+---Registers : 
	                1 Bit    Registers := 1     
Module notech_reg__1169 
Detailed RTL Component Info : 
+---Registers : 
	                1 Bit    Registers := 1     
Module notech_reg__1170 
Detailed RTL Component Info : 
+---Registers : 
	                1 Bit    Registers := 1     
Module notech_reg__1171 
Detailed RTL Component Info : 
+---Registers : 
	                1 Bit    Registers := 1     
Module notech_reg__1172 
Detailed RTL Component Info : 
+---Registers : 
	                1 Bit    Registers := 1     
Module notech_reg__1173 
Detailed RTL Component Info : 
+---Registers : 
	                1 Bit    Registers := 1     
Module notech_reg__1174 
Detailed RTL Component Info : 
+---Registers : 
	                1 Bit    Registers := 1     
Module notech_reg__1175 
Detailed RTL Component Info : 
+---Registers : 
	                1 Bit    Registers := 1     
Module notech_reg__1176 
Detailed RTL Component Info : 
+---Registers : 
	                1 Bit    Registers := 1     
Module notech_reg__1177 
Detailed RTL Component Info : 
+---Registers : 
	                1 Bit    Registers := 1     
Module notech_reg__1178 
Detailed RTL Component Info : 
+---Registers : 
	                1 Bit    Registers := 1     
Module notech_reg__1179 
Detailed RTL Component Info : 
+---Registers : 
	                1 Bit    Registers := 1     
Module notech_reg__1180 
Detailed RTL Component Info : 
+---Registers : 
	                1 Bit    Registers := 1     
Module notech_reg__1181 
Detailed RTL Component Info : 
+---Registers : 
	                1 Bit    Registers := 1     
Module notech_reg__1182 
Detailed RTL Component Info : 
+---Registers : 
	                1 Bit    Registers := 1     
Module notech_reg__1183 
Detailed RTL Component Info : 
+---Registers : 
	                1 Bit    Registers := 1     
Module notech_reg__1184 
Detailed RTL Component Info : 
+---Registers : 
	                1 Bit    Registers := 1     
Module notech_reg__1185 
Detailed RTL Component Info : 
+---Registers : 
	                1 Bit    Registers := 1     
Module notech_reg__1186 
Detailed RTL Component Info : 
+---Registers : 
	                1 Bit    Registers := 1     
Module notech_reg__1187 
Detailed RTL Component Info : 
+---Registers : 
	                1 Bit    Registers := 1     
Module notech_reg__1188 
Detailed RTL Component Info : 
+---Registers : 
	                1 Bit    Registers := 1     
Module notech_reg__1189 
Detailed RTL Component Info : 
+---Registers : 
	                1 Bit    Registers := 1     
Module notech_reg__1190 
Detailed RTL Component Info : 
+---Registers : 
	                1 Bit    Registers := 1     
Module notech_reg__1191 
Detailed RTL Component Info : 
+---Registers : 
	                1 Bit    Registers := 1     
Module notech_reg__1192 
Detailed RTL Component Info : 
+---Registers : 
	                1 Bit    Registers := 1     
Module notech_reg__1193 
Detailed RTL Component Info : 
+---Registers : 
	                1 Bit    Registers := 1     
Module notech_reg__1194 
Detailed RTL Component Info : 
+---Registers : 
	                1 Bit    Registers := 1     
Module notech_reg__1195 
Detailed RTL Component Info : 
+---Registers : 
	                1 Bit    Registers := 1     
Module notech_reg__1196 
Detailed RTL Component Info : 
+---Registers : 
	                1 Bit    Registers := 1     
Module notech_reg__1197 
Detailed RTL Component Info : 
+---Registers : 
	                1 Bit    Registers := 1     
Module notech_reg__1198 
Detailed RTL Component Info : 
+---Registers : 
	                1 Bit    Registers := 1     
Module notech_reg__1199 
Detailed RTL Component Info : 
+---Registers : 
	                1 Bit    Registers := 1     
Module notech_reg__1200 
Detailed RTL Component Info : 
+---Registers : 
	                1 Bit    Registers := 1     
Module notech_reg__1201 
Detailed RTL Component Info : 
+---Registers : 
	                1 Bit    Registers := 1     
Module notech_reg__1202 
Detailed RTL Component Info : 
+---Registers : 
	                1 Bit    Registers := 1     
Module notech_reg__1203 
Detailed RTL Component Info : 
+---Registers : 
	                1 Bit    Registers := 1     
Module notech_reg__1204 
Detailed RTL Component Info : 
+---Registers : 
	                1 Bit    Registers := 1     
Module notech_reg__1205 
Detailed RTL Component Info : 
+---Registers : 
	                1 Bit    Registers := 1     
Module notech_reg__1206 
Detailed RTL Component Info : 
+---Registers : 
	                1 Bit    Registers := 1     
Module notech_reg__1207 
Detailed RTL Component Info : 
+---Registers : 
	                1 Bit    Registers := 1     
Module notech_reg__1208 
Detailed RTL Component Info : 
+---Registers : 
	                1 Bit    Registers := 1     
Module notech_reg__1209 
Detailed RTL Component Info : 
+---Registers : 
	                1 Bit    Registers := 1     
Module notech_reg__1210 
Detailed RTL Component Info : 
+---Registers : 
	                1 Bit    Registers := 1     
Module notech_reg__1211 
Detailed RTL Component Info : 
+---Registers : 
	                1 Bit    Registers := 1     
Module notech_reg__1212 
Detailed RTL Component Info : 
+---Registers : 
	                1 Bit    Registers := 1     
Module notech_reg__1213 
Detailed RTL Component Info : 
+---Registers : 
	                1 Bit    Registers := 1     
Module notech_reg__1214 
Detailed RTL Component Info : 
+---Registers : 
	                1 Bit    Registers := 1     
Module notech_reg__1215 
Detailed RTL Component Info : 
+---Registers : 
	                1 Bit    Registers := 1     
Module notech_reg__1216 
Detailed RTL Component Info : 
+---Registers : 
	                1 Bit    Registers := 1     
Module notech_reg__1217 
Detailed RTL Component Info : 
+---Registers : 
	                1 Bit    Registers := 1     
Module notech_reg__1218 
Detailed RTL Component Info : 
+---Registers : 
	                1 Bit    Registers := 1     
Module notech_reg__1219 
Detailed RTL Component Info : 
+---Registers : 
	                1 Bit    Registers := 1     
Module notech_reg__1220 
Detailed RTL Component Info : 
+---Registers : 
	                1 Bit    Registers := 1     
Module notech_reg__1221 
Detailed RTL Component Info : 
+---Registers : 
	                1 Bit    Registers := 1     
Module notech_reg__1222 
Detailed RTL Component Info : 
+---Registers : 
	                1 Bit    Registers := 1     
Module notech_reg__1223 
Detailed RTL Component Info : 
+---Registers : 
	                1 Bit    Registers := 1     
Module notech_reg__1224 
Detailed RTL Component Info : 
+---Registers : 
	                1 Bit    Registers := 1     
Module notech_reg__1225 
Detailed RTL Component Info : 
+---Registers : 
	                1 Bit    Registers := 1     
Module notech_reg__1226 
Detailed RTL Component Info : 
+---Registers : 
	                1 Bit    Registers := 1     
Module notech_reg__1227 
Detailed RTL Component Info : 
+---Registers : 
	                1 Bit    Registers := 1     
Module notech_reg__1228 
Detailed RTL Component Info : 
+---Registers : 
	                1 Bit    Registers := 1     
Module notech_reg__1229 
Detailed RTL Component Info : 
+---Registers : 
	                1 Bit    Registers := 1     
Module notech_reg__1230 
Detailed RTL Component Info : 
+---Registers : 
	                1 Bit    Registers := 1     
Module notech_reg__1231 
Detailed RTL Component Info : 
+---Registers : 
	                1 Bit    Registers := 1     
Module notech_reg__1232 
Detailed RTL Component Info : 
+---Registers : 
	                1 Bit    Registers := 1     
Module notech_reg__1233 
Detailed RTL Component Info : 
+---Registers : 
	                1 Bit    Registers := 1     
Module notech_reg__1234 
Detailed RTL Component Info : 
+---Registers : 
	                1 Bit    Registers := 1     
Module notech_reg__1235 
Detailed RTL Component Info : 
+---Registers : 
	                1 Bit    Registers := 1     
Module notech_reg__1236 
Detailed RTL Component Info : 
+---Registers : 
	                1 Bit    Registers := 1     
Module notech_reg__1237 
Detailed RTL Component Info : 
+---Registers : 
	                1 Bit    Registers := 1     
Module notech_reg__1238 
Detailed RTL Component Info : 
+---Registers : 
	                1 Bit    Registers := 1     
Module notech_reg__1239 
Detailed RTL Component Info : 
+---Registers : 
	                1 Bit    Registers := 1     
Module notech_reg__1240 
Detailed RTL Component Info : 
+---Registers : 
	                1 Bit    Registers := 1     
Module notech_reg__1241 
Detailed RTL Component Info : 
+---Registers : 
	                1 Bit    Registers := 1     
Module notech_reg__1242 
Detailed RTL Component Info : 
+---Registers : 
	                1 Bit    Registers := 1     
Module notech_reg__1243 
Detailed RTL Component Info : 
+---Registers : 
	                1 Bit    Registers := 1     
Module notech_reg__1244 
Detailed RTL Component Info : 
+---Registers : 
	                1 Bit    Registers := 1     
Module notech_reg__1245 
Detailed RTL Component Info : 
+---Registers : 
	                1 Bit    Registers := 1     
Module notech_reg__1246 
Detailed RTL Component Info : 
+---Registers : 
	                1 Bit    Registers := 1     
Module notech_reg__1247 
Detailed RTL Component Info : 
+---Registers : 
	                1 Bit    Registers := 1     
Module notech_reg__1248 
Detailed RTL Component Info : 
+---Registers : 
	                1 Bit    Registers := 1     
Module notech_reg__1249 
Detailed RTL Component Info : 
+---Registers : 
	                1 Bit    Registers := 1     
Module notech_reg__1250 
Detailed RTL Component Info : 
+---Registers : 
	                1 Bit    Registers := 1     
Module notech_reg__1251 
Detailed RTL Component Info : 
+---Registers : 
	                1 Bit    Registers := 1     
Module notech_reg__1252 
Detailed RTL Component Info : 
+---Registers : 
	                1 Bit    Registers := 1     
Module notech_reg__1253 
Detailed RTL Component Info : 
+---Registers : 
	                1 Bit    Registers := 1     
Module notech_reg__1254 
Detailed RTL Component Info : 
+---Registers : 
	                1 Bit    Registers := 1     
Module notech_reg__1255 
Detailed RTL Component Info : 
+---Registers : 
	                1 Bit    Registers := 1     
Module notech_reg__1256 
Detailed RTL Component Info : 
+---Registers : 
	                1 Bit    Registers := 1     
Module notech_reg__1257 
Detailed RTL Component Info : 
+---Registers : 
	                1 Bit    Registers := 1     
Module notech_reg__1258 
Detailed RTL Component Info : 
+---Registers : 
	                1 Bit    Registers := 1     
Module notech_reg__1259 
Detailed RTL Component Info : 
+---Registers : 
	                1 Bit    Registers := 1     
Module notech_reg__1260 
Detailed RTL Component Info : 
+---Registers : 
	                1 Bit    Registers := 1     
Module notech_reg__1261 
Detailed RTL Component Info : 
+---Registers : 
	                1 Bit    Registers := 1     
Module notech_reg__1262 
Detailed RTL Component Info : 
+---Registers : 
	                1 Bit    Registers := 1     
Module notech_reg__1263 
Detailed RTL Component Info : 
+---Registers : 
	                1 Bit    Registers := 1     
Module notech_reg__1264 
Detailed RTL Component Info : 
+---Registers : 
	                1 Bit    Registers := 1     
Module notech_reg__1265 
Detailed RTL Component Info : 
+---Registers : 
	                1 Bit    Registers := 1     
Module notech_reg__1266 
Detailed RTL Component Info : 
+---Registers : 
	                1 Bit    Registers := 1     
Module notech_reg__1267 
Detailed RTL Component Info : 
+---Registers : 
	                1 Bit    Registers := 1     
Module notech_reg__1268 
Detailed RTL Component Info : 
+---Registers : 
	                1 Bit    Registers := 1     
Module notech_reg__1269 
Detailed RTL Component Info : 
+---Registers : 
	                1 Bit    Registers := 1     
Module notech_reg__1270 
Detailed RTL Component Info : 
+---Registers : 
	                1 Bit    Registers := 1     
Module notech_reg__1271 
Detailed RTL Component Info : 
+---Registers : 
	                1 Bit    Registers := 1     
Module notech_reg__1272 
Detailed RTL Component Info : 
+---Registers : 
	                1 Bit    Registers := 1     
Module notech_reg__1273 
Detailed RTL Component Info : 
+---Registers : 
	                1 Bit    Registers := 1     
Module notech_reg__1274 
Detailed RTL Component Info : 
+---Registers : 
	                1 Bit    Registers := 1     
Module notech_reg__1275 
Detailed RTL Component Info : 
+---Registers : 
	                1 Bit    Registers := 1     
Module notech_reg__1276 
Detailed RTL Component Info : 
+---Registers : 
	                1 Bit    Registers := 1     
Module notech_reg__1277 
Detailed RTL Component Info : 
+---Registers : 
	                1 Bit    Registers := 1     
Module notech_reg__1278 
Detailed RTL Component Info : 
+---Registers : 
	                1 Bit    Registers := 1     
Module notech_reg__1279 
Detailed RTL Component Info : 
+---Registers : 
	                1 Bit    Registers := 1     
Module notech_reg__1280 
Detailed RTL Component Info : 
+---Registers : 
	                1 Bit    Registers := 1     
Module notech_reg__1281 
Detailed RTL Component Info : 
+---Registers : 
	                1 Bit    Registers := 1     
Module notech_reg__1282 
Detailed RTL Component Info : 
+---Registers : 
	                1 Bit    Registers := 1     
Module notech_reg__1283 
Detailed RTL Component Info : 
+---Registers : 
	                1 Bit    Registers := 1     
Module notech_reg__1284 
Detailed RTL Component Info : 
+---Registers : 
	                1 Bit    Registers := 1     
Module notech_reg__1285 
Detailed RTL Component Info : 
+---Registers : 
	                1 Bit    Registers := 1     
Module notech_reg__1286 
Detailed RTL Component Info : 
+---Registers : 
	                1 Bit    Registers := 1     
Module notech_reg__1287 
Detailed RTL Component Info : 
+---Registers : 
	                1 Bit    Registers := 1     
Module notech_reg__1288 
Detailed RTL Component Info : 
+---Registers : 
	                1 Bit    Registers := 1     
Module notech_reg__1289 
Detailed RTL Component Info : 
+---Registers : 
	                1 Bit    Registers := 1     
Module notech_reg__1290 
Detailed RTL Component Info : 
+---Registers : 
	                1 Bit    Registers := 1     
Module notech_reg__1291 
Detailed RTL Component Info : 
+---Registers : 
	                1 Bit    Registers := 1     
Module notech_reg__1292 
Detailed RTL Component Info : 
+---Registers : 
	                1 Bit    Registers := 1     
Module notech_reg__1293 
Detailed RTL Component Info : 
+---Registers : 
	                1 Bit    Registers := 1     
Module notech_reg__1294 
Detailed RTL Component Info : 
+---Registers : 
	                1 Bit    Registers := 1     
Module notech_reg__1295 
Detailed RTL Component Info : 
+---Registers : 
	                1 Bit    Registers := 1     
Module notech_reg__1296 
Detailed RTL Component Info : 
+---Registers : 
	                1 Bit    Registers := 1     
Module notech_reg__1297 
Detailed RTL Component Info : 
+---Registers : 
	                1 Bit    Registers := 1     
Module notech_reg__1298 
Detailed RTL Component Info : 
+---Registers : 
	                1 Bit    Registers := 1     
Module notech_reg__1299 
Detailed RTL Component Info : 
+---Registers : 
	                1 Bit    Registers := 1     
Module notech_reg__1300 
Detailed RTL Component Info : 
+---Registers : 
	                1 Bit    Registers := 1     
Module notech_reg__1301 
Detailed RTL Component Info : 
+---Registers : 
	                1 Bit    Registers := 1     
Module notech_reg__1302 
Detailed RTL Component Info : 
+---Registers : 
	                1 Bit    Registers := 1     
Module notech_reg__1303 
Detailed RTL Component Info : 
+---Registers : 
	                1 Bit    Registers := 1     
Module notech_reg__1304 
Detailed RTL Component Info : 
+---Registers : 
	                1 Bit    Registers := 1     
Module notech_reg__1305 
Detailed RTL Component Info : 
+---Registers : 
	                1 Bit    Registers := 1     
Module notech_reg__1306 
Detailed RTL Component Info : 
+---Registers : 
	                1 Bit    Registers := 1     
Module notech_reg__1307 
Detailed RTL Component Info : 
+---Registers : 
	                1 Bit    Registers := 1     
Module notech_reg__1308 
Detailed RTL Component Info : 
+---Registers : 
	                1 Bit    Registers := 1     
Module notech_reg__1309 
Detailed RTL Component Info : 
+---Registers : 
	                1 Bit    Registers := 1     
Module notech_reg__1310 
Detailed RTL Component Info : 
+---Registers : 
	                1 Bit    Registers := 1     
Module notech_reg__1311 
Detailed RTL Component Info : 
+---Registers : 
	                1 Bit    Registers := 1     
Module notech_reg__1312 
Detailed RTL Component Info : 
+---Registers : 
	                1 Bit    Registers := 1     
Module notech_reg__1313 
Detailed RTL Component Info : 
+---Registers : 
	                1 Bit    Registers := 1     
Module notech_reg__1314 
Detailed RTL Component Info : 
+---Registers : 
	                1 Bit    Registers := 1     
Module notech_reg__1315 
Detailed RTL Component Info : 
+---Registers : 
	                1 Bit    Registers := 1     
Module notech_reg__1316 
Detailed RTL Component Info : 
+---Registers : 
	                1 Bit    Registers := 1     
Module notech_reg__1317 
Detailed RTL Component Info : 
+---Registers : 
	                1 Bit    Registers := 1     
Module notech_reg__1318 
Detailed RTL Component Info : 
+---Registers : 
	                1 Bit    Registers := 1     
Module notech_reg__1319 
Detailed RTL Component Info : 
+---Registers : 
	                1 Bit    Registers := 1     
Module notech_reg__1320 
Detailed RTL Component Info : 
+---Registers : 
	                1 Bit    Registers := 1     
Module notech_reg__1321 
Detailed RTL Component Info : 
+---Registers : 
	                1 Bit    Registers := 1     
Module notech_reg__1322 
Detailed RTL Component Info : 
+---Registers : 
	                1 Bit    Registers := 1     
Module notech_reg__1323 
Detailed RTL Component Info : 
+---Registers : 
	                1 Bit    Registers := 1     
Module notech_reg__1324 
Detailed RTL Component Info : 
+---Registers : 
	                1 Bit    Registers := 1     
Module notech_reg__1325 
Detailed RTL Component Info : 
+---Registers : 
	                1 Bit    Registers := 1     
Module notech_reg__1326 
Detailed RTL Component Info : 
+---Registers : 
	                1 Bit    Registers := 1     
Module notech_reg__1327 
Detailed RTL Component Info : 
+---Registers : 
	                1 Bit    Registers := 1     
Module notech_reg__1328 
Detailed RTL Component Info : 
+---Registers : 
	                1 Bit    Registers := 1     
Module notech_reg__1329 
Detailed RTL Component Info : 
+---Registers : 
	                1 Bit    Registers := 1     
Module notech_reg__1330 
Detailed RTL Component Info : 
+---Registers : 
	                1 Bit    Registers := 1     
Module notech_reg__1331 
Detailed RTL Component Info : 
+---Registers : 
	                1 Bit    Registers := 1     
Module notech_reg__1332 
Detailed RTL Component Info : 
+---Registers : 
	                1 Bit    Registers := 1     
Module notech_reg__1333 
Detailed RTL Component Info : 
+---Registers : 
	                1 Bit    Registers := 1     
Module notech_reg__1334 
Detailed RTL Component Info : 
+---Registers : 
	                1 Bit    Registers := 1     
Module notech_reg__1335 
Detailed RTL Component Info : 
+---Registers : 
	                1 Bit    Registers := 1     
Module notech_reg__1336 
Detailed RTL Component Info : 
+---Registers : 
	                1 Bit    Registers := 1     
Module notech_reg__1337 
Detailed RTL Component Info : 
+---Registers : 
	                1 Bit    Registers := 1     
Module notech_reg__1338 
Detailed RTL Component Info : 
+---Registers : 
	                1 Bit    Registers := 1     
Module notech_reg__1339 
Detailed RTL Component Info : 
+---Registers : 
	                1 Bit    Registers := 1     
Module notech_reg__1340 
Detailed RTL Component Info : 
+---Registers : 
	                1 Bit    Registers := 1     
Module notech_reg__1341 
Detailed RTL Component Info : 
+---Registers : 
	                1 Bit    Registers := 1     
Module notech_reg__1342 
Detailed RTL Component Info : 
+---Registers : 
	                1 Bit    Registers := 1     
Module notech_reg__1343 
Detailed RTL Component Info : 
+---Registers : 
	                1 Bit    Registers := 1     
Module notech_reg__1344 
Detailed RTL Component Info : 
+---Registers : 
	                1 Bit    Registers := 1     
Module notech_reg__1345 
Detailed RTL Component Info : 
+---Registers : 
	                1 Bit    Registers := 1     
Module notech_reg__1346 
Detailed RTL Component Info : 
+---Registers : 
	                1 Bit    Registers := 1     
Module notech_reg__1347 
Detailed RTL Component Info : 
+---Registers : 
	                1 Bit    Registers := 1     
Module notech_reg__1348 
Detailed RTL Component Info : 
+---Registers : 
	                1 Bit    Registers := 1     
Module notech_reg__1349 
Detailed RTL Component Info : 
+---Registers : 
	                1 Bit    Registers := 1     
Module notech_reg__1350 
Detailed RTL Component Info : 
+---Registers : 
	                1 Bit    Registers := 1     
Module notech_reg__1351 
Detailed RTL Component Info : 
+---Registers : 
	                1 Bit    Registers := 1     
Module notech_reg__1352 
Detailed RTL Component Info : 
+---Registers : 
	                1 Bit    Registers := 1     
Module notech_reg__1353 
Detailed RTL Component Info : 
+---Registers : 
	                1 Bit    Registers := 1     
Module notech_reg__1354 
Detailed RTL Component Info : 
+---Registers : 
	                1 Bit    Registers := 1     
Module notech_reg__1355 
Detailed RTL Component Info : 
+---Registers : 
	                1 Bit    Registers := 1     
Module notech_reg__1356 
Detailed RTL Component Info : 
+---Registers : 
	                1 Bit    Registers := 1     
Module notech_reg__1357 
Detailed RTL Component Info : 
+---Registers : 
	                1 Bit    Registers := 1     
Module notech_reg__1358 
Detailed RTL Component Info : 
+---Registers : 
	                1 Bit    Registers := 1     
Module notech_reg__1359 
Detailed RTL Component Info : 
+---Registers : 
	                1 Bit    Registers := 1     
Module notech_reg__1360 
Detailed RTL Component Info : 
+---Registers : 
	                1 Bit    Registers := 1     
Module notech_reg__1361 
Detailed RTL Component Info : 
+---Registers : 
	                1 Bit    Registers := 1     
Module notech_reg__1362 
Detailed RTL Component Info : 
+---Registers : 
	                1 Bit    Registers := 1     
Module notech_reg__1363 
Detailed RTL Component Info : 
+---Registers : 
	                1 Bit    Registers := 1     
Module notech_reg__1364 
Detailed RTL Component Info : 
+---Registers : 
	                1 Bit    Registers := 1     
Module notech_reg__1365 
Detailed RTL Component Info : 
+---Registers : 
	                1 Bit    Registers := 1     
Module notech_reg__1366 
Detailed RTL Component Info : 
+---Registers : 
	                1 Bit    Registers := 1     
Module notech_reg__1367 
Detailed RTL Component Info : 
+---Registers : 
	                1 Bit    Registers := 1     
Module notech_reg__1368 
Detailed RTL Component Info : 
+---Registers : 
	                1 Bit    Registers := 1     
Module notech_reg__1369 
Detailed RTL Component Info : 
+---Registers : 
	                1 Bit    Registers := 1     
Module notech_reg__1370 
Detailed RTL Component Info : 
+---Registers : 
	                1 Bit    Registers := 1     
Module notech_reg__1371 
Detailed RTL Component Info : 
+---Registers : 
	                1 Bit    Registers := 1     
Module notech_reg__1372 
Detailed RTL Component Info : 
+---Registers : 
	                1 Bit    Registers := 1     
Module notech_reg__1373 
Detailed RTL Component Info : 
+---Registers : 
	                1 Bit    Registers := 1     
Module notech_reg__1374 
Detailed RTL Component Info : 
+---Registers : 
	                1 Bit    Registers := 1     
Module notech_reg__1375 
Detailed RTL Component Info : 
+---Registers : 
	                1 Bit    Registers := 1     
Module notech_reg__1376 
Detailed RTL Component Info : 
+---Registers : 
	                1 Bit    Registers := 1     
Module notech_reg__1377 
Detailed RTL Component Info : 
+---Registers : 
	                1 Bit    Registers := 1     
Module notech_reg__1378 
Detailed RTL Component Info : 
+---Registers : 
	                1 Bit    Registers := 1     
Module notech_reg__1379 
Detailed RTL Component Info : 
+---Registers : 
	                1 Bit    Registers := 1     
Module notech_reg__1380 
Detailed RTL Component Info : 
+---Registers : 
	                1 Bit    Registers := 1     
Module notech_reg__1381 
Detailed RTL Component Info : 
+---Registers : 
	                1 Bit    Registers := 1     
Module notech_reg__1382 
Detailed RTL Component Info : 
+---Registers : 
	                1 Bit    Registers := 1     
Module notech_reg__1383 
Detailed RTL Component Info : 
+---Registers : 
	                1 Bit    Registers := 1     
Module notech_reg__1384 
Detailed RTL Component Info : 
+---Registers : 
	                1 Bit    Registers := 1     
Module notech_reg__1385 
Detailed RTL Component Info : 
+---Registers : 
	                1 Bit    Registers := 1     
Module notech_reg__1386 
Detailed RTL Component Info : 
+---Registers : 
	                1 Bit    Registers := 1     
Module notech_reg__1387 
Detailed RTL Component Info : 
+---Registers : 
	                1 Bit    Registers := 1     
Module notech_reg__1388 
Detailed RTL Component Info : 
+---Registers : 
	                1 Bit    Registers := 1     
Module notech_reg__1389 
Detailed RTL Component Info : 
+---Registers : 
	                1 Bit    Registers := 1     
Module notech_reg__1390 
Detailed RTL Component Info : 
+---Registers : 
	                1 Bit    Registers := 1     
Module notech_reg__1391 
Detailed RTL Component Info : 
+---Registers : 
	                1 Bit    Registers := 1     
Module notech_reg__1392 
Detailed RTL Component Info : 
+---Registers : 
	                1 Bit    Registers := 1     
Module notech_reg__1393 
Detailed RTL Component Info : 
+---Registers : 
	                1 Bit    Registers := 1     
Module notech_reg__1394 
Detailed RTL Component Info : 
+---Registers : 
	                1 Bit    Registers := 1     
Module notech_reg__1395 
Detailed RTL Component Info : 
+---Registers : 
	                1 Bit    Registers := 1     
Module notech_reg__1396 
Detailed RTL Component Info : 
+---Registers : 
	                1 Bit    Registers := 1     
Module notech_reg__1397 
Detailed RTL Component Info : 
+---Registers : 
	                1 Bit    Registers := 1     
Module notech_reg__1398 
Detailed RTL Component Info : 
+---Registers : 
	                1 Bit    Registers := 1     
Module notech_reg__1399 
Detailed RTL Component Info : 
+---Registers : 
	                1 Bit    Registers := 1     
Module notech_reg__1400 
Detailed RTL Component Info : 
+---Registers : 
	                1 Bit    Registers := 1     
Module notech_reg__1401 
Detailed RTL Component Info : 
+---Registers : 
	                1 Bit    Registers := 1     
Module notech_reg__1402 
Detailed RTL Component Info : 
+---Registers : 
	                1 Bit    Registers := 1     
Module notech_reg__1403 
Detailed RTL Component Info : 
+---Registers : 
	                1 Bit    Registers := 1     
Module notech_reg__1404 
Detailed RTL Component Info : 
+---Registers : 
	                1 Bit    Registers := 1     
Module notech_reg__1405 
Detailed RTL Component Info : 
+---Registers : 
	                1 Bit    Registers := 1     
Module notech_reg__1406 
Detailed RTL Component Info : 
+---Registers : 
	                1 Bit    Registers := 1     
Module notech_reg__1407 
Detailed RTL Component Info : 
+---Registers : 
	                1 Bit    Registers := 1     
Module notech_reg__1408 
Detailed RTL Component Info : 
+---Registers : 
	                1 Bit    Registers := 1     
Module notech_reg__1409 
Detailed RTL Component Info : 
+---Registers : 
	                1 Bit    Registers := 1     
Module notech_reg__1410 
Detailed RTL Component Info : 
+---Registers : 
	                1 Bit    Registers := 1     
Module notech_reg__1411 
Detailed RTL Component Info : 
+---Registers : 
	                1 Bit    Registers := 1     
Module notech_reg__1412 
Detailed RTL Component Info : 
+---Registers : 
	                1 Bit    Registers := 1     
Module notech_reg__1413 
Detailed RTL Component Info : 
+---Registers : 
	                1 Bit    Registers := 1     
Module notech_reg__1414 
Detailed RTL Component Info : 
+---Registers : 
	                1 Bit    Registers := 1     
Module notech_reg__1415 
Detailed RTL Component Info : 
+---Registers : 
	                1 Bit    Registers := 1     
Module notech_reg__1416 
Detailed RTL Component Info : 
+---Registers : 
	                1 Bit    Registers := 1     
Module notech_reg__1417 
Detailed RTL Component Info : 
+---Registers : 
	                1 Bit    Registers := 1     
Module notech_reg__1418 
Detailed RTL Component Info : 
+---Registers : 
	                1 Bit    Registers := 1     
Module notech_reg__1419 
Detailed RTL Component Info : 
+---Registers : 
	                1 Bit    Registers := 1     
Module notech_reg__1420 
Detailed RTL Component Info : 
+---Registers : 
	                1 Bit    Registers := 1     
Module notech_reg__1421 
Detailed RTL Component Info : 
+---Registers : 
	                1 Bit    Registers := 1     
Module notech_reg__1422 
Detailed RTL Component Info : 
+---Registers : 
	                1 Bit    Registers := 1     
Module notech_reg__1423 
Detailed RTL Component Info : 
+---Registers : 
	                1 Bit    Registers := 1     
Module notech_reg__1424 
Detailed RTL Component Info : 
+---Registers : 
	                1 Bit    Registers := 1     
Module notech_reg__1425 
Detailed RTL Component Info : 
+---Registers : 
	                1 Bit    Registers := 1     
Module notech_reg__1426 
Detailed RTL Component Info : 
+---Registers : 
	                1 Bit    Registers := 1     
Module notech_reg__1427 
Detailed RTL Component Info : 
+---Registers : 
	                1 Bit    Registers := 1     
Module notech_reg__1428 
Detailed RTL Component Info : 
+---Registers : 
	                1 Bit    Registers := 1     
Module notech_reg__1429 
Detailed RTL Component Info : 
+---Registers : 
	                1 Bit    Registers := 1     
Module notech_reg__1430 
Detailed RTL Component Info : 
+---Registers : 
	                1 Bit    Registers := 1     
Module notech_reg__1431 
Detailed RTL Component Info : 
+---Registers : 
	                1 Bit    Registers := 1     
Module notech_reg__1432 
Detailed RTL Component Info : 
+---Registers : 
	                1 Bit    Registers := 1     
Module notech_reg__1433 
Detailed RTL Component Info : 
+---Registers : 
	                1 Bit    Registers := 1     
Module notech_reg__1434 
Detailed RTL Component Info : 
+---Registers : 
	                1 Bit    Registers := 1     
Module notech_reg__1435 
Detailed RTL Component Info : 
+---Registers : 
	                1 Bit    Registers := 1     
Module notech_reg__1436 
Detailed RTL Component Info : 
+---Registers : 
	                1 Bit    Registers := 1     
Module notech_reg__1437 
Detailed RTL Component Info : 
+---Registers : 
	                1 Bit    Registers := 1     
Module notech_reg__1438 
Detailed RTL Component Info : 
+---Registers : 
	                1 Bit    Registers := 1     
Module notech_reg__1439 
Detailed RTL Component Info : 
+---Registers : 
	                1 Bit    Registers := 1     
Module notech_reg__1440 
Detailed RTL Component Info : 
+---Registers : 
	                1 Bit    Registers := 1     
Module notech_reg__1441 
Detailed RTL Component Info : 
+---Registers : 
	                1 Bit    Registers := 1     
Module notech_reg_set 
Detailed RTL Component Info : 
+---Registers : 
	                1 Bit    Registers := 1     
Module notech_reg__1442 
Detailed RTL Component Info : 
+---Registers : 
	                1 Bit    Registers := 1     
Module notech_xor2__51 
Detailed RTL Component Info : 
+---XORs : 
	   2 Input      1 Bit         XORs := 1     
Module notech_ha2__25 
Detailed RTL Component Info : 
+---Adders : 
	   2 Input      2 Bit       Adders := 1     
Module notech_ha2__26 
Detailed RTL Component Info : 
+---Adders : 
	   2 Input      2 Bit       Adders := 1     
Module notech_ha2__27 
Detailed RTL Component Info : 
+---Adders : 
	   2 Input      2 Bit       Adders := 1     
Module notech_ha2__28 
Detailed RTL Component Info : 
+---Adders : 
	   2 Input      2 Bit       Adders := 1     
Module notech_ha2__29 
Detailed RTL Component Info : 
+---Adders : 
	   2 Input      2 Bit       Adders := 1     
Module notech_xor2__52 
Detailed RTL Component Info : 
+---XORs : 
	   2 Input      1 Bit         XORs := 1     
Module notech_ha2__30 
Detailed RTL Component Info : 
+---Adders : 
	   2 Input      2 Bit       Adders := 1     
Module notech_ha2__31 
Detailed RTL Component Info : 
+---Adders : 
	   2 Input      2 Bit       Adders := 1     
Module notech_ha2__32 
Detailed RTL Component Info : 
+---Adders : 
	   2 Input      2 Bit       Adders := 1     
Module notech_ha2__33 
Detailed RTL Component Info : 
+---Adders : 
	   2 Input      2 Bit       Adders := 1     
Module notech_ha2 
Detailed RTL Component Info : 
+---Adders : 
	   2 Input      2 Bit       Adders := 1     
Module notech_fa2__1 
Detailed RTL Component Info : 
+---Adders : 
	   3 Input      2 Bit       Adders := 1     
Module notech_fa2__2 
Detailed RTL Component Info : 
+---Adders : 
	   3 Input      2 Bit       Adders := 1     
Module notech_xor2__53 
Detailed RTL Component Info : 
+---XORs : 
	   2 Input      1 Bit         XORs := 1     
Module notech_fa2__3 
Detailed RTL Component Info : 
+---Adders : 
	   3 Input      2 Bit       Adders := 1     
Module notech_mux2__1354 
Detailed RTL Component Info : 
+---Muxes : 
	   2 Input      1 Bit        Muxes := 1     
Module notech_mux2__1355 
Detailed RTL Component Info : 
+---Muxes : 
	   2 Input      1 Bit        Muxes := 1     
Module notech_xor2__54 
Detailed RTL Component Info : 
+---XORs : 
	   2 Input      1 Bit         XORs := 1     
Module notech_mux2__1356 
Detailed RTL Component Info : 
+---Muxes : 
	   2 Input      1 Bit        Muxes := 1     
Module notech_mux2__1357 
Detailed RTL Component Info : 
+---Muxes : 
	   2 Input      1 Bit        Muxes := 1     
Module notech_mux2__1358 
Detailed RTL Component Info : 
+---Muxes : 
	   2 Input      1 Bit        Muxes := 1     
Module notech_mux2__1359 
Detailed RTL Component Info : 
+---Muxes : 
	   2 Input      1 Bit        Muxes := 1     
Module notech_reg__1443 
Detailed RTL Component Info : 
+---Registers : 
	                1 Bit    Registers := 1     
Module notech_reg__1444 
Detailed RTL Component Info : 
+---Registers : 
	                1 Bit    Registers := 1     
Module notech_reg__1445 
Detailed RTL Component Info : 
+---Registers : 
	                1 Bit    Registers := 1     
Module notech_reg__1446 
Detailed RTL Component Info : 
+---Registers : 
	                1 Bit    Registers := 1     
Module notech_reg__1447 
Detailed RTL Component Info : 
+---Registers : 
	                1 Bit    Registers := 1     
Module notech_reg__1448 
Detailed RTL Component Info : 
+---Registers : 
	                1 Bit    Registers := 1     
Module notech_reg__1449 
Detailed RTL Component Info : 
+---Registers : 
	                1 Bit    Registers := 1     
Module notech_xor2__55 
Detailed RTL Component Info : 
+---XORs : 
	   2 Input      1 Bit         XORs := 1     
Module notech_xor2__56 
Detailed RTL Component Info : 
+---XORs : 
	   2 Input      1 Bit         XORs := 1     
Module notech_xor2__57 
Detailed RTL Component Info : 
+---XORs : 
	   2 Input      1 Bit         XORs := 1     
Module notech_fa2__4 
Detailed RTL Component Info : 
+---Adders : 
	   3 Input      2 Bit       Adders := 1     
Module notech_fa2__5 
Detailed RTL Component Info : 
+---Adders : 
	   3 Input      2 Bit       Adders := 1     
Module notech_fa2__6 
Detailed RTL Component Info : 
+---Adders : 
	   3 Input      2 Bit       Adders := 1     
Module notech_mux2__1360 
Detailed RTL Component Info : 
+---Muxes : 
	   2 Input      1 Bit        Muxes := 1     
Module notech_mux2__1361 
Detailed RTL Component Info : 
+---Muxes : 
	   2 Input      1 Bit        Muxes := 1     
Module notech_mux2__1362 
Detailed RTL Component Info : 
+---Muxes : 
	   2 Input      1 Bit        Muxes := 1     
Module notech_mux2__1363 
Detailed RTL Component Info : 
+---Muxes : 
	   2 Input      1 Bit        Muxes := 1     
Module notech_mux2__1364 
Detailed RTL Component Info : 
+---Muxes : 
	   2 Input      1 Bit        Muxes := 1     
Module notech_mux2__1365 
Detailed RTL Component Info : 
+---Muxes : 
	   2 Input      1 Bit        Muxes := 1     
Module notech_mux2__1366 
Detailed RTL Component Info : 
+---Muxes : 
	   2 Input      1 Bit        Muxes := 1     
Module notech_mux2__1367 
Detailed RTL Component Info : 
+---Muxes : 
	   2 Input      1 Bit        Muxes := 1     
Module notech_mux2__1368 
Detailed RTL Component Info : 
+---Muxes : 
	   2 Input      1 Bit        Muxes := 1     
Module notech_mux2__1369 
Detailed RTL Component Info : 
+---Muxes : 
	   2 Input      1 Bit        Muxes := 1     
Module notech_mux2__1370 
Detailed RTL Component Info : 
+---Muxes : 
	   2 Input      1 Bit        Muxes := 1     
Module notech_mux2__1371 
Detailed RTL Component Info : 
+---Muxes : 
	   2 Input      1 Bit        Muxes := 1     
Module notech_mux2__1372 
Detailed RTL Component Info : 
+---Muxes : 
	   2 Input      1 Bit        Muxes := 1     
Module notech_mux2__1373 
Detailed RTL Component Info : 
+---Muxes : 
	   2 Input      1 Bit        Muxes := 1     
Module notech_mux2__1374 
Detailed RTL Component Info : 
+---Muxes : 
	   2 Input      1 Bit        Muxes := 1     
Module notech_reg__1450 
Detailed RTL Component Info : 
+---Registers : 
	                1 Bit    Registers := 1     
Module notech_reg__1451 
Detailed RTL Component Info : 
+---Registers : 
	                1 Bit    Registers := 1     
Module notech_reg__1452 
Detailed RTL Component Info : 
+---Registers : 
	                1 Bit    Registers := 1     
Module notech_reg__1453 
Detailed RTL Component Info : 
+---Registers : 
	                1 Bit    Registers := 1     
Module notech_reg__1454 
Detailed RTL Component Info : 
+---Registers : 
	                1 Bit    Registers := 1     
Module notech_reg__1455 
Detailed RTL Component Info : 
+---Registers : 
	                1 Bit    Registers := 1     
Module notech_reg__1456 
Detailed RTL Component Info : 
+---Registers : 
	                1 Bit    Registers := 1     
Module notech_reg__1457 
Detailed RTL Component Info : 
+---Registers : 
	                1 Bit    Registers := 1     
Module notech_reg__1458 
Detailed RTL Component Info : 
+---Registers : 
	                1 Bit    Registers := 1     
Module notech_reg__1459 
Detailed RTL Component Info : 
+---Registers : 
	                1 Bit    Registers := 1     
Module notech_reg__1460 
Detailed RTL Component Info : 
+---Registers : 
	                1 Bit    Registers := 1     
Module notech_reg__1461 
Detailed RTL Component Info : 
+---Registers : 
	                1 Bit    Registers := 1     
Module notech_reg__1462 
Detailed RTL Component Info : 
+---Registers : 
	                1 Bit    Registers := 1     
Module notech_reg__1463 
Detailed RTL Component Info : 
+---Registers : 
	                1 Bit    Registers := 1     
Module notech_reg__1464 
Detailed RTL Component Info : 
+---Registers : 
	                1 Bit    Registers := 1     
Module notech_reg__1465 
Detailed RTL Component Info : 
+---Registers : 
	                1 Bit    Registers := 1     
Module notech_reg__1466 
Detailed RTL Component Info : 
+---Registers : 
	                1 Bit    Registers := 1     
Module notech_reg__1467 
Detailed RTL Component Info : 
+---Registers : 
	                1 Bit    Registers := 1     
Module notech_xor2__58 
Detailed RTL Component Info : 
+---XORs : 
	   2 Input      1 Bit         XORs := 1     
Module notech_reg__1468 
Detailed RTL Component Info : 
+---Registers : 
	                1 Bit    Registers := 1     
Module notech_reg__1469 
Detailed RTL Component Info : 
+---Registers : 
	                1 Bit    Registers := 1     
Module notech_reg__1470 
Detailed RTL Component Info : 
+---Registers : 
	                1 Bit    Registers := 1     
Module notech_reg__1471 
Detailed RTL Component Info : 
+---Registers : 
	                1 Bit    Registers := 1     
Module notech_reg__1472 
Detailed RTL Component Info : 
+---Registers : 
	                1 Bit    Registers := 1     
Module notech_mux2__1375 
Detailed RTL Component Info : 
+---Muxes : 
	   2 Input      1 Bit        Muxes := 1     
Module notech_mux2__1376 
Detailed RTL Component Info : 
+---Muxes : 
	   2 Input      1 Bit        Muxes := 1     
Module notech_mux2__1377 
Detailed RTL Component Info : 
+---Muxes : 
	   2 Input      1 Bit        Muxes := 1     
Module notech_reg__1473 
Detailed RTL Component Info : 
+---Registers : 
	                1 Bit    Registers := 1     
Module notech_reg__1474 
Detailed RTL Component Info : 
+---Registers : 
	                1 Bit    Registers := 1     
Module notech_reg__1475 
Detailed RTL Component Info : 
+---Registers : 
	                1 Bit    Registers := 1     
Module notech_reg__1476 
Detailed RTL Component Info : 
+---Registers : 
	                1 Bit    Registers := 1     
Module notech_reg__1477 
Detailed RTL Component Info : 
+---Registers : 
	                1 Bit    Registers := 1     
Module notech_xor2__59 
Detailed RTL Component Info : 
+---XORs : 
	   2 Input      1 Bit         XORs := 1     
Module notech_xor2__60 
Detailed RTL Component Info : 
+---XORs : 
	   2 Input      1 Bit         XORs := 1     
Module notech_mux2__1378 
Detailed RTL Component Info : 
+---Muxes : 
	   2 Input      1 Bit        Muxes := 1     
Module notech_mux2 
Detailed RTL Component Info : 
+---Muxes : 
	   2 Input      1 Bit        Muxes := 1     
Module notech_xor2__61 
Detailed RTL Component Info : 
+---XORs : 
	   2 Input      1 Bit         XORs := 1     
Module notech_reg__1478 
Detailed RTL Component Info : 
+---Registers : 
	                1 Bit    Registers := 1     
Module notech_reg__1479 
Detailed RTL Component Info : 
+---Registers : 
	                1 Bit    Registers := 1     
Module notech_reg__1480 
Detailed RTL Component Info : 
+---Registers : 
	                1 Bit    Registers := 1     
Module notech_reg 
Detailed RTL Component Info : 
+---Registers : 
	                1 Bit    Registers := 1     
Module notech_fa2__7 
Detailed RTL Component Info : 
+---Adders : 
	   3 Input      2 Bit       Adders := 1     
Module notech_fa2__8 
Detailed RTL Component Info : 
+---Adders : 
	   3 Input      2 Bit       Adders := 1     
Module notech_fa2__9 
Detailed RTL Component Info : 
+---Adders : 
	   3 Input      2 Bit       Adders := 1     
Module notech_fa2__10 
Detailed RTL Component Info : 
+---Adders : 
	   3 Input      2 Bit       Adders := 1     
Module notech_fa2__11 
Detailed RTL Component Info : 
+---Adders : 
	   3 Input      2 Bit       Adders := 1     
Module notech_fa2__12 
Detailed RTL Component Info : 
+---Adders : 
	   3 Input      2 Bit       Adders := 1     
Module notech_fa2 
Detailed RTL Component Info : 
+---Adders : 
	   3 Input      2 Bit       Adders := 1     
Module notech_xor2__62 
Detailed RTL Component Info : 
+---XORs : 
	   2 Input      1 Bit         XORs := 1     
Module notech_xor2__63 
Detailed RTL Component Info : 
+---XORs : 
	   2 Input      1 Bit         XORs := 1     
Module notech_xor2 
Detailed RTL Component Info : 
+---XORs : 
	   2 Input      1 Bit         XORs := 1     
Module v8259 
Detailed RTL Component Info : 
+---Adders : 
	   2 Input      3 Bit       Adders := 2     
	   3 Input      3 Bit       Adders := 4     
+---Registers : 
	               16 Bit    Registers := 1     
	                8 Bit    Registers := 9     
	                5 Bit    Registers := 2     
	                3 Bit    Registers := 4     
	                1 Bit    Registers := 25    
+---Muxes : 
	   2 Input      8 Bit        Muxes := 17    
	   8 Input      8 Bit        Muxes := 5     
	   3 Input      3 Bit        Muxes := 2     
	   5 Input      3 Bit        Muxes := 2     
	   7 Input      3 Bit        Muxes := 4     
	   2 Input      3 Bit        Muxes := 2     
	   2 Input      1 Bit        Muxes := 33    
	   5 Input      1 Bit        Muxes := 4     
Module v8253_counter__1 
Detailed RTL Component Info : 
+---Adders : 
	   2 Input     16 Bit       Adders := 2     
	   2 Input      4 Bit       Adders := 3     
+---Registers : 
	               16 Bit    Registers := 1     
	                8 Bit    Registers := 5     
	                3 Bit    Registers := 1     
	                2 Bit    Registers := 1     
	                1 Bit    Registers := 15    
+---Muxes : 
	   5 Input     16 Bit        Muxes := 2     
	   2 Input     16 Bit        Muxes := 11    
	   2 Input      8 Bit        Muxes := 4     
	   2 Input      1 Bit        Muxes := 28    
	  23 Input      1 Bit        Muxes := 1     
	   6 Input      1 Bit        Muxes := 1     
Module v8253_counter__2 
Detailed RTL Component Info : 
+---Adders : 
	   2 Input     16 Bit       Adders := 2     
	   2 Input      4 Bit       Adders := 3     
+---Registers : 
	               16 Bit    Registers := 1     
	                8 Bit    Registers := 5     
	                3 Bit    Registers := 1     
	                2 Bit    Registers := 1     
	                1 Bit    Registers := 15    
+---Muxes : 
	   5 Input     16 Bit        Muxes := 2     
	   2 Input     16 Bit        Muxes := 11    
	   2 Input      8 Bit        Muxes := 4     
	   2 Input      1 Bit        Muxes := 28    
	  23 Input      1 Bit        Muxes := 1     
	   6 Input      1 Bit        Muxes := 1     
Module v8253_counter 
Detailed RTL Component Info : 
+---Adders : 
	   2 Input     16 Bit       Adders := 2     
	   2 Input      4 Bit       Adders := 3     
+---Registers : 
	               16 Bit    Registers := 1     
	                8 Bit    Registers := 5     
	                3 Bit    Registers := 1     
	                2 Bit    Registers := 1     
	                1 Bit    Registers := 15    
+---Muxes : 
	   5 Input     16 Bit        Muxes := 2     
	   2 Input     16 Bit        Muxes := 11    
	   2 Input      8 Bit        Muxes := 4     
	   2 Input      1 Bit        Muxes := 28    
	  23 Input      1 Bit        Muxes := 1     
	   6 Input      1 Bit        Muxes := 1     
Module v8253 
Detailed RTL Component Info : 
+---Adders : 
	   2 Input      8 Bit       Adders := 3     
	   2 Input      6 Bit       Adders := 1     
+---Registers : 
	                8 Bit    Registers := 4     
	                6 Bit    Registers := 1     
	                1 Bit    Registers := 5     
+---Muxes : 
	   2 Input      8 Bit        Muxes := 5     
	   2 Input      6 Bit        Muxes := 1     
	   2 Input      2 Bit        Muxes := 1     
	   2 Input      1 Bit        Muxes := 1     
Module tiny_spi 
Detailed RTL Component Info : 
+---Adders : 
	   2 Input      8 Bit       Adders := 1     
	   2 Input      3 Bit       Adders := 1     
+---Registers : 
	                8 Bit    Registers := 4     
	                3 Bit    Registers := 1     
	                2 Bit    Registers := 1     
	                1 Bit    Registers := 3     
+---Muxes : 
	   4 Input      8 Bit        Muxes := 1     
	   2 Input      8 Bit        Muxes := 3     
	   5 Input      3 Bit        Muxes := 1     
	   2 Input      3 Bit        Muxes := 2     
	   3 Input      2 Bit        Muxes := 1     
	   6 Input      2 Bit        Muxes := 1     
	   2 Input      1 Bit        Muxes := 4     
	   4 Input      1 Bit        Muxes := 6     
Module periph 
Detailed RTL Component Info : 
+---Adders : 
	   2 Input      9 Bit       Adders := 1     
	   2 Input      6 Bit       Adders := 1     
+---Registers : 
	               32 Bit    Registers := 4     
	                9 Bit    Registers := 1     
	                8 Bit    Registers := 8     
	                6 Bit    Registers := 1     
	                4 Bit    Registers := 1     
	                1 Bit    Registers := 6     
+---Muxes : 
	   2 Input     32 Bit        Muxes := 5     
	   3 Input     32 Bit        Muxes := 1     
	   7 Input     32 Bit        Muxes := 1     
	   4 Input     32 Bit        Muxes := 1     
	   2 Input     16 Bit        Muxes := 1     
	   2 Input      9 Bit        Muxes := 1     
	   7 Input      8 Bit        Muxes := 1     
	   7 Input      3 Bit        Muxes := 1     
	   3 Input      2 Bit        Muxes := 1     
	   4 Input      2 Bit        Muxes := 1     
	   2 Input      1 Bit        Muxes := 5     
---------------------------------------------------------------------------------
Finished RTL Hierarchical Component Statistics
---------------------------------------------------------------------------------
---------------------------------------------------------------------------------
Start Part Resource Summary
---------------------------------------------------------------------------------
Part Resources:
DSPs: 240 (col length:80)
BRAMs: 270 (col length: RAMB18 80 RAMB36 40)
---------------------------------------------------------------------------------
Finished Part Resource Summary
---------------------------------------------------------------------------------
Start Parallel Synthesis Optimization  : Time (s): cpu = 00:01:11 ; elapsed = 00:01:10 . Memory (MB): peak = 1607.805 ; gain = 799.156 ; free physical = 1105 ; free virtual = 5809
---------------------------------------------------------------------------------
Start Cross Boundary Optimization
---------------------------------------------------------------------------------
WARNING: [Synth 8-3917] design TOP_SYS has port sdwp driven by constant 1
WARNING: [Synth 8-3917] design TOP_SYS has port sdhld driven by constant 1
WARNING: [Synth 8-3331] design TOP_SYS has unconnected port PhyCrs
WARNING: [Synth 8-3331] design TOP_SYS has unconnected port PhyTxEn
WARNING: [Synth 8-3331] design TOP_SYS has unconnected port PhyTxd[1]
WARNING: [Synth 8-3331] design TOP_SYS has unconnected port PhyTxd[0]
WARNING: [Synth 8-3331] design TOP_SYS has unconnected port PhyRxErr
WARNING: [Synth 8-3331] design TOP_SYS has unconnected port PhyRxd[1]
WARNING: [Synth 8-3331] design TOP_SYS has unconnected port PhyRxd[0]
WARNING: [Synth 8-3936] Found unconnected internal register 'unsign_st1a_reg' and it is trimmed from '48' to '31' bits. [/home/leo/cpu/vault.memo/v10.8ddr/synthetic_op.v:53]
WARNING: [Synth 8-3936] Found unconnected internal register 'unsign_st1a_reg' and it is trimmed from '48' to '17' bits. [/home/leo/cpu/vault.memo/v10.8ddr/synthetic_op.v:53]
WARNING: [Synth 8-3936] Found unconnected internal register 'unsign_st1b_reg' and it is trimmed from '48' to '31' bits. [/home/leo/cpu/vault.memo/v10.8ddr/synthetic_op.v:54]
WARNING: [Synth 8-3936] Found unconnected internal register 'unsign_st1b_reg' and it is trimmed from '48' to '17' bits. [/home/leo/cpu/vault.memo/v10.8ddr/synthetic_op.v:54]
DSP Report: Generating DSP unsign_st1b0, operation Mode is: A2*B2.
DSP Report: register B is absorbed into DSP unsign_st1b0.
DSP Report: register A is absorbed into DSP unsign_st1b0.
DSP Report: operator unsign_st1b0 is absorbed into DSP unsign_st1b0.
DSP Report: operator unsign_st1b0 is absorbed into DSP unsign_st1b0.
DSP Report: Generating DSP unsign_st1b_reg, operation Mode is: ((PCIN>>17)+A2*B2)'.
DSP Report: register B is absorbed into DSP unsign_st1b_reg.
DSP Report: register A is absorbed into DSP unsign_st1b_reg.
DSP Report: register unsign_st1b_reg is absorbed into DSP unsign_st1b_reg.
DSP Report: operator unsign_st1b0 is absorbed into DSP unsign_st1b_reg.
DSP Report: operator unsign_st1b0 is absorbed into DSP unsign_st1b_reg.
DSP Report: Generating DSP unsign_st1a0, operation Mode is: A2*B2.
DSP Report: register B is absorbed into DSP unsign_st1a0.
DSP Report: register A is absorbed into DSP unsign_st1a0.
DSP Report: operator unsign_st1a0 is absorbed into DSP unsign_st1a0.
DSP Report: operator unsign_st1a0 is absorbed into DSP unsign_st1a0.
DSP Report: Generating DSP unsign_st1a_reg, operation Mode is: ((PCIN>>17)+A2*B2)'.
DSP Report: register B is absorbed into DSP unsign_st1a_reg.
DSP Report: register A is absorbed into DSP unsign_st1a_reg.
DSP Report: register unsign_st1a_reg is absorbed into DSP unsign_st1a_reg.
DSP Report: operator unsign_st1a0 is absorbed into DSP unsign_st1a_reg.
DSP Report: operator unsign_st1a0 is absorbed into DSP unsign_st1a_reg.
INFO: [Synth 8-5545] ROM "nCF" won't be mapped to RAM because address size (32) is larger than maximum supported(18)
INFO: [Synth 8-5545] ROM "nCF" won't be mapped to RAM because address size (32) is larger than maximum supported(18)
INFO: [Synth 8-5545] ROM "regs" won't be mapped to RAM because address size (32) is larger than maximum supported(18)
INFO: [Synth 8-5545] ROM "regs" won't be mapped to RAM because address size (32) is larger than maximum supported(18)
INFO: [Synth 8-5545] ROM "regs" won't be mapped to RAM because address size (32) is larger than maximum supported(18)
INFO: [Synth 8-5545] ROM "regs" won't be mapped to RAM because address size (32) is larger than maximum supported(18)
INFO: [Synth 8-5545] ROM "CFOF_mul32o" won't be mapped to RAM because address size (32) is larger than maximum supported(18)
INFO: [Synth 8-5545] ROM "CFOF_mul16o" won't be mapped to RAM because address size (48) is larger than maximum supported(18)
INFO: [Synth 8-5545] ROM "CFOF_mul8o" won't be mapped to RAM because address size (56) is larger than maximum supported(18)
INFO: [Synth 8-5545] ROM "CFOF_mul32z" won't be mapped to RAM because address size (32) is larger than maximum supported(18)
INFO: [Synth 8-5545] ROM "CFOF_mul16z" won't be mapped to RAM because address size (48) is larger than maximum supported(18)
INFO: [Synth 8-5545] ROM "CFOF_mul8z" won't be mapped to RAM because address size (56) is larger than maximum supported(18)
INFO: [Synth 8-5545] ROM "nZF" won't be mapped to RAM because address size (32) is larger than maximum supported(18)
INFO: [Synth 8-5545] ROM "i_acu/seg_src" won't be mapped to RAM because address size (32) is larger than maximum supported(18)
WARNING: [Synth 8-3917] design cpu__GC0 has port seg_src[2] driven by constant 0
---------------------------------------------------------------------------------
Finished Cross Boundary Optimization : Time (s): cpu = 00:01:15 ; elapsed = 00:02:17 . Memory (MB): peak = 1627.445 ; gain = 818.797 ; free physical = 118 ; free virtual = 4256
---------------------------------------------------------------------------------
Finished Parallel Reinference  : Time (s): cpu = 00:01:15 ; elapsed = 00:02:17 . Memory (MB): peak = 1627.445 ; gain = 818.797 ; free physical = 118 ; free virtual = 4256

Report RTL Partitions: 
+------+---------------+------------+----------+
|      |RTL Partition  |Replication |Instances |
+------+---------------+------------+----------+
|1     |clk_wiz_0__GC0 |           1|         5|
|2     |vliw__GB0      |           1|     33547|
|3     |vliw__GB1      |           1|      8919|
|4     |vliw__GB2      |           1|     25407|
|5     |vliw__GB3      |           1|     32323|
|6     |vliw__GB4      |           1|     25322|
|7     |cpu__GC0       |           1|     41163|
|8     |core__GC0      |           1|     24338|
|9     |biu32_axi__GB0 |           1|     41490|
|10    |biu32_axi__GB1 |           1|     15173|
|11    |biu32_axi__GB2 |           1|       433|
|12    |biu32_axi__GB3 |           1|     15025|
|13    |TOP_SYS__GC0   |           1|     16698|
+------+---------------+------------+----------+
INFO: [Synth 8-5562] The signal c1/Mem_reg is implemented as block RAM but is better mapped onto distributed LUT RAM for the following reason(s): The *depth (7 address bits)* is shallow. Please use attribute (* ram_style = "distributed" *) to instruct Vivado to infer distributed LUT RAM.
INFO: [Synth 8-5562] The signal c2/Mem_reg is implemented as block RAM but is better mapped onto distributed LUT RAM for the following reason(s): The *depth (7 address bits)* is shallow. Please use attribute (* ram_style = "distributed" *) to instruct Vivado to infer distributed LUT RAM.
INFO: [Synth 8-5562] The signal c3/Mem_reg is implemented as block RAM but is better mapped onto distributed LUT RAM for the following reason(s): The *depth (7 address bits)* is shallow. Please use attribute (* ram_style = "distributed" *) to instruct Vivado to infer distributed LUT RAM.
INFO: [Synth 8-5562] The signal c4/Mem_reg is implemented as block RAM but is better mapped onto distributed LUT RAM for the following reason(s): The *depth (7 address bits)* is shallow. Please use attribute (* ram_style = "distributed" *) to instruct Vivado to infer distributed LUT RAM.
---------------------------------------------------------------------------------
Start ROM, RAM, DSP and Shift Register Reporting
---------------------------------------------------------------------------------

ROM:
+------------+------------+---------------+----------------+
|Module Name | RTL Object | Depth x Width | Implemented As | 
+------------+------------+---------------+----------------+
|axi_rom     | extrom     | 1024x8        | Block RAM      | 
|axi_rom     | extrom__1  | 1024x8        | Block RAM      | 
|axi_rom     | extrom__2  | 1024x8        | Block RAM      | 
|axi_rom     | extrom__3  | 1024x8        | Block RAM      | 
+------------+------------+---------------+----------------+


Block RAM:
+---------------+--------------------+------------------------+---+---+------------------------+---+---+---------+--------+--------+-------------------+
|Module Name    | RTL Object         | PORT A (Depth x Width) | W | R | PORT B (Depth x Width) | W | R | OUT_REG | RAMB18 | RAMB36 | Hierarchical Name | 
+---------------+--------------------+------------------------+---+---+------------------------+---+---+---------+--------+--------+-------------------+
|core__GC0      | c1/Mem_reg         | 128 x 128(READ_FIRST)  | W | R |                        |   |   | Port A  | 4      | 0      | useq/extram__6    | 
|core__GC0      | c2/Mem_reg         | 128 x 128(READ_FIRST)  | W | R |                        |   |   | Port A  | 4      | 0      | useq/extram__8    | 
|core__GC0      | c3/Mem_reg         | 128 x 128(READ_FIRST)  | W | R |                        |   |   | Port A  | 4      | 0      | useq/extram__10   | 
|core__GC0      | c4/Mem_reg         | 128 x 128(READ_FIRST)  | W | R |                        |   |   | Port A  | 4      | 0      | useq/extram__12   | 
|biu32_axi__GB3 | datacache1/Mem_reg | 2 K x 32(READ_FIRST)   | W | R |                        |   |   | Port A  | 0      | 2      | extram__14        | 
+---------------+--------------------+------------------------+---+---+------------------------+---+---+---------+--------+--------+-------------------+

Note: The table shows the Block RAMs at the current stage of the synthesis flow. Some Block RAMs may be reimplemented as non Block RAM primitives later in the synthesis flow. Multiple instantiated Block RAMs are reported only once. "Hierarchical Name" reflects the Block RAM name as it appears in the hierarchical module and only part of it is displayed.
DSP:
+-------------+---------------------+--------------+--------+--------+--------+--------+--------+------+------+------+------+-------+------+------+
|Module Name  | DSP Mapping         | Neg Edge Clk | A Size | B Size | C Size | D Size | P Size | AREG | BREG | CREG | DREG | ADREG | MREG | PREG | 
+-------------+---------------------+--------------+--------+--------+--------+--------+--------+------+------+------+------+-------+------+------+
|synthetic_op | A2*B2               | No           | 18     | 17     | 48     | 25     | 48     | 1    | 1    | 1    | 1    | 1     | 0    | 0    | 
|synthetic_op | ((PCIN>>17)+A2*B2)' | No           | 17     | 16     | 31     | 25     | 31     | 1    | 1    | 1    | 1    | 1     | 0    | 1    | 
|synthetic_op | A2*B2               | No           | 18     | 17     | 48     | 25     | 48     | 1    | 1    | 1    | 1    | 1     | 0    | 0    | 
|synthetic_op | ((PCIN>>17)+A2*B2)' | No           | 17     | 16     | 31     | 25     | 31     | 1    | 1    | 1    | 1    | 1     | 0    | 1    | 
+-------------+---------------------+--------------+--------+--------+--------+--------+--------+------+------+------+------+-------+------+------+

Note: The table shows the DSPs inferred at the current stage of the synthesis flow. Some DSP may be reimplemented as non DSP primitives later in the synthesis flow. Multiple instantiated DSPs are reported only once.
---------------------------------------------------------------------------------
Finished ROM, RAM, DSP and Shift Register Reporting
---------------------------------------------------------------------------------
---------------------------------------------------------------------------------
Start Area Optimization
---------------------------------------------------------------------------------
INFO: [Synth 8-3333] propagating constant 0 across sequential element (ubiui_10/\axi_io_AR_reg[0] )
INFO: [Synth 8-3333] propagating constant 0 across sequential element (ubiui_10/\axi_io_AR_reg[1] )
INFO: [Synth 8-3333] propagating constant 0 across sequential element (ubiui_10/\axi_io_AR_reg[18] )
INFO: [Synth 8-3333] propagating constant 0 across sequential element (ubiui_10/\axi_io_AR_reg[19] )
INFO: [Synth 8-3333] propagating constant 0 across sequential element (ubiui_10/\axi_io_AR_reg[20] )
INFO: [Synth 8-3333] propagating constant 0 across sequential element (ubiui_10/\axi_io_AR_reg[21] )
INFO: [Synth 8-3333] propagating constant 0 across sequential element (ubiui_10/\axi_io_AR_reg[22] )
INFO: [Synth 8-3333] propagating constant 0 across sequential element (ubiui_10/\axi_io_AR_reg[23] )
INFO: [Synth 8-3333] propagating constant 0 across sequential element (ubiui_10/\axi_io_AR_reg[24] )
INFO: [Synth 8-3333] propagating constant 0 across sequential element (ubiui_10/\axi_io_AR_reg[25] )
INFO: [Synth 8-3333] propagating constant 0 across sequential element (ubiui_10/\axi_io_AR_reg[26] )
INFO: [Synth 8-3333] propagating constant 0 across sequential element (ubiui_10/\axi_io_AR_reg[27] )
INFO: [Synth 8-3333] propagating constant 0 across sequential element (ubiui_10/\axi_io_AR_reg[28] )
INFO: [Synth 8-3333] propagating constant 0 across sequential element (ubiui_10/\axi_io_AR_reg[29] )
INFO: [Synth 8-3333] propagating constant 0 across sequential element (ubiui_10/\axi_io_AR_reg[30] )
INFO: [Synth 8-3333] propagating constant 0 across sequential element (ubiui_10/\axi_io_AR_reg[31] )
INFO: [Synth 8-3333] propagating constant 0 across sequential element (ubiui_10/\axi_io_AW_reg[0] )
INFO: [Synth 8-3333] propagating constant 0 across sequential element (ubiui_10/\axi_io_AW_reg[1] )
INFO: [Synth 8-3333] propagating constant 0 across sequential element (ubiui_10/\axi_io_AW_reg[18] )
INFO: [Synth 8-3333] propagating constant 0 across sequential element (ubiui_10/\axi_io_AW_reg[19] )
INFO: [Synth 8-3333] propagating constant 0 across sequential element (ubiui_10/\axi_io_AW_reg[20] )
INFO: [Synth 8-3333] propagating constant 0 across sequential element (ubiui_10/\axi_io_AW_reg[21] )
INFO: [Synth 8-3333] propagating constant 0 across sequential element (ubiui_10/\axi_io_AW_reg[22] )
INFO: [Synth 8-3333] propagating constant 0 across sequential element (ubiui_10/\axi_io_AW_reg[23] )
INFO: [Synth 8-3333] propagating constant 0 across sequential element (ubiui_10/\axi_io_AW_reg[24] )
INFO: [Synth 8-3333] propagating constant 0 across sequential element (ubiui_10/\axi_io_AW_reg[25] )
INFO: [Synth 8-3333] propagating constant 0 across sequential element (ubiui_10/\axi_io_AW_reg[26] )
INFO: [Synth 8-3333] propagating constant 0 across sequential element (ubiui_10/\axi_io_AW_reg[27] )
INFO: [Synth 8-3333] propagating constant 0 across sequential element (ubiui_10/\axi_io_AW_reg[28] )
INFO: [Synth 8-3333] propagating constant 0 across sequential element (ubiui_10/\axi_io_AW_reg[29] )
INFO: [Synth 8-3333] propagating constant 0 across sequential element (ubiui_10/\axi_io_AW_reg[30] )
INFO: [Synth 8-3333] propagating constant 0 across sequential element (ubiui_10/\axi_io_AW_reg[31] )
INFO: [Synth 8-3333] propagating constant 0 across sequential element (ubiui_10/\axi_AR_reg[0] )
INFO: [Synth 8-3333] propagating constant 0 across sequential element (ubiui_10/\axi_AR_reg[1] )
INFO: [Synth 8-3333] propagating constant 0 across sequential element (ubiui_10/\axi_AW_reg[0] )
INFO: [Synth 8-3333] propagating constant 0 across sequential element (ubiui_10/\axi_AW_reg[1] )
INFO: [Synth 8-3333] propagating constant 0 across sequential element (i_vliwi_2/\read_sz_reg[0] )
INFO: [Synth 8-3333] propagating constant 1 across sequential element (i_vliwi_2/\read_sz_reg[1] )
INFO: [Synth 8-3333] propagating constant 0 across sequential element (\errco_reg[3] )
INFO: [Synth 8-3333] propagating constant 0 across sequential element (\errco_reg[5] )
INFO: [Synth 8-3333] propagating constant 0 across sequential element (\errco_reg[6] )
INFO: [Synth 8-3333] propagating constant 0 across sequential element (\errco_reg[7] )
INFO: [Synth 8-3333] propagating constant 0 across sequential element (\errco_reg[8] )
INFO: [Synth 8-3333] propagating constant 0 across sequential element (\errco_reg[9] )
INFO: [Synth 8-3333] propagating constant 0 across sequential element (\errco_reg[10] )
INFO: [Synth 8-3333] propagating constant 0 across sequential element (\errco_reg[11] )
INFO: [Synth 8-3333] propagating constant 0 across sequential element (\errco_reg[12] )
INFO: [Synth 8-3333] propagating constant 0 across sequential element (\errco_reg[13] )
INFO: [Synth 8-3333] propagating constant 0 across sequential element (\errco_reg[14] )
INFO: [Synth 8-3333] propagating constant 0 across sequential element (\errco_reg[15] )
INFO: [Synth 8-3333] propagating constant 0 across sequential element (\errco_reg[16] )
INFO: [Synth 8-3333] propagating constant 0 across sequential element (\errco_reg[17] )
INFO: [Synth 8-3333] propagating constant 0 across sequential element (\errco_reg[18] )
INFO: [Synth 8-3333] propagating constant 0 across sequential element (\errco_reg[19] )
INFO: [Synth 8-3333] propagating constant 0 across sequential element (\errco_reg[20] )
INFO: [Synth 8-3333] propagating constant 0 across sequential element (\errco_reg[21] )
INFO: [Synth 8-3333] propagating constant 0 across sequential element (\errco_reg[22] )
INFO: [Synth 8-3333] propagating constant 0 across sequential element (\errco_reg[23] )
INFO: [Synth 8-3333] propagating constant 0 across sequential element (\errco_reg[24] )
INFO: [Synth 8-3333] propagating constant 0 across sequential element (\errco_reg[25] )
INFO: [Synth 8-3333] propagating constant 0 across sequential element (\errco_reg[26] )
INFO: [Synth 8-3333] propagating constant 0 across sequential element (\errco_reg[27] )
INFO: [Synth 8-3333] propagating constant 0 across sequential element (\errco_reg[28] )
INFO: [Synth 8-3333] propagating constant 0 across sequential element (\errco_reg[29] )
INFO: [Synth 8-3333] propagating constant 0 across sequential element (\errco_reg[30] )
INFO: [Synth 8-3333] propagating constant 0 across sequential element (\errco_reg[31] )
WARNING: [Synth 8-3332] Sequential element (\fpu_indrm_reg[6] ) is unused and will be removed from module deco.
WARNING: [Synth 8-3332] Sequential element (\fpu_indrm_reg[5] ) is unused and will be removed from module deco.
WARNING: [Synth 8-3332] Sequential element (\fpu_indrm_reg[1] ) is unused and will be removed from module deco.
WARNING: [Synth 8-3332] Sequential element (\fpu_modrm_reg[7] ) is unused and will be removed from module deco.
WARNING: [Synth 8-3332] Sequential element (\fpu_modrm_reg[6] ) is unused and will be removed from module deco.
WARNING: [Synth 8-3332] Sequential element (\fpu_modrm_reg[5] ) is unused and will be removed from module deco.
WARNING: [Synth 8-3332] Sequential element (\fpu_modrm_reg[4] ) is unused and will be removed from module deco.
WARNING: [Synth 8-3332] Sequential element (\fpu_modrm_reg[3] ) is unused and will be removed from module deco.
WARNING: [Synth 8-3332] Sequential element (\to_acu1_reg[210] ) is unused and will be removed from module deco.
WARNING: [Synth 8-3332] Sequential element (\to_acu1_reg[209] ) is unused and will be removed from module deco.
WARNING: [Synth 8-3332] Sequential element (\to_acu1_reg[208] ) is unused and will be removed from module deco.
WARNING: [Synth 8-3332] Sequential element (\to_acu1_reg[207] ) is unused and will be removed from module deco.
WARNING: [Synth 8-3332] Sequential element (\to_acu1_reg[206] ) is unused and will be removed from module deco.
WARNING: [Synth 8-3332] Sequential element (\to_acu1_reg[205] ) is unused and will be removed from module deco.
WARNING: [Synth 8-3332] Sequential element (\to_acu1_reg[204] ) is unused and will be removed from module deco.
WARNING: [Synth 8-3332] Sequential element (\to_acu1_reg[203] ) is unused and will be removed from module deco.
WARNING: [Synth 8-3332] Sequential element (\to_acu1_reg[202] ) is unused and will be removed from module deco.
WARNING: [Synth 8-3332] Sequential element (\to_acu1_reg[201] ) is unused and will be removed from module deco.
WARNING: [Synth 8-3332] Sequential element (\to_acu1_reg[200] ) is unused and will be removed from module deco.
WARNING: [Synth 8-3332] Sequential element (\to_acu1_reg[199] ) is unused and will be removed from module deco.
WARNING: [Synth 8-3332] Sequential element (\to_acu1_reg[198] ) is unused and will be removed from module deco.
WARNING: [Synth 8-3332] Sequential element (\to_acu1_reg[197] ) is unused and will be removed from module deco.
WARNING: [Synth 8-3332] Sequential element (\to_acu1_reg[196] ) is unused and will be removed from module deco.
WARNING: [Synth 8-3332] Sequential element (\to_acu1_reg[195] ) is unused and will be removed from module deco.
WARNING: [Synth 8-3332] Sequential element (\to_acu1_reg[194] ) is unused and will be removed from module deco.
WARNING: [Synth 8-3332] Sequential element (\to_acu1_reg[193] ) is unused and will be removed from module deco.
WARNING: [Synth 8-3332] Sequential element (\to_acu1_reg[192] ) is unused and will be removed from module deco.
WARNING: [Synth 8-3332] Sequential element (\to_acu1_reg[191] ) is unused and will be removed from module deco.
WARNING: [Synth 8-3332] Sequential element (\to_acu1_reg[190] ) is unused and will be removed from module deco.
WARNING: [Synth 8-3332] Sequential element (\to_acu1_reg[189] ) is unused and will be removed from module deco.
WARNING: [Synth 8-3332] Sequential element (\to_acu1_reg[188] ) is unused and will be removed from module deco.
WARNING: [Synth 8-3332] Sequential element (\to_acu1_reg[187] ) is unused and will be removed from module deco.
WARNING: [Synth 8-3332] Sequential element (\to_acu1_reg[186] ) is unused and will be removed from module deco.
WARNING: [Synth 8-3332] Sequential element (\to_acu1_reg[185] ) is unused and will be removed from module deco.
WARNING: [Synth 8-3332] Sequential element (\to_acu1_reg[184] ) is unused and will be removed from module deco.
WARNING: [Synth 8-3332] Sequential element (\to_acu1_reg[183] ) is unused and will be removed from module deco.
WARNING: [Synth 8-3332] Sequential element (\to_acu1_reg[182] ) is unused and will be removed from module deco.
WARNING: [Synth 8-3332] Sequential element (\to_acu1_reg[181] ) is unused and will be removed from module deco.
WARNING: [Synth 8-3332] Sequential element (\to_acu1_reg[180] ) is unused and will be removed from module deco.
WARNING: [Synth 8-3332] Sequential element (\to_acu1_reg[179] ) is unused and will be removed from module deco.
WARNING: [Synth 8-3332] Sequential element (\to_acu1_reg[178] ) is unused and will be removed from module deco.
WARNING: [Synth 8-3332] Sequential element (\to_acu1_reg[177] ) is unused and will be removed from module deco.
WARNING: [Synth 8-3332] Sequential element (\to_acu1_reg[176] ) is unused and will be removed from module deco.
WARNING: [Synth 8-3332] Sequential element (\to_acu1_reg[175] ) is unused and will be removed from module deco.
WARNING: [Synth 8-3332] Sequential element (\to_acu1_reg[174] ) is unused and will be removed from module deco.
WARNING: [Synth 8-3332] Sequential element (\to_acu1_reg[173] ) is unused and will be removed from module deco.
WARNING: [Synth 8-3332] Sequential element (\to_acu1_reg[172] ) is unused and will be removed from module deco.
WARNING: [Synth 8-3332] Sequential element (\to_acu1_reg[171] ) is unused and will be removed from module deco.
WARNING: [Synth 8-3332] Sequential element (\to_acu1_reg[170] ) is unused and will be removed from module deco.
WARNING: [Synth 8-3332] Sequential element (\to_acu1_reg[169] ) is unused and will be removed from module deco.
WARNING: [Synth 8-3332] Sequential element (\to_acu1_reg[168] ) is unused and will be removed from module deco.
WARNING: [Synth 8-3332] Sequential element (\to_acu1_reg[167] ) is unused and will be removed from module deco.
WARNING: [Synth 8-3332] Sequential element (\to_acu1_reg[166] ) is unused and will be removed from module deco.
WARNING: [Synth 8-3332] Sequential element (\to_acu1_reg[165] ) is unused and will be removed from module deco.
WARNING: [Synth 8-3332] Sequential element (\to_acu1_reg[164] ) is unused and will be removed from module deco.
WARNING: [Synth 8-3332] Sequential element (\to_acu1_reg[163] ) is unused and will be removed from module deco.
WARNING: [Synth 8-3332] Sequential element (\to_acu1_reg[162] ) is unused and will be removed from module deco.
WARNING: [Synth 8-3332] Sequential element (\to_acu1_reg[161] ) is unused and will be removed from module deco.
WARNING: [Synth 8-3332] Sequential element (\to_acu1_reg[160] ) is unused and will be removed from module deco.
WARNING: [Synth 8-3332] Sequential element (\to_acu1_reg[159] ) is unused and will be removed from module deco.
WARNING: [Synth 8-3332] Sequential element (\to_acu1_reg[158] ) is unused and will be removed from module deco.
WARNING: [Synth 8-3332] Sequential element (\to_acu1_reg[157] ) is unused and will be removed from module deco.
WARNING: [Synth 8-3332] Sequential element (\to_acu1_reg[156] ) is unused and will be removed from module deco.
WARNING: [Synth 8-3332] Sequential element (\to_acu1_reg[155] ) is unused and will be removed from module deco.
WARNING: [Synth 8-3332] Sequential element (\to_acu1_reg[154] ) is unused and will be removed from module deco.
WARNING: [Synth 8-3332] Sequential element (\to_acu1_reg[153] ) is unused and will be removed from module deco.
WARNING: [Synth 8-3332] Sequential element (\to_acu1_reg[152] ) is unused and will be removed from module deco.
WARNING: [Synth 8-3332] Sequential element (\to_acu1_reg[151] ) is unused and will be removed from module deco.
WARNING: [Synth 8-3332] Sequential element (\to_acu1_reg[150] ) is unused and will be removed from module deco.
WARNING: [Synth 8-3332] Sequential element (\to_acu1_reg[149] ) is unused and will be removed from module deco.
WARNING: [Synth 8-3332] Sequential element (\to_acu1_reg[148] ) is unused and will be removed from module deco.
WARNING: [Synth 8-3332] Sequential element (\to_acu1_reg[147] ) is unused and will be removed from module deco.
WARNING: [Synth 8-3332] Sequential element (\to_acu1_reg[146] ) is unused and will be removed from module deco.
WARNING: [Synth 8-3332] Sequential element (\to_acu1_reg[145] ) is unused and will be removed from module deco.
WARNING: [Synth 8-3332] Sequential element (\to_acu1_reg[144] ) is unused and will be removed from module deco.
WARNING: [Synth 8-3332] Sequential element (\to_acu1_reg[143] ) is unused and will be removed from module deco.
WARNING: [Synth 8-3332] Sequential element (\to_acu1_reg[142] ) is unused and will be removed from module deco.
WARNING: [Synth 8-3332] Sequential element (\to_acu1_reg[141] ) is unused and will be removed from module deco.
WARNING: [Synth 8-3332] Sequential element (\to_acu1_reg[140] ) is unused and will be removed from module deco.
WARNING: [Synth 8-3332] Sequential element (\to_acu1_reg[139] ) is unused and will be removed from module deco.
WARNING: [Synth 8-3332] Sequential element (\to_acu1_reg[96] ) is unused and will be removed from module deco.
WARNING: [Synth 8-3332] Sequential element (\to_acu1_reg[95] ) is unused and will be removed from module deco.
WARNING: [Synth 8-3332] Sequential element (\to_acu1_reg[94] ) is unused and will be removed from module deco.
WARNING: [Synth 8-3332] Sequential element (\to_acu1_reg[90] ) is unused and will be removed from module deco.
WARNING: [Synth 8-3332] Sequential element (\to_acu1_reg[89] ) is unused and will be removed from module deco.
WARNING: [Synth 8-3332] Sequential element (\to_acu1_reg[88] ) is unused and will be removed from module deco.
WARNING: [Synth 8-3332] Sequential element (\to_acu1_reg[87] ) is unused and will be removed from module deco.
WARNING: [Synth 8-3332] Sequential element (\to_acu1_reg[86] ) is unused and will be removed from module deco.
WARNING: [Synth 8-3332] Sequential element (\to_acu1_reg[85] ) is unused and will be removed from module deco.
WARNING: [Synth 8-3332] Sequential element (\to_acu1_reg[84] ) is unused and will be removed from module deco.
WARNING: [Synth 8-3332] Sequential element (\to_acu1_reg[83] ) is unused and will be removed from module deco.
WARNING: [Synth 8-3332] Sequential element (\to_acu1_reg[81] ) is unused and will be removed from module deco.
WARNING: [Synth 8-3332] Sequential element (\to_acu1_reg[80] ) is unused and will be removed from module deco.
WARNING: [Synth 8-3332] Sequential element (\to_acu1_reg[79] ) is unused and will be removed from module deco.
WARNING: [Synth 8-3332] Sequential element (\to_acu1_reg[78] ) is unused and will be removed from module deco.
WARNING: [Synth 8-3332] Sequential element (\to_acu1_reg[77] ) is unused and will be removed from module deco.
WARNING: [Synth 8-3332] Sequential element (\to_acu1_reg[76] ) is unused and will be removed from module deco.
WARNING: [Synth 8-3332] Sequential element (\to_acu1_reg[75] ) is unused and will be removed from module deco.
WARNING: [Synth 8-3332] Sequential element (\to_acu1_reg[74] ) is unused and will be removed from module deco.
WARNING: [Synth 8-3332] Sequential element (\to_acu1_reg[73] ) is unused and will be removed from module deco.
INFO: [Common 17-14] Message 'Synth 8-3332' appears 100 times and further instances of the messages will be disabled. Use the Tcl command set_msg_config to change the current settings.
INFO: [Common 17-14] Message 'Synth 8-3332' appears 100 times and further instances of the messages will be disabled. Use the Tcl command set_msg_config to change the current settings.
INFO: [Synth 8-3333] propagating constant 0 across sequential element (i_deco/\lenpc2_reg[7] )
INFO: [Synth 8-3333] propagating constant 0 across sequential element (i_deco/\lenpc2_reg[8] )
INFO: [Synth 8-3333] propagating constant 0 across sequential element (i_deco/\lenpc2_reg[9] )
INFO: [Synth 8-3333] propagating constant 0 across sequential element (i_deco/\lenpc2_reg[10] )
INFO: [Synth 8-3333] propagating constant 0 across sequential element (i_deco/\lenpc2_reg[11] )
INFO: [Synth 8-3333] propagating constant 0 across sequential element (i_deco/\lenpc2_reg[12] )
INFO: [Synth 8-3333] propagating constant 0 across sequential element (i_deco/\lenpc2_reg[13] )
INFO: [Synth 8-3333] propagating constant 0 across sequential element (i_deco/\lenpc2_reg[14] )
INFO: [Synth 8-3333] propagating constant 0 across sequential element (i_deco/\lenpc2_reg[15] )
INFO: [Synth 8-3333] propagating constant 0 across sequential element (i_deco/\lenpc2_reg[16] )
INFO: [Synth 8-3333] propagating constant 0 across sequential element (i_deco/\lenpc2_reg[17] )
INFO: [Synth 8-3333] propagating constant 0 across sequential element (i_deco/\lenpc2_reg[18] )
INFO: [Synth 8-3333] propagating constant 0 across sequential element (i_deco/\lenpc2_reg[19] )
INFO: [Synth 8-3333] propagating constant 0 across sequential element (i_deco/\lenpc2_reg[20] )
INFO: [Synth 8-3333] propagating constant 0 across sequential element (i_deco/\lenpc2_reg[21] )
INFO: [Synth 8-3333] propagating constant 0 across sequential element (i_deco/\lenpc2_reg[22] )
INFO: [Synth 8-3333] propagating constant 0 across sequential element (i_deco/\lenpc2_reg[23] )
INFO: [Synth 8-3333] propagating constant 0 across sequential element (i_deco/\lenpc2_reg[24] )
INFO: [Synth 8-3333] propagating constant 0 across sequential element (i_deco/\lenpc2_reg[25] )
INFO: [Synth 8-3333] propagating constant 0 across sequential element (i_deco/\lenpc2_reg[26] )
INFO: [Synth 8-3333] propagating constant 0 across sequential element (i_deco/\lenpc2_reg[27] )
INFO: [Synth 8-3333] propagating constant 0 across sequential element (i_deco/\lenpc2_reg[28] )
INFO: [Synth 8-3333] propagating constant 0 across sequential element (i_deco/\lenpc2_reg[29] )
INFO: [Synth 8-3333] propagating constant 0 across sequential element (i_deco/\lenpc2_reg[30] )
INFO: [Synth 8-3333] propagating constant 0 across sequential element (i_deco/\lenpc2_reg[31] )
INFO: [Synth 8-3333] propagating constant 0 across sequential element (i_deco/\i_ptr_reg[3] )
INFO: [Synth 8-3333] propagating constant 0 across sequential element (i_deco/\lenpc2_reg[6] )
INFO: [Synth 8-3333] propagating constant 0 across sequential element (\i_Itlb/nx_dir_reg[1] )
INFO: [Synth 8-3333] propagating constant 0 across sequential element (\i_Dtlb/nx_dir_reg[1] )
INFO: [Synth 8-3333] propagating constant 0 across sequential element (\i_Dtlb/addr_miss_reg[0] )
INFO: [Synth 8-3333] propagating constant 0 across sequential element (\i_Dtlb/addr_miss_reg[1] )
INFO: [Synth 8-3333] propagating constant 0 across sequential element (\i_Itlb/addr_miss_reg[0] )
INFO: [Synth 8-3333] propagating constant 0 across sequential element (\i_Itlb/addr_miss_reg[1] )
INFO: [Synth 8-3333] propagating constant 0 across sequential element (\i_Itlb/tab12_reg[30] )
INFO: [Common 17-14] Message 'Synth 8-3333' appears 100 times and further instances of the messages will be disabled. Use the Tcl command set_msg_config to change the current settings.
---------------------------------------------------------------------------------
Finished Area Optimization : Time (s): cpu = 00:01:25 ; elapsed = 00:03:35 . Memory (MB): peak = 1734.527 ; gain = 925.879 ; free physical = 106 ; free virtual = 3439
---------------------------------------------------------------------------------
Finished Parallel Area Optimization  : Time (s): cpu = 00:01:25 ; elapsed = 00:03:35 . Memory (MB): peak = 1734.527 ; gain = 925.879 ; free physical = 106 ; free virtual = 3439

Report RTL Partitions: 
+------+---------------+------------+----------+
|      |RTL Partition  |Replication |Instances |
+------+---------------+------------+----------+
|1     |clk_wiz_0__GC0 |           1|         5|
|2     |vliw__GB0      |           1|     17696|
|3     |vliw__GB1      |           1|      3672|
|4     |vliw__GB2      |           1|      7479|
|5     |vliw__GB3      |           1|      9432|
|6     |vliw__GB4      |           1|      7655|
|7     |cpu__GC0       |           1|     17266|
|8     |core__GC0      |           1|     13719|
|9     |biu32_axi__GB0 |           1|     15396|
|10    |biu32_axi__GB1 |           1|      6297|
|11    |biu32_axi__GB2 |           1|       249|
|12    |biu32_axi__GB3 |           1|      4745|
|13    |TOP_SYS__GC0   |           1|     10049|
+------+---------------+------------+----------+
Finished Parallel Synthesis Optimization  : Time (s): cpu = 00:01:25 ; elapsed = 00:03:35 . Memory (MB): peak = 1734.527 ; gain = 925.879 ; free physical = 114 ; free virtual = 3439
---------------------------------------------------------------------------------
Start Timing Optimization
---------------------------------------------------------------------------------
---------------------------------------------------------------------------------
Start Applying XDC Timing Constraints
---------------------------------------------------------------------------------
incorrect argument "-dict" for "set_property" at line 16 of file /home/leo/cpu/vault.memo/v10.8ddr/TOP_SYS.xdc
incorrect set of required parameters for "set_property" at line 16 of file /home/leo/cpu/vault.memo/v10.8ddr/TOP_SYS.xdc
---------------------------------------------------------------------
Usage:
  set_property
    [-help]
    [-quiet]
    attribute
    value
    object
    [{>|>>} <stdoutFile>]
---------------------------------------------------------------------
incorrect argument "-dict" for "set_property" at line 17 of file /home/leo/cpu/vault.memo/v10.8ddr/TOP_SYS.xdc
incorrect set of required parameters for "set_property" at line 17 of file /home/leo/cpu/vault.memo/v10.8ddr/TOP_SYS.xdc
---------------------------------------------------------------------
Usage:
  set_property
    [-help]
    [-quiet]
    attribute
    value
    object
    [{>|>>} <stdoutFile>]
---------------------------------------------------------------------
incorrect argument "-dict" for "set_property" at line 18 of file /home/leo/cpu/vault.memo/v10.8ddr/TOP_SYS.xdc
incorrect set of required parameters for "set_property" at line 18 of file /home/leo/cpu/vault.memo/v10.8ddr/TOP_SYS.xdc
---------------------------------------------------------------------
Usage:
  set_property
    [-help]
    [-quiet]
    attribute
    value
    object
    [{>|>>} <stdoutFile>]
---------------------------------------------------------------------
incorrect argument "-dict" for "set_property" at line 19 of file /home/leo/cpu/vault.memo/v10.8ddr/TOP_SYS.xdc
incorrect set of required parameters for "set_property" at line 19 of file /home/leo/cpu/vault.memo/v10.8ddr/TOP_SYS.xdc
---------------------------------------------------------------------
Usage:
  set_property
    [-help]
    [-quiet]
    attribute
    value
    object
    [{>|>>} <stdoutFile>]
---------------------------------------------------------------------
incorrect argument "-dict" for "set_property" at line 24 of file /home/leo/cpu/vault.memo/v10.8ddr/TOP_SYS.xdc
incorrect set of required parameters for "set_property" at line 24 of file /home/leo/cpu/vault.memo/v10.8ddr/TOP_SYS.xdc
---------------------------------------------------------------------
Usage:
  set_property
    [-help]
    [-quiet]
    attribute
    value
    object
    [{>|>>} <stdoutFile>]
---------------------------------------------------------------------
incorrect argument "-dict" for "set_property" at line 25 of file /home/leo/cpu/vault.memo/v10.8ddr/TOP_SYS.xdc
incorrect set of required parameters for "set_property" at line 25 of file /home/leo/cpu/vault.memo/v10.8ddr/TOP_SYS.xdc
---------------------------------------------------------------------
Usage:
  set_property
    [-help]
    [-quiet]
    attribute
    value
    object
    [{>|>>} <stdoutFile>]
---------------------------------------------------------------------
incorrect argument "-dict" for "set_property" at line 27 of file /home/leo/cpu/vault.memo/v10.8ddr/TOP_SYS.xdc
incorrect set of required parameters for "set_property" at line 27 of file /home/leo/cpu/vault.memo/v10.8ddr/TOP_SYS.xdc
---------------------------------------------------------------------
Usage:
  set_property
    [-help]
    [-quiet]
    attribute
    value
    object
    [{>|>>} <stdoutFile>]
---------------------------------------------------------------------
incorrect argument "-dict" for "set_property" at line 29 of file /home/leo/cpu/vault.memo/v10.8ddr/TOP_SYS.xdc
incorrect set of required parameters for "set_property" at line 29 of file /home/leo/cpu/vault.memo/v10.8ddr/TOP_SYS.xdc
---------------------------------------------------------------------
Usage:
  set_property
    [-help]
    [-quiet]
    attribute
    value
    object
    [{>|>>} <stdoutFile>]
---------------------------------------------------------------------
incorrect argument "-dict" for "set_property" at line 32 of file /home/leo/cpu/vault.memo/v10.8ddr/TOP_SYS.xdc
incorrect set of required parameters for "set_property" at line 32 of file /home/leo/cpu/vault.memo/v10.8ddr/TOP_SYS.xdc
---------------------------------------------------------------------
Usage:
  set_property
    [-help]
    [-quiet]
    attribute
    value
    object
    [{>|>>} <stdoutFile>]
---------------------------------------------------------------------
incorrect argument "-dict" for "set_property" at line 33 of file /home/leo/cpu/vault.memo/v10.8ddr/TOP_SYS.xdc
incorrect set of required parameters for "set_property" at line 33 of file /home/leo/cpu/vault.memo/v10.8ddr/TOP_SYS.xdc
---------------------------------------------------------------------
Usage:
  set_property
    [-help]
    [-quiet]
    attribute
    value
    object
    [{>|>>} <stdoutFile>]
---------------------------------------------------------------------
incorrect argument "-dict" for "set_property" at line 34 of file /home/leo/cpu/vault.memo/v10.8ddr/TOP_SYS.xdc
incorrect set of required parameters for "set_property" at line 34 of file /home/leo/cpu/vault.memo/v10.8ddr/TOP_SYS.xdc
---------------------------------------------------------------------
Usage:
  set_property
    [-help]
    [-quiet]
    attribute
    value
    object
    [{>|>>} <stdoutFile>]
---------------------------------------------------------------------
incorrect argument "-dict" for "set_property" at line 35 of file /home/leo/cpu/vault.memo/v10.8ddr/TOP_SYS.xdc
incorrect set of required parameters for "set_property" at line 35 of file /home/leo/cpu/vault.memo/v10.8ddr/TOP_SYS.xdc
---------------------------------------------------------------------
Usage:
  set_property
    [-help]
    [-quiet]
    attribute
    value
    object
    [{>|>>} <stdoutFile>]
---------------------------------------------------------------------
incorrect argument "-dict" for "set_property" at line 36 of file /home/leo/cpu/vault.memo/v10.8ddr/TOP_SYS.xdc
incorrect set of required parameters for "set_property" at line 36 of file /home/leo/cpu/vault.memo/v10.8ddr/TOP_SYS.xdc
---------------------------------------------------------------------
Usage:
  set_property
    [-help]
    [-quiet]
    attribute
    value
    object
    [{>|>>} <stdoutFile>]
---------------------------------------------------------------------
incorrect argument "-dict" for "set_property" at line 37 of file /home/leo/cpu/vault.memo/v10.8ddr/TOP_SYS.xdc
incorrect set of required parameters for "set_property" at line 37 of file /home/leo/cpu/vault.memo/v10.8ddr/TOP_SYS.xdc
---------------------------------------------------------------------
Usage:
  set_property
    [-help]
    [-quiet]
    attribute
    value
    object
    [{>|>>} <stdoutFile>]
---------------------------------------------------------------------
incorrect argument "-dict" for "set_property" at line 38 of file /home/leo/cpu/vault.memo/v10.8ddr/TOP_SYS.xdc
incorrect set of required parameters for "set_property" at line 38 of file /home/leo/cpu/vault.memo/v10.8ddr/TOP_SYS.xdc
---------------------------------------------------------------------
Usage:
  set_property
    [-help]
    [-quiet]
    attribute
    value
    object
    [{>|>>} <stdoutFile>]
---------------------------------------------------------------------
incorrect argument "-dict" for "set_property" at line 39 of file /home/leo/cpu/vault.memo/v10.8ddr/TOP_SYS.xdc
incorrect set of required parameters for "set_property" at line 39 of file /home/leo/cpu/vault.memo/v10.8ddr/TOP_SYS.xdc
---------------------------------------------------------------------
Usage:
  set_property
    [-help]
    [-quiet]
    attribute
    value
    object
    [{>|>>} <stdoutFile>]
---------------------------------------------------------------------
incorrect argument "-dict" for "set_property" at line 43 of file /home/leo/cpu/vault.memo/v10.8ddr/TOP_SYS.xdc
incorrect set of required parameters for "set_property" at line 43 of file /home/leo/cpu/vault.memo/v10.8ddr/TOP_SYS.xdc
---------------------------------------------------------------------
Usage:
  set_property
    [-help]
    [-quiet]
    attribute
    value
    object
    [{>|>>} <stdoutFile>]
---------------------------------------------------------------------
incorrect argument "-dict" for "set_property" at line 44 of file /home/leo/cpu/vault.memo/v10.8ddr/TOP_SYS.xdc
incorrect set of required parameters for "set_property" at line 44 of file /home/leo/cpu/vault.memo/v10.8ddr/TOP_SYS.xdc
---------------------------------------------------------------------
Usage:
  set_property
    [-help]
    [-quiet]
    attribute
    value
    object
    [{>|>>} <stdoutFile>]
---------------------------------------------------------------------
incorrect argument "-dict" for "set_property" at line 45 of file /home/leo/cpu/vault.memo/v10.8ddr/TOP_SYS.xdc
incorrect set of required parameters for "set_property" at line 45 of file /home/leo/cpu/vault.memo/v10.8ddr/TOP_SYS.xdc
---------------------------------------------------------------------
Usage:
  set_property
    [-help]
    [-quiet]
    attribute
    value
    object
    [{>|>>} <stdoutFile>]
---------------------------------------------------------------------
incorrect argument "-dict" for "set_property" at line 46 of file /home/leo/cpu/vault.memo/v10.8ddr/TOP_SYS.xdc
incorrect set of required parameters for "set_property" at line 46 of file /home/leo/cpu/vault.memo/v10.8ddr/TOP_SYS.xdc
---------------------------------------------------------------------
Usage:
  set_property
    [-help]
    [-quiet]
    attribute
    value
    object
    [{>|>>} <stdoutFile>]
---------------------------------------------------------------------
incorrect argument "-dict" for "set_property" at line 47 of file /home/leo/cpu/vault.memo/v10.8ddr/TOP_SYS.xdc
incorrect set of required parameters for "set_property" at line 47 of file /home/leo/cpu/vault.memo/v10.8ddr/TOP_SYS.xdc
---------------------------------------------------------------------
Usage:
  set_property
    [-help]
    [-quiet]
    attribute
    value
    object
    [{>|>>} <stdoutFile>]
---------------------------------------------------------------------
incorrect argument "-dict" for "set_property" at line 54 of file /home/leo/cpu/vault.memo/v10.8ddr/TOP_SYS.xdc
incorrect set of required parameters for "set_property" at line 54 of file /home/leo/cpu/vault.memo/v10.8ddr/TOP_SYS.xdc
---------------------------------------------------------------------
Usage:
  set_property
    [-help]
    [-quiet]
    attribute
    value
    object
    [{>|>>} <stdoutFile>]
---------------------------------------------------------------------
incorrect argument "-dict" for "set_property" at line 55 of file /home/leo/cpu/vault.memo/v10.8ddr/TOP_SYS.xdc
incorrect set of required parameters for "set_property" at line 55 of file /home/leo/cpu/vault.memo/v10.8ddr/TOP_SYS.xdc
---------------------------------------------------------------------
Usage:
  set_property
    [-help]
    [-quiet]
    attribute
    value
    object
    [{>|>>} <stdoutFile>]
---------------------------------------------------------------------
incorrect argument "-dict" for "set_property" at line 56 of file /home/leo/cpu/vault.memo/v10.8ddr/TOP_SYS.xdc
incorrect set of required parameters for "set_property" at line 56 of file /home/leo/cpu/vault.memo/v10.8ddr/TOP_SYS.xdc
---------------------------------------------------------------------
Usage:
  set_property
    [-help]
    [-quiet]
    attribute
    value
    object
    [{>|>>} <stdoutFile>]
---------------------------------------------------------------------
incorrect argument "-dict" for "set_property" at line 101 of file /home/leo/cpu/vault.memo/v10.8ddr/TOP_SYS.xdc
incorrect set of required parameters for "set_property" at line 101 of file /home/leo/cpu/vault.memo/v10.8ddr/TOP_SYS.xdc
---------------------------------------------------------------------
Usage:
  set_property
    [-help]
    [-quiet]
    attribute
    value
    object
    [{>|>>} <stdoutFile>]
---------------------------------------------------------------------
incorrect argument "-dict" for "set_property" at line 102 of file /home/leo/cpu/vault.memo/v10.8ddr/TOP_SYS.xdc
incorrect set of required parameters for "set_property" at line 102 of file /home/leo/cpu/vault.memo/v10.8ddr/TOP_SYS.xdc
---------------------------------------------------------------------
Usage:
  set_property
    [-help]
    [-quiet]
    attribute
    value
    object
    [{>|>>} <stdoutFile>]
---------------------------------------------------------------------
incorrect argument "-dict" for "set_property" at line 103 of file /home/leo/cpu/vault.memo/v10.8ddr/TOP_SYS.xdc
incorrect set of required parameters for "set_property" at line 103 of file /home/leo/cpu/vault.memo/v10.8ddr/TOP_SYS.xdc
---------------------------------------------------------------------
Usage:
  set_property
    [-help]
    [-quiet]
    attribute
    value
    object
    [{>|>>} <stdoutFile>]
---------------------------------------------------------------------
incorrect argument "-dict" for "set_property" at line 104 of file /home/leo/cpu/vault.memo/v10.8ddr/TOP_SYS.xdc
incorrect set of required parameters for "set_property" at line 104 of file /home/leo/cpu/vault.memo/v10.8ddr/TOP_SYS.xdc
---------------------------------------------------------------------
Usage:
  set_property
    [-help]
    [-quiet]
    attribute
    value
    object
    [{>|>>} <stdoutFile>]
---------------------------------------------------------------------
incorrect argument "-dict" for "set_property" at line 105 of file /home/leo/cpu/vault.memo/v10.8ddr/TOP_SYS.xdc
incorrect set of required parameters for "set_property" at line 105 of file /home/leo/cpu/vault.memo/v10.8ddr/TOP_SYS.xdc
---------------------------------------------------------------------
Usage:
  set_property
    [-help]
    [-quiet]
    attribute
    value
    object
    [{>|>>} <stdoutFile>]
---------------------------------------------------------------------
INFO: Moved 1 constraints on hierarchical pins to their respective driving/loading pins
---------------------------------------------------------------------------------
Finished Applying XDC Timing Constraints : Time (s): cpu = 00:01:40 ; elapsed = 00:03:54 . Memory (MB): peak = 1890.812 ; gain = 1082.164 ; free physical = 113 ; free virtual = 3264
---------------------------------------------------------------------------------
# Minor page faults: 434507 Major page faults: 9980
# Thrashing Detected!
# Process may be trying to use more memory than is available
# (memory might be consumed by other processes or file cache).
# Minor page faults: 438454 Major page faults: 10580
# Thrashing Detected!
# Process may be trying to use more memory than is available
# (memory might be consumed by other processes or file cache).
# Minor page faults: 438463 Major page faults: 10584
# Thrashing Detected!
# Process may be trying to use more memory than is available
# (memory might be consumed by other processes or file cache).
# Minor page faults: 438741 Major page faults: 10692
# Thrashing Detected!
# Process may be trying to use more memory than is available
# (memory might be consumed by other processes or file cache).
---------------------------------------------------------------------------------
Finished Timing Optimization : Time (s): cpu = 00:03:21 ; elapsed = 00:05:44 . Memory (MB): peak = 1938.824 ; gain = 1130.176 ; free physical = 102 ; free virtual = 2900
---------------------------------------------------------------------------------

Report RTL Partitions: 
+------+-----------------+------------+----------+
|      |RTL Partition    |Replication |Instances |
+------+-----------------+------------+----------+
|1     |clk_wiz_0__GC0   |           1|         5|
|2     |vliw__GB2        |           1|      6939|
|3     |biu32_axi__GB0   |           1|     15396|
|4     |biu32_axi__GB1   |           1|      6297|
|5     |biu32_axi__GB2   |           1|       224|
|6     |biu32_axi__GB3   |           1|      4700|
|7     |TOP_SYS__GC0     |           1|     10049|
|8     |TOP_SYS_GT1      |           1|         2|
|9     |TOP_SYS_GT2      |           1|        64|
|10    |TOP_SYS_GT3      |           1|        32|
|11    |TOP_SYS_GT4      |           1|         4|
|12    |TOP_SYS_GT5      |           1|        64|
|13    |TOP_SYS_GT6      |           1|        32|
|14    |TOP_SYS_GT7      |           1|        64|
|15    |TOP_SYS_GT8      |           1|        64|
|16    |partition__1__GD |           1|         1|
|17    |arithbox         |           1|      1097|
|18    |useq             |           1|      9609|
|19    |TOP_SYS_GT0      |           1|     36481|
|20    |TOP_SYS_GT1__2   |           1|     19806|
+------+-----------------+------------+----------+
---------------------------------------------------------------------------------
Start Technology Mapping
---------------------------------------------------------------------------------
INFO: [Synth 8-4480] The timing for the instance \v586/ucore/i_useq/c1/Mem_reg_0  (implemented as a block RAM) might be sub-optimal as no optional output register could be merged into the block ram. Providing additional output register may help in improving timing.
INFO: [Synth 8-4480] The timing for the instance \v586/ucore/i_useq/c1/Mem_reg_0  (implemented as a block RAM) might be sub-optimal as no optional output register could be merged into the block ram. Providing additional output register may help in improving timing.
INFO: [Synth 8-4480] The timing for the instance \v586/ucore/i_useq/c1/Mem_reg_1  (implemented as a block RAM) might be sub-optimal as no optional output register could be merged into the block ram. Providing additional output register may help in improving timing.
INFO: [Synth 8-4480] The timing for the instance \v586/ucore/i_useq/c1/Mem_reg_1  (implemented as a block RAM) might be sub-optimal as no optional output register could be merged into the block ram. Providing additional output register may help in improving timing.
INFO: [Synth 8-4480] The timing for the instance \v586/ucore/i_useq/c1/Mem_reg_2  (implemented as a block RAM) might be sub-optimal as no optional output register could be merged into the block ram. Providing additional output register may help in improving timing.
INFO: [Synth 8-4480] The timing for the instance \v586/ucore/i_useq/c1/Mem_reg_2  (implemented as a block RAM) might be sub-optimal as no optional output register could be merged into the block ram. Providing additional output register may help in improving timing.
INFO: [Synth 8-4480] The timing for the instance \v586/ucore/i_useq/c1/Mem_reg_3  (implemented as a block RAM) might be sub-optimal as no optional output register could be merged into the block ram. Providing additional output register may help in improving timing.
INFO: [Synth 8-4480] The timing for the instance \v586/ucore/i_useq/c1/Mem_reg_3  (implemented as a block RAM) might be sub-optimal as no optional output register could be merged into the block ram. Providing additional output register may help in improving timing.
INFO: [Synth 8-4480] The timing for the instance \v586/ucore/i_useq/c2/Mem_reg_0  (implemented as a block RAM) might be sub-optimal as no optional output register could be merged into the block ram. Providing additional output register may help in improving timing.
INFO: [Synth 8-4480] The timing for the instance \v586/ucore/i_useq/c2/Mem_reg_0  (implemented as a block RAM) might be sub-optimal as no optional output register could be merged into the block ram. Providing additional output register may help in improving timing.
INFO: [Synth 8-4480] The timing for the instance \v586/ucore/i_useq/c2/Mem_reg_1  (implemented as a block RAM) might be sub-optimal as no optional output register could be merged into the block ram. Providing additional output register may help in improving timing.
INFO: [Synth 8-4480] The timing for the instance \v586/ucore/i_useq/c2/Mem_reg_1  (implemented as a block RAM) might be sub-optimal as no optional output register could be merged into the block ram. Providing additional output register may help in improving timing.
INFO: [Synth 8-4480] The timing for the instance \v586/ucore/i_useq/c2/Mem_reg_2  (implemented as a block RAM) might be sub-optimal as no optional output register could be merged into the block ram. Providing additional output register may help in improving timing.
INFO: [Synth 8-4480] The timing for the instance \v586/ucore/i_useq/c2/Mem_reg_2  (implemented as a block RAM) might be sub-optimal as no optional output register could be merged into the block ram. Providing additional output register may help in improving timing.
INFO: [Synth 8-4480] The timing for the instance \v586/ucore/i_useq/c2/Mem_reg_3  (implemented as a block RAM) might be sub-optimal as no optional output register could be merged into the block ram. Providing additional output register may help in improving timing.
INFO: [Synth 8-4480] The timing for the instance \v586/ucore/i_useq/c2/Mem_reg_3  (implemented as a block RAM) might be sub-optimal as no optional output register could be merged into the block ram. Providing additional output register may help in improving timing.
INFO: [Synth 8-4480] The timing for the instance \v586/ucore/i_useq/c3/Mem_reg_0  (implemented as a block RAM) might be sub-optimal as no optional output register could be merged into the block ram. Providing additional output register may help in improving timing.
INFO: [Synth 8-4480] The timing for the instance \v586/ucore/i_useq/c3/Mem_reg_0  (implemented as a block RAM) might be sub-optimal as no optional output register could be merged into the block ram. Providing additional output register may help in improving timing.
INFO: [Synth 8-4480] The timing for the instance \v586/ucore/i_useq/c3/Mem_reg_1  (implemented as a block RAM) might be sub-optimal as no optional output register could be merged into the block ram. Providing additional output register may help in improving timing.
INFO: [Synth 8-4480] The timing for the instance \v586/ucore/i_useq/c3/Mem_reg_1  (implemented as a block RAM) might be sub-optimal as no optional output register could be merged into the block ram. Providing additional output register may help in improving timing.
INFO: [Synth 8-4480] The timing for the instance \v586/ucore/i_useq/c3/Mem_reg_2  (implemented as a block RAM) might be sub-optimal as no optional output register could be merged into the block ram. Providing additional output register may help in improving timing.
INFO: [Synth 8-4480] The timing for the instance \v586/ucore/i_useq/c3/Mem_reg_2  (implemented as a block RAM) might be sub-optimal as no optional output register could be merged into the block ram. Providing additional output register may help in improving timing.
INFO: [Synth 8-4480] The timing for the instance \v586/ucore/i_useq/c3/Mem_reg_3  (implemented as a block RAM) might be sub-optimal as no optional output register could be merged into the block ram. Providing additional output register may help in improving timing.
INFO: [Synth 8-4480] The timing for the instance \v586/ucore/i_useq/c3/Mem_reg_3  (implemented as a block RAM) might be sub-optimal as no optional output register could be merged into the block ram. Providing additional output register may help in improving timing.
INFO: [Synth 8-4480] The timing for the instance \v586/ucore/i_useq/c4/Mem_reg_0  (implemented as a block RAM) might be sub-optimal as no optional output register could be merged into the block ram. Providing additional output register may help in improving timing.
INFO: [Synth 8-4480] The timing for the instance \v586/ucore/i_useq/c4/Mem_reg_0  (implemented as a block RAM) might be sub-optimal as no optional output register could be merged into the block ram. Providing additional output register may help in improving timing.
INFO: [Synth 8-4480] The timing for the instance \v586/ucore/i_useq/c4/Mem_reg_1  (implemented as a block RAM) might be sub-optimal as no optional output register could be merged into the block ram. Providing additional output register may help in improving timing.
INFO: [Synth 8-4480] The timing for the instance \v586/ucore/i_useq/c4/Mem_reg_1  (implemented as a block RAM) might be sub-optimal as no optional output register could be merged into the block ram. Providing additional output register may help in improving timing.
INFO: [Synth 8-4480] The timing for the instance \v586/ucore/i_useq/c4/Mem_reg_2  (implemented as a block RAM) might be sub-optimal as no optional output register could be merged into the block ram. Providing additional output register may help in improving timing.
INFO: [Synth 8-4480] The timing for the instance \v586/ucore/i_useq/c4/Mem_reg_2  (implemented as a block RAM) might be sub-optimal as no optional output register could be merged into the block ram. Providing additional output register may help in improving timing.
INFO: [Synth 8-4480] The timing for the instance \v586/ucore/i_useq/c4/Mem_reg_3  (implemented as a block RAM) might be sub-optimal as no optional output register could be merged into the block ram. Providing additional output register may help in improving timing.
INFO: [Synth 8-4480] The timing for the instance \v586/ucore/i_useq/c4/Mem_reg_3  (implemented as a block RAM) might be sub-optimal as no optional output register could be merged into the block ram. Providing additional output register may help in improving timing.
INFO: [Synth 8-4480] The timing for the instance \v586/ubiu/datacache1/Mem_reg_0  (implemented as a block RAM) might be sub-optimal as no optional output register could be merged into the block ram. Providing additional output register may help in improving timing.
INFO: [Synth 8-4480] The timing for the instance \v586/ubiu/datacache1/Mem_reg_1  (implemented as a block RAM) might be sub-optimal as no optional output register could be merged into the block ram. Providing additional output register may help in improving timing.
INFO: [Synth 8-4480] The timing for the instance \bootrom/Qint_reg  (implemented as a block RAM) might be sub-optimal as no optional output register could be merged into the block ram. Providing additional output register may help in improving timing.
INFO: [Synth 8-4480] The timing for the instance \bootrom/Qint_reg  (implemented as a block RAM) might be sub-optimal as no optional output register could be merged into the block ram. Providing additional output register may help in improving timing.
INFO: [Synth 8-4480] The timing for the instance \bootrom/Qint_reg__1  (implemented as a block RAM) might be sub-optimal as no optional output register could be merged into the block ram. Providing additional output register may help in improving timing.
INFO: [Synth 8-4480] The timing for the instance \bootrom/Qint_reg__1  (implemented as a block RAM) might be sub-optimal as no optional output register could be merged into the block ram. Providing additional output register may help in improving timing.
---------------------------------------------------------------------------------
Finished Technology Mapping : Time (s): cpu = 00:04:51 ; elapsed = 00:07:20 . Memory (MB): peak = 2038.352 ; gain = 1229.703 ; free physical = 150 ; free virtual = 2744
---------------------------------------------------------------------------------

Report RTL Partitions: 
+-+--------------+------------+----------+
| |RTL Partition |Replication |Instances |
+-+--------------+------------+----------+
+-+--------------+------------+----------+
---------------------------------------------------------------------------------
Start IO Insertion
---------------------------------------------------------------------------------
---------------------------------------------------------------------------------
Start Final Netlist Cleanup
---------------------------------------------------------------------------------
---------------------------------------------------------------------------------
Finished Final Netlist Cleanup
---------------------------------------------------------------------------------
CRITICAL WARNING: [Synth 8-4442] BlackBox module i_etherlite has unconnected pin phy_tx_clk
CRITICAL WARNING: [Synth 8-4442] BlackBox module i_etherlite has unconnected pin phy_rx_clk
CRITICAL WARNING: [Synth 8-4442] BlackBox module i_etherlite has unconnected pin phy_crs
CRITICAL WARNING: [Synth 8-4442] BlackBox module i_etherlite has unconnected pin phy_dv
CRITICAL WARNING: [Synth 8-4442] BlackBox module i_etherlite has unconnected pin phy_rx_data[3]
CRITICAL WARNING: [Synth 8-4442] BlackBox module i_etherlite has unconnected pin phy_rx_data[2]
CRITICAL WARNING: [Synth 8-4442] BlackBox module i_etherlite has unconnected pin phy_rx_data[1]
CRITICAL WARNING: [Synth 8-4442] BlackBox module i_etherlite has unconnected pin phy_rx_data[0]
CRITICAL WARNING: [Synth 8-4442] BlackBox module i_etherlite has unconnected pin phy_col
CRITICAL WARNING: [Synth 8-4442] BlackBox module i_etherlite has unconnected pin phy_rx_er
---------------------------------------------------------------------------------
Finished IO Insertion : Time (s): cpu = 00:04:58 ; elapsed = 00:07:28 . Memory (MB): peak = 2038.352 ; gain = 1229.703 ; free physical = 198 ; free virtual = 2777
---------------------------------------------------------------------------------

Report Check Netlist: 
+------+------------------+-------+---------+-------+------------------+
|      |Item              |Errors |Warnings |Status |Description       |
+------+------------------+-------+---------+-------+------------------+
|1     |multi_driven_nets |      0|        0|Passed |Multi driven nets |
+------+------------------+-------+---------+-------+------------------+
---------------------------------------------------------------------------------
Start Renaming Generated Instances
---------------------------------------------------------------------------------
---------------------------------------------------------------------------------
Finished Renaming Generated Instances : Time (s): cpu = 00:04:58 ; elapsed = 00:07:28 . Memory (MB): peak = 2038.352 ; gain = 1229.703 ; free physical = 198 ; free virtual = 2778
---------------------------------------------------------------------------------

Report RTL Partitions: 
+-+--------------+------------+----------+
| |RTL Partition |Replication |Instances |
+-+--------------+------------+----------+
+-+--------------+------------+----------+
---------------------------------------------------------------------------------
Start Rebuilding User Hierarchy
---------------------------------------------------------------------------------
---------------------------------------------------------------------------------
Finished Rebuilding User Hierarchy : Time (s): cpu = 00:05:01 ; elapsed = 00:07:32 . Memory (MB): peak = 2038.352 ; gain = 1229.703 ; free physical = 202 ; free virtual = 2775
---------------------------------------------------------------------------------
---------------------------------------------------------------------------------
Start Renaming Generated Ports : Time (s): cpu = 00:05:01 ; elapsed = 00:07:32 . Memory (MB): peak = 2038.352 ; gain = 1229.703 ; free physical = 202 ; free virtual = 2775
---------------------------------------------------------------------------------
---------------------------------------------------------------------------------
Finished Renaming Generated Ports : Time (s): cpu = 00:05:02 ; elapsed = 00:07:32 . Memory (MB): peak = 2038.352 ; gain = 1229.703 ; free physical = 199 ; free virtual = 2775
---------------------------------------------------------------------------------
---------------------------------------------------------------------------------
Start Writing Synthesis Report
---------------------------------------------------------------------------------

Report BlackBoxes: 
+------+-------------------+----------+
|      |BlackBox name      |Instances |
+------+-------------------+----------+
|1     |ddr_axi            |         1|
|2     |axi_ethernetlite_0 |         1|
|3     |axi_crossbar_0     |         1|
+------+-------------------+----------+

Report Cell Usage: 
+------+-------------------+------+
|      |Cell               |Count |
+------+-------------------+------+
|1     |axi_crossbar_0     |     1|
|2     |axi_ethernetlite_0 |     1|
|3     |ddr_axi            |     1|
|4     |BUFG               |     4|
|5     |CARRY4             |   603|
|6     |DSP48E1            |     2|
|7     |DSP48E1_1          |     2|
|8     |LUT1               |   857|
|9     |LUT2               |  2443|
|10    |LUT3               |  2371|
|11    |LUT4               |  3991|
|12    |LUT5               |  6181|
|13    |LUT6               | 15857|
|14    |MMCME2_ADV         |     1|
|15    |MUXCY_L            |    91|
|16    |MUXF7              |  1031|
|17    |MUXF8              |   346|
|18    |RAMB18E1           |    16|
|19    |RAMB18E1_1         |     2|
|20    |RAMB36E1           |     2|
|21    |STARTUPE2          |     1|
|22    |XORCY              |    93|
|23    |FDCE               |  6398|
|24    |FDPE               |   876|
|25    |FDRE               |  1943|
|26    |LD                 |     2|
|27    |IBUF               |     7|
|28    |IOBUF              |    17|
|29    |OBUF               |    17|
|30    |OBUFT              |     4|
+------+-------------------+------+

Report Instance Areas: 
+------+---------------------------------------+-------------------+------+
|      |Instance                               |Module             |Cells |
+------+---------------------------------------+-------------------+------+
|1     |top                                    |                   | 43879|
|2     |  bootrom                              |axi_rom            |    76|
|3     |  i_clk_wiz_0                          |clk_wiz_0          |     7|
|4     |  i_periph                             |periph             |  4343|
|5     |    A16750                             |uart_16750         |  2599|
|6     |      BAUDOUTN_reg                     |notech_reg_set     |     3|
|7     |      SOUT_reg                         |notech_reg_set_5   |     8|
|8     |      State_reg2                       |notech_reg         |     1|
|9     |      \State_reg[0]                    |notech_reg_6       |     3|
|10    |      \State_reg[1]                    |notech_reg_7       |     2|
|11    |      \UART_BG16/BAUDTICK_reg          |notech_reg_8       |     1|
|12    |      \UART_BG16/iCounter_reg[0]       |notech_reg_9       |     1|
|13    |      \UART_BG16/iCounter_reg[10]      |notech_reg_10      |     1|
|14    |      \UART_BG16/iCounter_reg[11]      |notech_reg_11      |     1|
|15    |      \UART_BG16/iCounter_reg[12]      |notech_reg_12      |     1|
|16    |      \UART_BG16/iCounter_reg[13]      |notech_reg_13      |     1|
|17    |      \UART_BG16/iCounter_reg[14]      |notech_reg_14      |     1|
|18    |      \UART_BG16/iCounter_reg[15]      |notech_reg_15      |     1|
|19    |      \UART_BG16/iCounter_reg[1]       |notech_reg_16      |     1|
|20    |      \UART_BG16/iCounter_reg[2]       |notech_reg_17      |     1|
|21    |      \UART_BG16/iCounter_reg[3]       |notech_reg_18      |     1|
|22    |      \UART_BG16/iCounter_reg[4]       |notech_reg_19      |     1|
|23    |      \UART_BG16/iCounter_reg[5]       |notech_reg_20      |     1|
|24    |      \UART_BG16/iCounter_reg[6]       |notech_reg_21      |     1|
|25    |      \UART_BG16/iCounter_reg[7]       |notech_reg_22      |     1|
|26    |      \UART_BG16/iCounter_reg[8]       |notech_reg_23      |     1|
|27    |      \UART_BG16/iCounter_reg[9]       |notech_reg_24      |     1|
|28    |      \UART_BG2/iCounter_reg[0]        |notech_reg_25      |     1|
|29    |      \UART_BG2/iCounter_reg[1]        |notech_reg_26      |     1|
|30    |      \UART_BG2/iCounter_reg[2]        |notech_reg_27      |     1|
|31    |      \UART_BG2/iQ_reg                 |notech_reg_28      |     1|
|32    |      \UART_BIDET/iDd_reg              |notech_reg_29      |     1|
|33    |      \UART_ED_CTS/iDd_reg             |notech_reg_30      |     1|
|34    |      \UART_ED_DCD/iDd_reg             |notech_reg_31      |     1|
|35    |      \UART_ED_DSR/iDd_reg             |notech_reg_32      |     1|
|36    |      \UART_ED_READ/iDd_reg            |notech_reg_33      |     1|
|37    |      \UART_ED_RI/iDd_reg              |notech_reg_34      |     1|
|38    |      \UART_ED_WRITE/iDd_reg           |notech_reg_35      |     1|
|39    |      \UART_FEDET/iDd_reg              |notech_reg_36      |     1|
|40    |      \UART_IF_CTS/Q_reg               |notech_reg_37      |     1|
|41    |      \UART_IF_CTS/iCount_reg[0]       |notech_reg_38      |     1|
|42    |      \UART_IF_CTS/iCount_reg[1]       |notech_reg_39      |     1|
|43    |      \UART_IF_DCD/Q_reg               |notech_reg_40      |     1|
|44    |      \UART_IF_DCD/iCount_reg[0]       |notech_reg_41      |     1|
|45    |      \UART_IF_DCD/iCount_reg[1]       |notech_reg_42      |     1|
|46    |      \UART_IF_DSR/Q_reg               |notech_reg_43      |     1|
|47    |      \UART_IF_DSR/iCount_reg[0]       |notech_reg_44      |     1|
|48    |      \UART_IF_DSR/iCount_reg[1]       |notech_reg_45      |     1|
|49    |      \UART_IF_RI/Q_reg                |notech_reg_46      |     1|
|50    |      \UART_IF_RI/iCount_reg[0]        |notech_reg_47      |     1|
|51    |      \UART_IF_RI/iCount_reg[1]        |notech_reg_48      |     1|
|52    |      \UART_IIC/iIIR_reg[0]            |notech_reg_set_49  |     1|
|53    |      \UART_IIC/iIIR_reg[1]            |notech_reg_50      |     1|
|54    |      \UART_IIC/iIIR_reg[2]            |notech_reg_51      |     1|
|55    |      \UART_IIC/iIIR_reg[3]            |notech_reg_52      |     1|
|56    |      \UART_IIC_THRE_ED/iDd_reg        |notech_reg_53      |     1|
|57    |      \UART_IS_CTS/iD_reg[0]           |notech_reg_54      |     1|
|58    |      \UART_IS_CTS/iD_reg[1]           |notech_reg_55      |     1|
|59    |      \UART_IS_DCD/iD_reg[0]           |notech_reg_56      |     1|
|60    |      \UART_IS_DCD/iD_reg[1]           |notech_reg_57      |     1|
|61    |      \UART_IS_DSR/iD_reg[0]           |notech_reg_58      |     1|
|62    |      \UART_IS_DSR/iD_reg[1]           |notech_reg_59      |     1|
|63    |      \UART_IS_RI/iD_reg[0]            |notech_reg_60      |     1|
|64    |      \UART_IS_RI/iD_reg[1]            |notech_reg_61      |     1|
|65    |      \UART_IS_SIN/iD_reg[0]           |notech_reg_62      |     1|
|66    |      \UART_IS_SIN/iD_reg[1]           |notech_reg_63      |     1|
|67    |      \UART_PEDET/iDd_reg              |notech_reg_64      |     1|
|68    |      \UART_RCLK/iDd_reg               |notech_reg_65      |     1|
|69    |      \UART_RX/CState_reg[0]           |notech_reg_66      |     1|
|70    |      \UART_RX/CState_reg[1]           |notech_reg_67      |     1|
|71    |      \UART_RX/CState_reg[2]           |notech_reg_68      |     1|
|72    |      \UART_RX/PE_reg                  |notech_reg_69      |     1|
|73    |      \UART_RX/RX_BRC/iCounter_reg[0]  |notech_reg_70      |     1|
|74    |      \UART_RX/RX_BRC/iCounter_reg[1]  |notech_reg_71      |     1|
|75    |      \UART_RX/RX_BRC/iCounter_reg[2]  |notech_reg_72      |     1|
|76    |      \UART_RX/RX_BRC/iCounter_reg[3]  |notech_reg_73      |     1|
|77    |      \UART_RX/RX_BRC/iCounter_reg[4]  |notech_reg_74      |     1|
|78    |      \UART_RX/RX_IFSB/Q_reg           |notech_reg_75      |     1|
|79    |      \UART_RX/RX_IFSB/iCount_reg[0]   |notech_reg_76      |     1|
|80    |      \UART_RX/RX_IFSB/iCount_reg[1]   |notech_reg_77      |     1|
|81    |      \UART_RX/RX_IFSB/iCount_reg[2]   |notech_reg_78      |     1|
|82    |      \UART_RX/RX_MVF/iCounter_reg[0]  |notech_reg_79      |     1|
|83    |      \UART_RX/RX_MVF/iCounter_reg[1]  |notech_reg_80      |     1|
|84    |      \UART_RX/RX_MVF/iCounter_reg[2]  |notech_reg_81      |     1|
|85    |      \UART_RX/RX_MVF/iCounter_reg[3]  |notech_reg_82      |     1|
|86    |      \UART_RX/RX_MVF/iQ_reg           |notech_reg_83      |     1|
|87    |      \UART_RX/iBaudStepD_reg          |notech_reg_84      |     1|
|88    |      \UART_RX/iDOUT_reg[0]            |notech_reg_85      |     1|
|89    |      \UART_RX/iDOUT_reg[1]            |notech_reg_86      |     1|
|90    |      \UART_RX/iDOUT_reg[2]            |notech_reg_87      |     1|
|91    |      \UART_RX/iDOUT_reg[3]            |notech_reg_88      |     1|
|92    |      \UART_RX/iDOUT_reg[4]            |notech_reg_89      |     1|
|93    |      \UART_RX/iDOUT_reg[5]            |notech_reg_90      |     1|
|94    |      \UART_RX/iDOUT_reg[6]            |notech_reg_91      |     1|
|95    |      \UART_RX/iDOUT_reg[7]            |notech_reg_92      |     1|
|96    |      \UART_RX/iDataCount_reg[0]       |notech_reg_93      |     1|
|97    |      \UART_RX/iDataCount_reg[1]       |notech_reg_94      |     1|
|98    |      \UART_RX/iDataCount_reg[2]       |notech_reg_95      |     1|
|99    |      \UART_RX/iDataCount_reg[3]       |notech_reg_96      |     1|
|100   |      \UART_RX/iParityReceived_reg     |notech_reg_97      |     1|
|101   |      \UART_RXFF/Q_reg[0]              |notech_reg_98      |     1|
|102   |      \UART_RXFF/Q_reg[10]             |notech_reg_99      |     1|
|103   |      \UART_RXFF/Q_reg[1]              |notech_reg_100     |     1|
|104   |      \UART_RXFF/Q_reg[2]              |notech_reg_101     |     1|
|105   |      \UART_RXFF/Q_reg[3]              |notech_reg_102     |     1|
|106   |      \UART_RXFF/Q_reg[4]              |notech_reg_103     |     1|
|107   |      \UART_RXFF/Q_reg[5]              |notech_reg_104     |     1|
|108   |      \UART_RXFF/Q_reg[6]              |notech_reg_105     |     1|
|109   |      \UART_RXFF/Q_reg[7]              |notech_reg_106     |     1|
|110   |      \UART_RXFF/Q_reg[8]              |notech_reg_107     |     1|
|111   |      \UART_RXFF/Q_reg[9]              |notech_reg_108     |     1|
|112   |      \UART_RXFF/iEMPTY_reg            |notech_reg_set_109 |     1|
|113   |      \UART_RXFF/iFIFOMem_reg[0][0]    |notech_reg_110     |     1|
|114   |      \UART_RXFF/iFIFOMem_reg[0][10]   |notech_reg_111     |     1|
|115   |      \UART_RXFF/iFIFOMem_reg[0][1]    |notech_reg_112     |     1|
|116   |      \UART_RXFF/iFIFOMem_reg[0][2]    |notech_reg_113     |     1|
|117   |      \UART_RXFF/iFIFOMem_reg[0][3]    |notech_reg_114     |     1|
|118   |      \UART_RXFF/iFIFOMem_reg[0][4]    |notech_reg_115     |     1|
|119   |      \UART_RXFF/iFIFOMem_reg[0][5]    |notech_reg_116     |     1|
|120   |      \UART_RXFF/iFIFOMem_reg[0][6]    |notech_reg_117     |     1|
|121   |      \UART_RXFF/iFIFOMem_reg[0][7]    |notech_reg_118     |     1|
|122   |      \UART_RXFF/iFIFOMem_reg[0][8]    |notech_reg_119     |     1|
|123   |      \UART_RXFF/iFIFOMem_reg[0][9]    |notech_reg_120     |     1|
|124   |      \UART_RXFF/iFIFOMem_reg[10][0]   |notech_reg_121     |     1|
|125   |      \UART_RXFF/iFIFOMem_reg[10][10]  |notech_reg_122     |     1|
|126   |      \UART_RXFF/iFIFOMem_reg[10][1]   |notech_reg_123     |     1|
|127   |      \UART_RXFF/iFIFOMem_reg[10][2]   |notech_reg_124     |     1|
|128   |      \UART_RXFF/iFIFOMem_reg[10][3]   |notech_reg_125     |     1|
|129   |      \UART_RXFF/iFIFOMem_reg[10][4]   |notech_reg_126     |     1|
|130   |      \UART_RXFF/iFIFOMem_reg[10][5]   |notech_reg_127     |     1|
|131   |      \UART_RXFF/iFIFOMem_reg[10][6]   |notech_reg_128     |     1|
|132   |      \UART_RXFF/iFIFOMem_reg[10][7]   |notech_reg_129     |     1|
|133   |      \UART_RXFF/iFIFOMem_reg[10][8]   |notech_reg_130     |     1|
|134   |      \UART_RXFF/iFIFOMem_reg[10][9]   |notech_reg_131     |     1|
|135   |      \UART_RXFF/iFIFOMem_reg[11][0]   |notech_reg_132     |     1|
|136   |      \UART_RXFF/iFIFOMem_reg[11][10]  |notech_reg_133     |     1|
|137   |      \UART_RXFF/iFIFOMem_reg[11][1]   |notech_reg_134     |     1|
|138   |      \UART_RXFF/iFIFOMem_reg[11][2]   |notech_reg_135     |     1|
|139   |      \UART_RXFF/iFIFOMem_reg[11][3]   |notech_reg_136     |     1|
|140   |      \UART_RXFF/iFIFOMem_reg[11][4]   |notech_reg_137     |     1|
|141   |      \UART_RXFF/iFIFOMem_reg[11][5]   |notech_reg_138     |     1|
|142   |      \UART_RXFF/iFIFOMem_reg[11][6]   |notech_reg_139     |     1|
|143   |      \UART_RXFF/iFIFOMem_reg[11][7]   |notech_reg_140     |     1|
|144   |      \UART_RXFF/iFIFOMem_reg[11][8]   |notech_reg_141     |     1|
|145   |      \UART_RXFF/iFIFOMem_reg[11][9]   |notech_reg_142     |     1|
|146   |      \UART_RXFF/iFIFOMem_reg[12][0]   |notech_reg_143     |     1|
|147   |      \UART_RXFF/iFIFOMem_reg[12][10]  |notech_reg_144     |     1|
|148   |      \UART_RXFF/iFIFOMem_reg[12][1]   |notech_reg_145     |     1|
|149   |      \UART_RXFF/iFIFOMem_reg[12][2]   |notech_reg_146     |     1|
|150   |      \UART_RXFF/iFIFOMem_reg[12][3]   |notech_reg_147     |     1|
|151   |      \UART_RXFF/iFIFOMem_reg[12][4]   |notech_reg_148     |     1|
|152   |      \UART_RXFF/iFIFOMem_reg[12][5]   |notech_reg_149     |     1|
|153   |      \UART_RXFF/iFIFOMem_reg[12][6]   |notech_reg_150     |     1|
|154   |      \UART_RXFF/iFIFOMem_reg[12][7]   |notech_reg_151     |     1|
|155   |      \UART_RXFF/iFIFOMem_reg[12][8]   |notech_reg_152     |     1|
|156   |      \UART_RXFF/iFIFOMem_reg[12][9]   |notech_reg_153     |     1|
|157   |      \UART_RXFF/iFIFOMem_reg[13][0]   |notech_reg_154     |     1|
|158   |      \UART_RXFF/iFIFOMem_reg[13][10]  |notech_reg_155     |     1|
|159   |      \UART_RXFF/iFIFOMem_reg[13][1]   |notech_reg_156     |     1|
|160   |      \UART_RXFF/iFIFOMem_reg[13][2]   |notech_reg_157     |     1|
|161   |      \UART_RXFF/iFIFOMem_reg[13][3]   |notech_reg_158     |     1|
|162   |      \UART_RXFF/iFIFOMem_reg[13][4]   |notech_reg_159     |     1|
|163   |      \UART_RXFF/iFIFOMem_reg[13][5]   |notech_reg_160     |     1|
|164   |      \UART_RXFF/iFIFOMem_reg[13][6]   |notech_reg_161     |     1|
|165   |      \UART_RXFF/iFIFOMem_reg[13][7]   |notech_reg_162     |     1|
|166   |      \UART_RXFF/iFIFOMem_reg[13][8]   |notech_reg_163     |     1|
|167   |      \UART_RXFF/iFIFOMem_reg[13][9]   |notech_reg_164     |     1|
|168   |      \UART_RXFF/iFIFOMem_reg[14][0]   |notech_reg_165     |     1|
|169   |      \UART_RXFF/iFIFOMem_reg[14][10]  |notech_reg_166     |     1|
|170   |      \UART_RXFF/iFIFOMem_reg[14][1]   |notech_reg_167     |     1|
|171   |      \UART_RXFF/iFIFOMem_reg[14][2]   |notech_reg_168     |     1|
|172   |      \UART_RXFF/iFIFOMem_reg[14][3]   |notech_reg_169     |     1|
|173   |      \UART_RXFF/iFIFOMem_reg[14][4]   |notech_reg_170     |     1|
|174   |      \UART_RXFF/iFIFOMem_reg[14][5]   |notech_reg_171     |     1|
|175   |      \UART_RXFF/iFIFOMem_reg[14][6]   |notech_reg_172     |     1|
|176   |      \UART_RXFF/iFIFOMem_reg[14][7]   |notech_reg_173     |     1|
|177   |      \UART_RXFF/iFIFOMem_reg[14][8]   |notech_reg_174     |     1|
|178   |      \UART_RXFF/iFIFOMem_reg[14][9]   |notech_reg_175     |     1|
|179   |      \UART_RXFF/iFIFOMem_reg[15][0]   |notech_reg_176     |     1|
|180   |      \UART_RXFF/iFIFOMem_reg[15][10]  |notech_reg_177     |     1|
|181   |      \UART_RXFF/iFIFOMem_reg[15][1]   |notech_reg_178     |     1|
|182   |      \UART_RXFF/iFIFOMem_reg[15][2]   |notech_reg_179     |     1|
|183   |      \UART_RXFF/iFIFOMem_reg[15][3]   |notech_reg_180     |     1|
|184   |      \UART_RXFF/iFIFOMem_reg[15][4]   |notech_reg_181     |     1|
|185   |      \UART_RXFF/iFIFOMem_reg[15][5]   |notech_reg_182     |     1|
|186   |      \UART_RXFF/iFIFOMem_reg[15][6]   |notech_reg_183     |     1|
|187   |      \UART_RXFF/iFIFOMem_reg[15][7]   |notech_reg_184     |     1|
|188   |      \UART_RXFF/iFIFOMem_reg[15][8]   |notech_reg_185     |     1|
|189   |      \UART_RXFF/iFIFOMem_reg[15][9]   |notech_reg_186     |     1|
|190   |      \UART_RXFF/iFIFOMem_reg[16][0]   |notech_reg_187     |     1|
|191   |      \UART_RXFF/iFIFOMem_reg[16][10]  |notech_reg_188     |     1|
|192   |      \UART_RXFF/iFIFOMem_reg[16][1]   |notech_reg_189     |     1|
|193   |      \UART_RXFF/iFIFOMem_reg[16][2]   |notech_reg_190     |     1|
|194   |      \UART_RXFF/iFIFOMem_reg[16][3]   |notech_reg_191     |     1|
|195   |      \UART_RXFF/iFIFOMem_reg[16][4]   |notech_reg_192     |     1|
|196   |      \UART_RXFF/iFIFOMem_reg[16][5]   |notech_reg_193     |     1|
|197   |      \UART_RXFF/iFIFOMem_reg[16][6]   |notech_reg_194     |     1|
|198   |      \UART_RXFF/iFIFOMem_reg[16][7]   |notech_reg_195     |     1|
|199   |      \UART_RXFF/iFIFOMem_reg[16][8]   |notech_reg_196     |     1|
|200   |      \UART_RXFF/iFIFOMem_reg[16][9]   |notech_reg_197     |     1|
|201   |      \UART_RXFF/iFIFOMem_reg[17][0]   |notech_reg_198     |     1|
|202   |      \UART_RXFF/iFIFOMem_reg[17][10]  |notech_reg_199     |     1|
|203   |      \UART_RXFF/iFIFOMem_reg[17][1]   |notech_reg_200     |     1|
|204   |      \UART_RXFF/iFIFOMem_reg[17][2]   |notech_reg_201     |     1|
|205   |      \UART_RXFF/iFIFOMem_reg[17][3]   |notech_reg_202     |     1|
|206   |      \UART_RXFF/iFIFOMem_reg[17][4]   |notech_reg_203     |     1|
|207   |      \UART_RXFF/iFIFOMem_reg[17][5]   |notech_reg_204     |     1|
|208   |      \UART_RXFF/iFIFOMem_reg[17][6]   |notech_reg_205     |     1|
|209   |      \UART_RXFF/iFIFOMem_reg[17][7]   |notech_reg_206     |     1|
|210   |      \UART_RXFF/iFIFOMem_reg[17][8]   |notech_reg_207     |     1|
|211   |      \UART_RXFF/iFIFOMem_reg[17][9]   |notech_reg_208     |     1|
|212   |      \UART_RXFF/iFIFOMem_reg[18][0]   |notech_reg_209     |     1|
|213   |      \UART_RXFF/iFIFOMem_reg[18][10]  |notech_reg_210     |     1|
|214   |      \UART_RXFF/iFIFOMem_reg[18][1]   |notech_reg_211     |     1|
|215   |      \UART_RXFF/iFIFOMem_reg[18][2]   |notech_reg_212     |     1|
|216   |      \UART_RXFF/iFIFOMem_reg[18][3]   |notech_reg_213     |     1|
|217   |      \UART_RXFF/iFIFOMem_reg[18][4]   |notech_reg_214     |     1|
|218   |      \UART_RXFF/iFIFOMem_reg[18][5]   |notech_reg_215     |     1|
|219   |      \UART_RXFF/iFIFOMem_reg[18][6]   |notech_reg_216     |     1|
|220   |      \UART_RXFF/iFIFOMem_reg[18][7]   |notech_reg_217     |     1|
|221   |      \UART_RXFF/iFIFOMem_reg[18][8]   |notech_reg_218     |     1|
|222   |      \UART_RXFF/iFIFOMem_reg[18][9]   |notech_reg_219     |     1|
|223   |      \UART_RXFF/iFIFOMem_reg[19][0]   |notech_reg_220     |     1|
|224   |      \UART_RXFF/iFIFOMem_reg[19][10]  |notech_reg_221     |     1|
|225   |      \UART_RXFF/iFIFOMem_reg[19][1]   |notech_reg_222     |     1|
|226   |      \UART_RXFF/iFIFOMem_reg[19][2]   |notech_reg_223     |     1|
|227   |      \UART_RXFF/iFIFOMem_reg[19][3]   |notech_reg_224     |     1|
|228   |      \UART_RXFF/iFIFOMem_reg[19][4]   |notech_reg_225     |     1|
|229   |      \UART_RXFF/iFIFOMem_reg[19][5]   |notech_reg_226     |     1|
|230   |      \UART_RXFF/iFIFOMem_reg[19][6]   |notech_reg_227     |     1|
|231   |      \UART_RXFF/iFIFOMem_reg[19][7]   |notech_reg_228     |     1|
|232   |      \UART_RXFF/iFIFOMem_reg[19][8]   |notech_reg_229     |     1|
|233   |      \UART_RXFF/iFIFOMem_reg[19][9]   |notech_reg_230     |     1|
|234   |      \UART_RXFF/iFIFOMem_reg[1][0]    |notech_reg_231     |     1|
|235   |      \UART_RXFF/iFIFOMem_reg[1][10]   |notech_reg_232     |     1|
|236   |      \UART_RXFF/iFIFOMem_reg[1][1]    |notech_reg_233     |     1|
|237   |      \UART_RXFF/iFIFOMem_reg[1][2]    |notech_reg_234     |     1|
|238   |      \UART_RXFF/iFIFOMem_reg[1][3]    |notech_reg_235     |     1|
|239   |      \UART_RXFF/iFIFOMem_reg[1][4]    |notech_reg_236     |     1|
|240   |      \UART_RXFF/iFIFOMem_reg[1][5]    |notech_reg_237     |     1|
|241   |      \UART_RXFF/iFIFOMem_reg[1][6]    |notech_reg_238     |     1|
|242   |      \UART_RXFF/iFIFOMem_reg[1][7]    |notech_reg_239     |     1|
|243   |      \UART_RXFF/iFIFOMem_reg[1][8]    |notech_reg_240     |     1|
|244   |      \UART_RXFF/iFIFOMem_reg[1][9]    |notech_reg_241     |     1|
|245   |      \UART_RXFF/iFIFOMem_reg[20][0]   |notech_reg_242     |     1|
|246   |      \UART_RXFF/iFIFOMem_reg[20][10]  |notech_reg_243     |     1|
|247   |      \UART_RXFF/iFIFOMem_reg[20][1]   |notech_reg_244     |     1|
|248   |      \UART_RXFF/iFIFOMem_reg[20][2]   |notech_reg_245     |     1|
|249   |      \UART_RXFF/iFIFOMem_reg[20][3]   |notech_reg_246     |     1|
|250   |      \UART_RXFF/iFIFOMem_reg[20][4]   |notech_reg_247     |     1|
|251   |      \UART_RXFF/iFIFOMem_reg[20][5]   |notech_reg_248     |     1|
|252   |      \UART_RXFF/iFIFOMem_reg[20][6]   |notech_reg_249     |     1|
|253   |      \UART_RXFF/iFIFOMem_reg[20][7]   |notech_reg_250     |     1|
|254   |      \UART_RXFF/iFIFOMem_reg[20][8]   |notech_reg_251     |     1|
|255   |      \UART_RXFF/iFIFOMem_reg[20][9]   |notech_reg_252     |     1|
|256   |      \UART_RXFF/iFIFOMem_reg[21][0]   |notech_reg_253     |     1|
|257   |      \UART_RXFF/iFIFOMem_reg[21][10]  |notech_reg_254     |     1|
|258   |      \UART_RXFF/iFIFOMem_reg[21][1]   |notech_reg_255     |     1|
|259   |      \UART_RXFF/iFIFOMem_reg[21][2]   |notech_reg_256     |     1|
|260   |      \UART_RXFF/iFIFOMem_reg[21][3]   |notech_reg_257     |     1|
|261   |      \UART_RXFF/iFIFOMem_reg[21][4]   |notech_reg_258     |     1|
|262   |      \UART_RXFF/iFIFOMem_reg[21][5]   |notech_reg_259     |     1|
|263   |      \UART_RXFF/iFIFOMem_reg[21][6]   |notech_reg_260     |     1|
|264   |      \UART_RXFF/iFIFOMem_reg[21][7]   |notech_reg_261     |     1|
|265   |      \UART_RXFF/iFIFOMem_reg[21][8]   |notech_reg_262     |     1|
|266   |      \UART_RXFF/iFIFOMem_reg[21][9]   |notech_reg_263     |     1|
|267   |      \UART_RXFF/iFIFOMem_reg[22][0]   |notech_reg_264     |     1|
|268   |      \UART_RXFF/iFIFOMem_reg[22][10]  |notech_reg_265     |     1|
|269   |      \UART_RXFF/iFIFOMem_reg[22][1]   |notech_reg_266     |     1|
|270   |      \UART_RXFF/iFIFOMem_reg[22][2]   |notech_reg_267     |     1|
|271   |      \UART_RXFF/iFIFOMem_reg[22][3]   |notech_reg_268     |     1|
|272   |      \UART_RXFF/iFIFOMem_reg[22][4]   |notech_reg_269     |     1|
|273   |      \UART_RXFF/iFIFOMem_reg[22][5]   |notech_reg_270     |     1|
|274   |      \UART_RXFF/iFIFOMem_reg[22][6]   |notech_reg_271     |     1|
|275   |      \UART_RXFF/iFIFOMem_reg[22][7]   |notech_reg_272     |     1|
|276   |      \UART_RXFF/iFIFOMem_reg[22][8]   |notech_reg_273     |     1|
|277   |      \UART_RXFF/iFIFOMem_reg[22][9]   |notech_reg_274     |     1|
|278   |      \UART_RXFF/iFIFOMem_reg[23][0]   |notech_reg_275     |     1|
|279   |      \UART_RXFF/iFIFOMem_reg[23][10]  |notech_reg_276     |     1|
|280   |      \UART_RXFF/iFIFOMem_reg[23][1]   |notech_reg_277     |     1|
|281   |      \UART_RXFF/iFIFOMem_reg[23][2]   |notech_reg_278     |     1|
|282   |      \UART_RXFF/iFIFOMem_reg[23][3]   |notech_reg_279     |     1|
|283   |      \UART_RXFF/iFIFOMem_reg[23][4]   |notech_reg_280     |     1|
|284   |      \UART_RXFF/iFIFOMem_reg[23][5]   |notech_reg_281     |     1|
|285   |      \UART_RXFF/iFIFOMem_reg[23][6]   |notech_reg_282     |     1|
|286   |      \UART_RXFF/iFIFOMem_reg[23][7]   |notech_reg_283     |     1|
|287   |      \UART_RXFF/iFIFOMem_reg[23][8]   |notech_reg_284     |     1|
|288   |      \UART_RXFF/iFIFOMem_reg[23][9]   |notech_reg_285     |     1|
|289   |      \UART_RXFF/iFIFOMem_reg[24][0]   |notech_reg_286     |     1|
|290   |      \UART_RXFF/iFIFOMem_reg[24][10]  |notech_reg_287     |     1|
|291   |      \UART_RXFF/iFIFOMem_reg[24][1]   |notech_reg_288     |     1|
|292   |      \UART_RXFF/iFIFOMem_reg[24][2]   |notech_reg_289     |     1|
|293   |      \UART_RXFF/iFIFOMem_reg[24][3]   |notech_reg_290     |     1|
|294   |      \UART_RXFF/iFIFOMem_reg[24][4]   |notech_reg_291     |     1|
|295   |      \UART_RXFF/iFIFOMem_reg[24][5]   |notech_reg_292     |     1|
|296   |      \UART_RXFF/iFIFOMem_reg[24][6]   |notech_reg_293     |     1|
|297   |      \UART_RXFF/iFIFOMem_reg[24][7]   |notech_reg_294     |     1|
|298   |      \UART_RXFF/iFIFOMem_reg[24][8]   |notech_reg_295     |     1|
|299   |      \UART_RXFF/iFIFOMem_reg[24][9]   |notech_reg_296     |     1|
|300   |      \UART_RXFF/iFIFOMem_reg[25][0]   |notech_reg_297     |     1|
|301   |      \UART_RXFF/iFIFOMem_reg[25][10]  |notech_reg_298     |     1|
|302   |      \UART_RXFF/iFIFOMem_reg[25][1]   |notech_reg_299     |     1|
|303   |      \UART_RXFF/iFIFOMem_reg[25][2]   |notech_reg_300     |     1|
|304   |      \UART_RXFF/iFIFOMem_reg[25][3]   |notech_reg_301     |     1|
|305   |      \UART_RXFF/iFIFOMem_reg[25][4]   |notech_reg_302     |     1|
|306   |      \UART_RXFF/iFIFOMem_reg[25][5]   |notech_reg_303     |     1|
|307   |      \UART_RXFF/iFIFOMem_reg[25][6]   |notech_reg_304     |     1|
|308   |      \UART_RXFF/iFIFOMem_reg[25][7]   |notech_reg_305     |     1|
|309   |      \UART_RXFF/iFIFOMem_reg[25][8]   |notech_reg_306     |     1|
|310   |      \UART_RXFF/iFIFOMem_reg[25][9]   |notech_reg_307     |     1|
|311   |      \UART_RXFF/iFIFOMem_reg[26][0]   |notech_reg_308     |     1|
|312   |      \UART_RXFF/iFIFOMem_reg[26][10]  |notech_reg_309     |     1|
|313   |      \UART_RXFF/iFIFOMem_reg[26][1]   |notech_reg_310     |     1|
|314   |      \UART_RXFF/iFIFOMem_reg[26][2]   |notech_reg_311     |     1|
|315   |      \UART_RXFF/iFIFOMem_reg[26][3]   |notech_reg_312     |     1|
|316   |      \UART_RXFF/iFIFOMem_reg[26][4]   |notech_reg_313     |     1|
|317   |      \UART_RXFF/iFIFOMem_reg[26][5]   |notech_reg_314     |     1|
|318   |      \UART_RXFF/iFIFOMem_reg[26][6]   |notech_reg_315     |     1|
|319   |      \UART_RXFF/iFIFOMem_reg[26][7]   |notech_reg_316     |     1|
|320   |      \UART_RXFF/iFIFOMem_reg[26][8]   |notech_reg_317     |     1|
|321   |      \UART_RXFF/iFIFOMem_reg[26][9]   |notech_reg_318     |     1|
|322   |      \UART_RXFF/iFIFOMem_reg[27][0]   |notech_reg_319     |     1|
|323   |      \UART_RXFF/iFIFOMem_reg[27][10]  |notech_reg_320     |     1|
|324   |      \UART_RXFF/iFIFOMem_reg[27][1]   |notech_reg_321     |     1|
|325   |      \UART_RXFF/iFIFOMem_reg[27][2]   |notech_reg_322     |     1|
|326   |      \UART_RXFF/iFIFOMem_reg[27][3]   |notech_reg_323     |     1|
|327   |      \UART_RXFF/iFIFOMem_reg[27][4]   |notech_reg_324     |     1|
|328   |      \UART_RXFF/iFIFOMem_reg[27][5]   |notech_reg_325     |     1|
|329   |      \UART_RXFF/iFIFOMem_reg[27][6]   |notech_reg_326     |     1|
|330   |      \UART_RXFF/iFIFOMem_reg[27][7]   |notech_reg_327     |     1|
|331   |      \UART_RXFF/iFIFOMem_reg[27][8]   |notech_reg_328     |     1|
|332   |      \UART_RXFF/iFIFOMem_reg[27][9]   |notech_reg_329     |     1|
|333   |      \UART_RXFF/iFIFOMem_reg[28][0]   |notech_reg_330     |     1|
|334   |      \UART_RXFF/iFIFOMem_reg[28][10]  |notech_reg_331     |     1|
|335   |      \UART_RXFF/iFIFOMem_reg[28][1]   |notech_reg_332     |     1|
|336   |      \UART_RXFF/iFIFOMem_reg[28][2]   |notech_reg_333     |     1|
|337   |      \UART_RXFF/iFIFOMem_reg[28][3]   |notech_reg_334     |     1|
|338   |      \UART_RXFF/iFIFOMem_reg[28][4]   |notech_reg_335     |     1|
|339   |      \UART_RXFF/iFIFOMem_reg[28][5]   |notech_reg_336     |     1|
|340   |      \UART_RXFF/iFIFOMem_reg[28][6]   |notech_reg_337     |     1|
|341   |      \UART_RXFF/iFIFOMem_reg[28][7]   |notech_reg_338     |     1|
|342   |      \UART_RXFF/iFIFOMem_reg[28][8]   |notech_reg_339     |     1|
|343   |      \UART_RXFF/iFIFOMem_reg[28][9]   |notech_reg_340     |     1|
|344   |      \UART_RXFF/iFIFOMem_reg[29][0]   |notech_reg_341     |     1|
|345   |      \UART_RXFF/iFIFOMem_reg[29][10]  |notech_reg_342     |     1|
|346   |      \UART_RXFF/iFIFOMem_reg[29][1]   |notech_reg_343     |     1|
|347   |      \UART_RXFF/iFIFOMem_reg[29][2]   |notech_reg_344     |     1|
|348   |      \UART_RXFF/iFIFOMem_reg[29][3]   |notech_reg_345     |     1|
|349   |      \UART_RXFF/iFIFOMem_reg[29][4]   |notech_reg_346     |     1|
|350   |      \UART_RXFF/iFIFOMem_reg[29][5]   |notech_reg_347     |     1|
|351   |      \UART_RXFF/iFIFOMem_reg[29][6]   |notech_reg_348     |     1|
|352   |      \UART_RXFF/iFIFOMem_reg[29][7]   |notech_reg_349     |     1|
|353   |      \UART_RXFF/iFIFOMem_reg[29][8]   |notech_reg_350     |     1|
|354   |      \UART_RXFF/iFIFOMem_reg[29][9]   |notech_reg_351     |     1|
|355   |      \UART_RXFF/iFIFOMem_reg[2][0]    |notech_reg_352     |     1|
|356   |      \UART_RXFF/iFIFOMem_reg[2][10]   |notech_reg_353     |     1|
|357   |      \UART_RXFF/iFIFOMem_reg[2][1]    |notech_reg_354     |     1|
|358   |      \UART_RXFF/iFIFOMem_reg[2][2]    |notech_reg_355     |     1|
|359   |      \UART_RXFF/iFIFOMem_reg[2][3]    |notech_reg_356     |     1|
|360   |      \UART_RXFF/iFIFOMem_reg[2][4]    |notech_reg_357     |     1|
|361   |      \UART_RXFF/iFIFOMem_reg[2][5]    |notech_reg_358     |     1|
|362   |      \UART_RXFF/iFIFOMem_reg[2][6]    |notech_reg_359     |     1|
|363   |      \UART_RXFF/iFIFOMem_reg[2][7]    |notech_reg_360     |     1|
|364   |      \UART_RXFF/iFIFOMem_reg[2][8]    |notech_reg_361     |     1|
|365   |      \UART_RXFF/iFIFOMem_reg[2][9]    |notech_reg_362     |     1|
|366   |      \UART_RXFF/iFIFOMem_reg[30][0]   |notech_reg_363     |     1|
|367   |      \UART_RXFF/iFIFOMem_reg[30][10]  |notech_reg_364     |     1|
|368   |      \UART_RXFF/iFIFOMem_reg[30][1]   |notech_reg_365     |     1|
|369   |      \UART_RXFF/iFIFOMem_reg[30][2]   |notech_reg_366     |     1|
|370   |      \UART_RXFF/iFIFOMem_reg[30][3]   |notech_reg_367     |     1|
|371   |      \UART_RXFF/iFIFOMem_reg[30][4]   |notech_reg_368     |     1|
|372   |      \UART_RXFF/iFIFOMem_reg[30][5]   |notech_reg_369     |     1|
|373   |      \UART_RXFF/iFIFOMem_reg[30][6]   |notech_reg_370     |     1|
|374   |      \UART_RXFF/iFIFOMem_reg[30][7]   |notech_reg_371     |     1|
|375   |      \UART_RXFF/iFIFOMem_reg[30][8]   |notech_reg_372     |     1|
|376   |      \UART_RXFF/iFIFOMem_reg[30][9]   |notech_reg_373     |     1|
|377   |      \UART_RXFF/iFIFOMem_reg[31][0]   |notech_reg_374     |     1|
|378   |      \UART_RXFF/iFIFOMem_reg[31][10]  |notech_reg_375     |     1|
|379   |      \UART_RXFF/iFIFOMem_reg[31][1]   |notech_reg_376     |     1|
|380   |      \UART_RXFF/iFIFOMem_reg[31][2]   |notech_reg_377     |     1|
|381   |      \UART_RXFF/iFIFOMem_reg[31][3]   |notech_reg_378     |     1|
|382   |      \UART_RXFF/iFIFOMem_reg[31][4]   |notech_reg_379     |     1|
|383   |      \UART_RXFF/iFIFOMem_reg[31][5]   |notech_reg_380     |     1|
|384   |      \UART_RXFF/iFIFOMem_reg[31][6]   |notech_reg_381     |     1|
|385   |      \UART_RXFF/iFIFOMem_reg[31][7]   |notech_reg_382     |     1|
|386   |      \UART_RXFF/iFIFOMem_reg[31][8]   |notech_reg_383     |     1|
|387   |      \UART_RXFF/iFIFOMem_reg[31][9]   |notech_reg_384     |     1|
|388   |      \UART_RXFF/iFIFOMem_reg[32][0]   |notech_reg_385     |     1|
|389   |      \UART_RXFF/iFIFOMem_reg[32][10]  |notech_reg_386     |     1|
|390   |      \UART_RXFF/iFIFOMem_reg[32][1]   |notech_reg_387     |     1|
|391   |      \UART_RXFF/iFIFOMem_reg[32][2]   |notech_reg_388     |     1|
|392   |      \UART_RXFF/iFIFOMem_reg[32][3]   |notech_reg_389     |     1|
|393   |      \UART_RXFF/iFIFOMem_reg[32][4]   |notech_reg_390     |     1|
|394   |      \UART_RXFF/iFIFOMem_reg[32][5]   |notech_reg_391     |     1|
|395   |      \UART_RXFF/iFIFOMem_reg[32][6]   |notech_reg_392     |     1|
|396   |      \UART_RXFF/iFIFOMem_reg[32][7]   |notech_reg_393     |     1|
|397   |      \UART_RXFF/iFIFOMem_reg[32][8]   |notech_reg_394     |     1|
|398   |      \UART_RXFF/iFIFOMem_reg[32][9]   |notech_reg_395     |     1|
|399   |      \UART_RXFF/iFIFOMem_reg[33][0]   |notech_reg_396     |     1|
|400   |      \UART_RXFF/iFIFOMem_reg[33][10]  |notech_reg_397     |     1|
|401   |      \UART_RXFF/iFIFOMem_reg[33][1]   |notech_reg_398     |     1|
|402   |      \UART_RXFF/iFIFOMem_reg[33][2]   |notech_reg_399     |     1|
|403   |      \UART_RXFF/iFIFOMem_reg[33][3]   |notech_reg_400     |     1|
|404   |      \UART_RXFF/iFIFOMem_reg[33][4]   |notech_reg_401     |     1|
|405   |      \UART_RXFF/iFIFOMem_reg[33][5]   |notech_reg_402     |     1|
|406   |      \UART_RXFF/iFIFOMem_reg[33][6]   |notech_reg_403     |     1|
|407   |      \UART_RXFF/iFIFOMem_reg[33][7]   |notech_reg_404     |     1|
|408   |      \UART_RXFF/iFIFOMem_reg[33][8]   |notech_reg_405     |     1|
|409   |      \UART_RXFF/iFIFOMem_reg[33][9]   |notech_reg_406     |     1|
|410   |      \UART_RXFF/iFIFOMem_reg[34][0]   |notech_reg_407     |     1|
|411   |      \UART_RXFF/iFIFOMem_reg[34][10]  |notech_reg_408     |     1|
|412   |      \UART_RXFF/iFIFOMem_reg[34][1]   |notech_reg_409     |     1|
|413   |      \UART_RXFF/iFIFOMem_reg[34][2]   |notech_reg_410     |     1|
|414   |      \UART_RXFF/iFIFOMem_reg[34][3]   |notech_reg_411     |     1|
|415   |      \UART_RXFF/iFIFOMem_reg[34][4]   |notech_reg_412     |     1|
|416   |      \UART_RXFF/iFIFOMem_reg[34][5]   |notech_reg_413     |     1|
|417   |      \UART_RXFF/iFIFOMem_reg[34][6]   |notech_reg_414     |     1|
|418   |      \UART_RXFF/iFIFOMem_reg[34][7]   |notech_reg_415     |     1|
|419   |      \UART_RXFF/iFIFOMem_reg[34][8]   |notech_reg_416     |     1|
|420   |      \UART_RXFF/iFIFOMem_reg[34][9]   |notech_reg_417     |     1|
|421   |      \UART_RXFF/iFIFOMem_reg[35][0]   |notech_reg_418     |     1|
|422   |      \UART_RXFF/iFIFOMem_reg[35][10]  |notech_reg_419     |     1|
|423   |      \UART_RXFF/iFIFOMem_reg[35][1]   |notech_reg_420     |     1|
|424   |      \UART_RXFF/iFIFOMem_reg[35][2]   |notech_reg_421     |     1|
|425   |      \UART_RXFF/iFIFOMem_reg[35][3]   |notech_reg_422     |     1|
|426   |      \UART_RXFF/iFIFOMem_reg[35][4]   |notech_reg_423     |     1|
|427   |      \UART_RXFF/iFIFOMem_reg[35][5]   |notech_reg_424     |     1|
|428   |      \UART_RXFF/iFIFOMem_reg[35][6]   |notech_reg_425     |     1|
|429   |      \UART_RXFF/iFIFOMem_reg[35][7]   |notech_reg_426     |     1|
|430   |      \UART_RXFF/iFIFOMem_reg[35][8]   |notech_reg_427     |     1|
|431   |      \UART_RXFF/iFIFOMem_reg[35][9]   |notech_reg_428     |     1|
|432   |      \UART_RXFF/iFIFOMem_reg[36][0]   |notech_reg_429     |     1|
|433   |      \UART_RXFF/iFIFOMem_reg[36][10]  |notech_reg_430     |     1|
|434   |      \UART_RXFF/iFIFOMem_reg[36][1]   |notech_reg_431     |     1|
|435   |      \UART_RXFF/iFIFOMem_reg[36][2]   |notech_reg_432     |     1|
|436   |      \UART_RXFF/iFIFOMem_reg[36][3]   |notech_reg_433     |     1|
|437   |      \UART_RXFF/iFIFOMem_reg[36][4]   |notech_reg_434     |     1|
|438   |      \UART_RXFF/iFIFOMem_reg[36][5]   |notech_reg_435     |     1|
|439   |      \UART_RXFF/iFIFOMem_reg[36][6]   |notech_reg_436     |     1|
|440   |      \UART_RXFF/iFIFOMem_reg[36][7]   |notech_reg_437     |     1|
|441   |      \UART_RXFF/iFIFOMem_reg[36][8]   |notech_reg_438     |     1|
|442   |      \UART_RXFF/iFIFOMem_reg[36][9]   |notech_reg_439     |     1|
|443   |      \UART_RXFF/iFIFOMem_reg[37][0]   |notech_reg_440     |     1|
|444   |      \UART_RXFF/iFIFOMem_reg[37][10]  |notech_reg_441     |     1|
|445   |      \UART_RXFF/iFIFOMem_reg[37][1]   |notech_reg_442     |     1|
|446   |      \UART_RXFF/iFIFOMem_reg[37][2]   |notech_reg_443     |     1|
|447   |      \UART_RXFF/iFIFOMem_reg[37][3]   |notech_reg_444     |     1|
|448   |      \UART_RXFF/iFIFOMem_reg[37][4]   |notech_reg_445     |     1|
|449   |      \UART_RXFF/iFIFOMem_reg[37][5]   |notech_reg_446     |     1|
|450   |      \UART_RXFF/iFIFOMem_reg[37][6]   |notech_reg_447     |     1|
|451   |      \UART_RXFF/iFIFOMem_reg[37][7]   |notech_reg_448     |     1|
|452   |      \UART_RXFF/iFIFOMem_reg[37][8]   |notech_reg_449     |     1|
|453   |      \UART_RXFF/iFIFOMem_reg[37][9]   |notech_reg_450     |     1|
|454   |      \UART_RXFF/iFIFOMem_reg[38][0]   |notech_reg_451     |     1|
|455   |      \UART_RXFF/iFIFOMem_reg[38][10]  |notech_reg_452     |     1|
|456   |      \UART_RXFF/iFIFOMem_reg[38][1]   |notech_reg_453     |     1|
|457   |      \UART_RXFF/iFIFOMem_reg[38][2]   |notech_reg_454     |     1|
|458   |      \UART_RXFF/iFIFOMem_reg[38][3]   |notech_reg_455     |     1|
|459   |      \UART_RXFF/iFIFOMem_reg[38][4]   |notech_reg_456     |     1|
|460   |      \UART_RXFF/iFIFOMem_reg[38][5]   |notech_reg_457     |     1|
|461   |      \UART_RXFF/iFIFOMem_reg[38][6]   |notech_reg_458     |     1|
|462   |      \UART_RXFF/iFIFOMem_reg[38][7]   |notech_reg_459     |     1|
|463   |      \UART_RXFF/iFIFOMem_reg[38][8]   |notech_reg_460     |     1|
|464   |      \UART_RXFF/iFIFOMem_reg[38][9]   |notech_reg_461     |     1|
|465   |      \UART_RXFF/iFIFOMem_reg[39][0]   |notech_reg_462     |     1|
|466   |      \UART_RXFF/iFIFOMem_reg[39][10]  |notech_reg_463     |     1|
|467   |      \UART_RXFF/iFIFOMem_reg[39][1]   |notech_reg_464     |     1|
|468   |      \UART_RXFF/iFIFOMem_reg[39][2]   |notech_reg_465     |     1|
|469   |      \UART_RXFF/iFIFOMem_reg[39][3]   |notech_reg_466     |     1|
|470   |      \UART_RXFF/iFIFOMem_reg[39][4]   |notech_reg_467     |     1|
|471   |      \UART_RXFF/iFIFOMem_reg[39][5]   |notech_reg_468     |     1|
|472   |      \UART_RXFF/iFIFOMem_reg[39][6]   |notech_reg_469     |     1|
|473   |      \UART_RXFF/iFIFOMem_reg[39][7]   |notech_reg_470     |     1|
|474   |      \UART_RXFF/iFIFOMem_reg[39][8]   |notech_reg_471     |     1|
|475   |      \UART_RXFF/iFIFOMem_reg[39][9]   |notech_reg_472     |     1|
|476   |      \UART_RXFF/iFIFOMem_reg[3][0]    |notech_reg_473     |     1|
|477   |      \UART_RXFF/iFIFOMem_reg[3][10]   |notech_reg_474     |     1|
|478   |      \UART_RXFF/iFIFOMem_reg[3][1]    |notech_reg_475     |     1|
|479   |      \UART_RXFF/iFIFOMem_reg[3][2]    |notech_reg_476     |     1|
|480   |      \UART_RXFF/iFIFOMem_reg[3][3]    |notech_reg_477     |     1|
|481   |      \UART_RXFF/iFIFOMem_reg[3][4]    |notech_reg_478     |     1|
|482   |      \UART_RXFF/iFIFOMem_reg[3][5]    |notech_reg_479     |     1|
|483   |      \UART_RXFF/iFIFOMem_reg[3][6]    |notech_reg_480     |     1|
|484   |      \UART_RXFF/iFIFOMem_reg[3][7]    |notech_reg_481     |     1|
|485   |      \UART_RXFF/iFIFOMem_reg[3][8]    |notech_reg_482     |     1|
|486   |      \UART_RXFF/iFIFOMem_reg[3][9]    |notech_reg_483     |     1|
|487   |      \UART_RXFF/iFIFOMem_reg[40][0]   |notech_reg_484     |     1|
|488   |      \UART_RXFF/iFIFOMem_reg[40][10]  |notech_reg_485     |     1|
|489   |      \UART_RXFF/iFIFOMem_reg[40][1]   |notech_reg_486     |     1|
|490   |      \UART_RXFF/iFIFOMem_reg[40][2]   |notech_reg_487     |     1|
|491   |      \UART_RXFF/iFIFOMem_reg[40][3]   |notech_reg_488     |     1|
|492   |      \UART_RXFF/iFIFOMem_reg[40][4]   |notech_reg_489     |     1|
|493   |      \UART_RXFF/iFIFOMem_reg[40][5]   |notech_reg_490     |     1|
|494   |      \UART_RXFF/iFIFOMem_reg[40][6]   |notech_reg_491     |     1|
|495   |      \UART_RXFF/iFIFOMem_reg[40][7]   |notech_reg_492     |     1|
|496   |      \UART_RXFF/iFIFOMem_reg[40][8]   |notech_reg_493     |     1|
|497   |      \UART_RXFF/iFIFOMem_reg[40][9]   |notech_reg_494     |     1|
|498   |      \UART_RXFF/iFIFOMem_reg[41][0]   |notech_reg_495     |     1|
|499   |      \UART_RXFF/iFIFOMem_reg[41][10]  |notech_reg_496     |     1|
|500   |      \UART_RXFF/iFIFOMem_reg[41][1]   |notech_reg_497     |     1|
|501   |      \UART_RXFF/iFIFOMem_reg[41][2]   |notech_reg_498     |     1|
|502   |      \UART_RXFF/iFIFOMem_reg[41][3]   |notech_reg_499     |     1|
|503   |      \UART_RXFF/iFIFOMem_reg[41][4]   |notech_reg_500     |     1|
|504   |      \UART_RXFF/iFIFOMem_reg[41][5]   |notech_reg_501     |     1|
|505   |      \UART_RXFF/iFIFOMem_reg[41][6]   |notech_reg_502     |     1|
|506   |      \UART_RXFF/iFIFOMem_reg[41][7]   |notech_reg_503     |     1|
|507   |      \UART_RXFF/iFIFOMem_reg[41][8]   |notech_reg_504     |     1|
|508   |      \UART_RXFF/iFIFOMem_reg[41][9]   |notech_reg_505     |     1|
|509   |      \UART_RXFF/iFIFOMem_reg[42][0]   |notech_reg_506     |     1|
|510   |      \UART_RXFF/iFIFOMem_reg[42][10]  |notech_reg_507     |     1|
|511   |      \UART_RXFF/iFIFOMem_reg[42][1]   |notech_reg_508     |     1|
|512   |      \UART_RXFF/iFIFOMem_reg[42][2]   |notech_reg_509     |     1|
|513   |      \UART_RXFF/iFIFOMem_reg[42][3]   |notech_reg_510     |     1|
|514   |      \UART_RXFF/iFIFOMem_reg[42][4]   |notech_reg_511     |     1|
|515   |      \UART_RXFF/iFIFOMem_reg[42][5]   |notech_reg_512     |     1|
|516   |      \UART_RXFF/iFIFOMem_reg[42][6]   |notech_reg_513     |     1|
|517   |      \UART_RXFF/iFIFOMem_reg[42][7]   |notech_reg_514     |     1|
|518   |      \UART_RXFF/iFIFOMem_reg[42][8]   |notech_reg_515     |     1|
|519   |      \UART_RXFF/iFIFOMem_reg[42][9]   |notech_reg_516     |     1|
|520   |      \UART_RXFF/iFIFOMem_reg[43][0]   |notech_reg_517     |     1|
|521   |      \UART_RXFF/iFIFOMem_reg[43][10]  |notech_reg_518     |     1|
|522   |      \UART_RXFF/iFIFOMem_reg[43][1]   |notech_reg_519     |     1|
|523   |      \UART_RXFF/iFIFOMem_reg[43][2]   |notech_reg_520     |     1|
|524   |      \UART_RXFF/iFIFOMem_reg[43][3]   |notech_reg_521     |     1|
|525   |      \UART_RXFF/iFIFOMem_reg[43][4]   |notech_reg_522     |     1|
|526   |      \UART_RXFF/iFIFOMem_reg[43][5]   |notech_reg_523     |     1|
|527   |      \UART_RXFF/iFIFOMem_reg[43][6]   |notech_reg_524     |     1|
|528   |      \UART_RXFF/iFIFOMem_reg[43][7]   |notech_reg_525     |     1|
|529   |      \UART_RXFF/iFIFOMem_reg[43][8]   |notech_reg_526     |     1|
|530   |      \UART_RXFF/iFIFOMem_reg[43][9]   |notech_reg_527     |     1|
|531   |      \UART_RXFF/iFIFOMem_reg[44][0]   |notech_reg_528     |     1|
|532   |      \UART_RXFF/iFIFOMem_reg[44][10]  |notech_reg_529     |     1|
|533   |      \UART_RXFF/iFIFOMem_reg[44][1]   |notech_reg_530     |     1|
|534   |      \UART_RXFF/iFIFOMem_reg[44][2]   |notech_reg_531     |     1|
|535   |      \UART_RXFF/iFIFOMem_reg[44][3]   |notech_reg_532     |     1|
|536   |      \UART_RXFF/iFIFOMem_reg[44][4]   |notech_reg_533     |     1|
|537   |      \UART_RXFF/iFIFOMem_reg[44][5]   |notech_reg_534     |     1|
|538   |      \UART_RXFF/iFIFOMem_reg[44][6]   |notech_reg_535     |     1|
|539   |      \UART_RXFF/iFIFOMem_reg[44][7]   |notech_reg_536     |     1|
|540   |      \UART_RXFF/iFIFOMem_reg[44][8]   |notech_reg_537     |     1|
|541   |      \UART_RXFF/iFIFOMem_reg[44][9]   |notech_reg_538     |     1|
|542   |      \UART_RXFF/iFIFOMem_reg[45][0]   |notech_reg_539     |     1|
|543   |      \UART_RXFF/iFIFOMem_reg[45][10]  |notech_reg_540     |     1|
|544   |      \UART_RXFF/iFIFOMem_reg[45][1]   |notech_reg_541     |     1|
|545   |      \UART_RXFF/iFIFOMem_reg[45][2]   |notech_reg_542     |     1|
|546   |      \UART_RXFF/iFIFOMem_reg[45][3]   |notech_reg_543     |     1|
|547   |      \UART_RXFF/iFIFOMem_reg[45][4]   |notech_reg_544     |     1|
|548   |      \UART_RXFF/iFIFOMem_reg[45][5]   |notech_reg_545     |     1|
|549   |      \UART_RXFF/iFIFOMem_reg[45][6]   |notech_reg_546     |     1|
|550   |      \UART_RXFF/iFIFOMem_reg[45][7]   |notech_reg_547     |     1|
|551   |      \UART_RXFF/iFIFOMem_reg[45][8]   |notech_reg_548     |     1|
|552   |      \UART_RXFF/iFIFOMem_reg[45][9]   |notech_reg_549     |     1|
|553   |      \UART_RXFF/iFIFOMem_reg[46][0]   |notech_reg_550     |     1|
|554   |      \UART_RXFF/iFIFOMem_reg[46][10]  |notech_reg_551     |     1|
|555   |      \UART_RXFF/iFIFOMem_reg[46][1]   |notech_reg_552     |     1|
|556   |      \UART_RXFF/iFIFOMem_reg[46][2]   |notech_reg_553     |     1|
|557   |      \UART_RXFF/iFIFOMem_reg[46][3]   |notech_reg_554     |     1|
|558   |      \UART_RXFF/iFIFOMem_reg[46][4]   |notech_reg_555     |     1|
|559   |      \UART_RXFF/iFIFOMem_reg[46][5]   |notech_reg_556     |     1|
|560   |      \UART_RXFF/iFIFOMem_reg[46][6]   |notech_reg_557     |     1|
|561   |      \UART_RXFF/iFIFOMem_reg[46][7]   |notech_reg_558     |     1|
|562   |      \UART_RXFF/iFIFOMem_reg[46][8]   |notech_reg_559     |     1|
|563   |      \UART_RXFF/iFIFOMem_reg[46][9]   |notech_reg_560     |     1|
|564   |      \UART_RXFF/iFIFOMem_reg[47][0]   |notech_reg_561     |     1|
|565   |      \UART_RXFF/iFIFOMem_reg[47][10]  |notech_reg_562     |     1|
|566   |      \UART_RXFF/iFIFOMem_reg[47][1]   |notech_reg_563     |     1|
|567   |      \UART_RXFF/iFIFOMem_reg[47][2]   |notech_reg_564     |     1|
|568   |      \UART_RXFF/iFIFOMem_reg[47][3]   |notech_reg_565     |     1|
|569   |      \UART_RXFF/iFIFOMem_reg[47][4]   |notech_reg_566     |     1|
|570   |      \UART_RXFF/iFIFOMem_reg[47][5]   |notech_reg_567     |     1|
|571   |      \UART_RXFF/iFIFOMem_reg[47][6]   |notech_reg_568     |     1|
|572   |      \UART_RXFF/iFIFOMem_reg[47][7]   |notech_reg_569     |     1|
|573   |      \UART_RXFF/iFIFOMem_reg[47][8]   |notech_reg_570     |     1|
|574   |      \UART_RXFF/iFIFOMem_reg[47][9]   |notech_reg_571     |     1|
|575   |      \UART_RXFF/iFIFOMem_reg[48][0]   |notech_reg_572     |     1|
|576   |      \UART_RXFF/iFIFOMem_reg[48][10]  |notech_reg_573     |     1|
|577   |      \UART_RXFF/iFIFOMem_reg[48][1]   |notech_reg_574     |     1|
|578   |      \UART_RXFF/iFIFOMem_reg[48][2]   |notech_reg_575     |     1|
|579   |      \UART_RXFF/iFIFOMem_reg[48][3]   |notech_reg_576     |     1|
|580   |      \UART_RXFF/iFIFOMem_reg[48][4]   |notech_reg_577     |     1|
|581   |      \UART_RXFF/iFIFOMem_reg[48][5]   |notech_reg_578     |     1|
|582   |      \UART_RXFF/iFIFOMem_reg[48][6]   |notech_reg_579     |     1|
|583   |      \UART_RXFF/iFIFOMem_reg[48][7]   |notech_reg_580     |     1|
|584   |      \UART_RXFF/iFIFOMem_reg[48][8]   |notech_reg_581     |     1|
|585   |      \UART_RXFF/iFIFOMem_reg[48][9]   |notech_reg_582     |     1|
|586   |      \UART_RXFF/iFIFOMem_reg[49][0]   |notech_reg_583     |     1|
|587   |      \UART_RXFF/iFIFOMem_reg[49][10]  |notech_reg_584     |     1|
|588   |      \UART_RXFF/iFIFOMem_reg[49][1]   |notech_reg_585     |     1|
|589   |      \UART_RXFF/iFIFOMem_reg[49][2]   |notech_reg_586     |     1|
|590   |      \UART_RXFF/iFIFOMem_reg[49][3]   |notech_reg_587     |     1|
|591   |      \UART_RXFF/iFIFOMem_reg[49][4]   |notech_reg_588     |     1|
|592   |      \UART_RXFF/iFIFOMem_reg[49][5]   |notech_reg_589     |     1|
|593   |      \UART_RXFF/iFIFOMem_reg[49][6]   |notech_reg_590     |     1|
|594   |      \UART_RXFF/iFIFOMem_reg[49][7]   |notech_reg_591     |     1|
|595   |      \UART_RXFF/iFIFOMem_reg[49][8]   |notech_reg_592     |     1|
|596   |      \UART_RXFF/iFIFOMem_reg[49][9]   |notech_reg_593     |     1|
|597   |      \UART_RXFF/iFIFOMem_reg[4][0]    |notech_reg_594     |     1|
|598   |      \UART_RXFF/iFIFOMem_reg[4][10]   |notech_reg_595     |     1|
|599   |      \UART_RXFF/iFIFOMem_reg[4][1]    |notech_reg_596     |     1|
|600   |      \UART_RXFF/iFIFOMem_reg[4][2]    |notech_reg_597     |     1|
|601   |      \UART_RXFF/iFIFOMem_reg[4][3]    |notech_reg_598     |     1|
|602   |      \UART_RXFF/iFIFOMem_reg[4][4]    |notech_reg_599     |     1|
|603   |      \UART_RXFF/iFIFOMem_reg[4][5]    |notech_reg_600     |     1|
|604   |      \UART_RXFF/iFIFOMem_reg[4][6]    |notech_reg_601     |     1|
|605   |      \UART_RXFF/iFIFOMem_reg[4][7]    |notech_reg_602     |     1|
|606   |      \UART_RXFF/iFIFOMem_reg[4][8]    |notech_reg_603     |     1|
|607   |      \UART_RXFF/iFIFOMem_reg[4][9]    |notech_reg_604     |     1|
|608   |      \UART_RXFF/iFIFOMem_reg[50][0]   |notech_reg_605     |     1|
|609   |      \UART_RXFF/iFIFOMem_reg[50][10]  |notech_reg_606     |     1|
|610   |      \UART_RXFF/iFIFOMem_reg[50][1]   |notech_reg_607     |     1|
|611   |      \UART_RXFF/iFIFOMem_reg[50][2]   |notech_reg_608     |     1|
|612   |      \UART_RXFF/iFIFOMem_reg[50][3]   |notech_reg_609     |     1|
|613   |      \UART_RXFF/iFIFOMem_reg[50][4]   |notech_reg_610     |     1|
|614   |      \UART_RXFF/iFIFOMem_reg[50][5]   |notech_reg_611     |     1|
|615   |      \UART_RXFF/iFIFOMem_reg[50][6]   |notech_reg_612     |     1|
|616   |      \UART_RXFF/iFIFOMem_reg[50][7]   |notech_reg_613     |     1|
|617   |      \UART_RXFF/iFIFOMem_reg[50][8]   |notech_reg_614     |     1|
|618   |      \UART_RXFF/iFIFOMem_reg[50][9]   |notech_reg_615     |     1|
|619   |      \UART_RXFF/iFIFOMem_reg[51][0]   |notech_reg_616     |     1|
|620   |      \UART_RXFF/iFIFOMem_reg[51][10]  |notech_reg_617     |     1|
|621   |      \UART_RXFF/iFIFOMem_reg[51][1]   |notech_reg_618     |     1|
|622   |      \UART_RXFF/iFIFOMem_reg[51][2]   |notech_reg_619     |     1|
|623   |      \UART_RXFF/iFIFOMem_reg[51][3]   |notech_reg_620     |     1|
|624   |      \UART_RXFF/iFIFOMem_reg[51][4]   |notech_reg_621     |     1|
|625   |      \UART_RXFF/iFIFOMem_reg[51][5]   |notech_reg_622     |     1|
|626   |      \UART_RXFF/iFIFOMem_reg[51][6]   |notech_reg_623     |     1|
|627   |      \UART_RXFF/iFIFOMem_reg[51][7]   |notech_reg_624     |     1|
|628   |      \UART_RXFF/iFIFOMem_reg[51][8]   |notech_reg_625     |     1|
|629   |      \UART_RXFF/iFIFOMem_reg[51][9]   |notech_reg_626     |     1|
|630   |      \UART_RXFF/iFIFOMem_reg[52][0]   |notech_reg_627     |     1|
|631   |      \UART_RXFF/iFIFOMem_reg[52][10]  |notech_reg_628     |     1|
|632   |      \UART_RXFF/iFIFOMem_reg[52][1]   |notech_reg_629     |     1|
|633   |      \UART_RXFF/iFIFOMem_reg[52][2]   |notech_reg_630     |     1|
|634   |      \UART_RXFF/iFIFOMem_reg[52][3]   |notech_reg_631     |     1|
|635   |      \UART_RXFF/iFIFOMem_reg[52][4]   |notech_reg_632     |     1|
|636   |      \UART_RXFF/iFIFOMem_reg[52][5]   |notech_reg_633     |     1|
|637   |      \UART_RXFF/iFIFOMem_reg[52][6]   |notech_reg_634     |     1|
|638   |      \UART_RXFF/iFIFOMem_reg[52][7]   |notech_reg_635     |     1|
|639   |      \UART_RXFF/iFIFOMem_reg[52][8]   |notech_reg_636     |     1|
|640   |      \UART_RXFF/iFIFOMem_reg[52][9]   |notech_reg_637     |     1|
|641   |      \UART_RXFF/iFIFOMem_reg[53][0]   |notech_reg_638     |     1|
|642   |      \UART_RXFF/iFIFOMem_reg[53][10]  |notech_reg_639     |     1|
|643   |      \UART_RXFF/iFIFOMem_reg[53][1]   |notech_reg_640     |     1|
|644   |      \UART_RXFF/iFIFOMem_reg[53][2]   |notech_reg_641     |     1|
|645   |      \UART_RXFF/iFIFOMem_reg[53][3]   |notech_reg_642     |     1|
|646   |      \UART_RXFF/iFIFOMem_reg[53][4]   |notech_reg_643     |     1|
|647   |      \UART_RXFF/iFIFOMem_reg[53][5]   |notech_reg_644     |     1|
|648   |      \UART_RXFF/iFIFOMem_reg[53][6]   |notech_reg_645     |     1|
|649   |      \UART_RXFF/iFIFOMem_reg[53][7]   |notech_reg_646     |     1|
|650   |      \UART_RXFF/iFIFOMem_reg[53][8]   |notech_reg_647     |     1|
|651   |      \UART_RXFF/iFIFOMem_reg[53][9]   |notech_reg_648     |     1|
|652   |      \UART_RXFF/iFIFOMem_reg[54][0]   |notech_reg_649     |     1|
|653   |      \UART_RXFF/iFIFOMem_reg[54][10]  |notech_reg_650     |     1|
|654   |      \UART_RXFF/iFIFOMem_reg[54][1]   |notech_reg_651     |     1|
|655   |      \UART_RXFF/iFIFOMem_reg[54][2]   |notech_reg_652     |     1|
|656   |      \UART_RXFF/iFIFOMem_reg[54][3]   |notech_reg_653     |     1|
|657   |      \UART_RXFF/iFIFOMem_reg[54][4]   |notech_reg_654     |     1|
|658   |      \UART_RXFF/iFIFOMem_reg[54][5]   |notech_reg_655     |     1|
|659   |      \UART_RXFF/iFIFOMem_reg[54][6]   |notech_reg_656     |     1|
|660   |      \UART_RXFF/iFIFOMem_reg[54][7]   |notech_reg_657     |     1|
|661   |      \UART_RXFF/iFIFOMem_reg[54][8]   |notech_reg_658     |     1|
|662   |      \UART_RXFF/iFIFOMem_reg[54][9]   |notech_reg_659     |     1|
|663   |      \UART_RXFF/iFIFOMem_reg[55][0]   |notech_reg_660     |     1|
|664   |      \UART_RXFF/iFIFOMem_reg[55][10]  |notech_reg_661     |     1|
|665   |      \UART_RXFF/iFIFOMem_reg[55][1]   |notech_reg_662     |     1|
|666   |      \UART_RXFF/iFIFOMem_reg[55][2]   |notech_reg_663     |     1|
|667   |      \UART_RXFF/iFIFOMem_reg[55][3]   |notech_reg_664     |     1|
|668   |      \UART_RXFF/iFIFOMem_reg[55][4]   |notech_reg_665     |     1|
|669   |      \UART_RXFF/iFIFOMem_reg[55][5]   |notech_reg_666     |     1|
|670   |      \UART_RXFF/iFIFOMem_reg[55][6]   |notech_reg_667     |     1|
|671   |      \UART_RXFF/iFIFOMem_reg[55][7]   |notech_reg_668     |     1|
|672   |      \UART_RXFF/iFIFOMem_reg[55][8]   |notech_reg_669     |     1|
|673   |      \UART_RXFF/iFIFOMem_reg[55][9]   |notech_reg_670     |     1|
|674   |      \UART_RXFF/iFIFOMem_reg[56][0]   |notech_reg_671     |     1|
|675   |      \UART_RXFF/iFIFOMem_reg[56][10]  |notech_reg_672     |     1|
|676   |      \UART_RXFF/iFIFOMem_reg[56][1]   |notech_reg_673     |     1|
|677   |      \UART_RXFF/iFIFOMem_reg[56][2]   |notech_reg_674     |     1|
|678   |      \UART_RXFF/iFIFOMem_reg[56][3]   |notech_reg_675     |     1|
|679   |      \UART_RXFF/iFIFOMem_reg[56][4]   |notech_reg_676     |     1|
|680   |      \UART_RXFF/iFIFOMem_reg[56][5]   |notech_reg_677     |     1|
|681   |      \UART_RXFF/iFIFOMem_reg[56][6]   |notech_reg_678     |     1|
|682   |      \UART_RXFF/iFIFOMem_reg[56][7]   |notech_reg_679     |     1|
|683   |      \UART_RXFF/iFIFOMem_reg[56][8]   |notech_reg_680     |     1|
|684   |      \UART_RXFF/iFIFOMem_reg[56][9]   |notech_reg_681     |     1|
|685   |      \UART_RXFF/iFIFOMem_reg[57][0]   |notech_reg_682     |     1|
|686   |      \UART_RXFF/iFIFOMem_reg[57][10]  |notech_reg_683     |     1|
|687   |      \UART_RXFF/iFIFOMem_reg[57][1]   |notech_reg_684     |     1|
|688   |      \UART_RXFF/iFIFOMem_reg[57][2]   |notech_reg_685     |     1|
|689   |      \UART_RXFF/iFIFOMem_reg[57][3]   |notech_reg_686     |     1|
|690   |      \UART_RXFF/iFIFOMem_reg[57][4]   |notech_reg_687     |     1|
|691   |      \UART_RXFF/iFIFOMem_reg[57][5]   |notech_reg_688     |     1|
|692   |      \UART_RXFF/iFIFOMem_reg[57][6]   |notech_reg_689     |     1|
|693   |      \UART_RXFF/iFIFOMem_reg[57][7]   |notech_reg_690     |     1|
|694   |      \UART_RXFF/iFIFOMem_reg[57][8]   |notech_reg_691     |     1|
|695   |      \UART_RXFF/iFIFOMem_reg[57][9]   |notech_reg_692     |     1|
|696   |      \UART_RXFF/iFIFOMem_reg[58][0]   |notech_reg_693     |     1|
|697   |      \UART_RXFF/iFIFOMem_reg[58][10]  |notech_reg_694     |     1|
|698   |      \UART_RXFF/iFIFOMem_reg[58][1]   |notech_reg_695     |     1|
|699   |      \UART_RXFF/iFIFOMem_reg[58][2]   |notech_reg_696     |     1|
|700   |      \UART_RXFF/iFIFOMem_reg[58][3]   |notech_reg_697     |     1|
|701   |      \UART_RXFF/iFIFOMem_reg[58][4]   |notech_reg_698     |     1|
|702   |      \UART_RXFF/iFIFOMem_reg[58][5]   |notech_reg_699     |     1|
|703   |      \UART_RXFF/iFIFOMem_reg[58][6]   |notech_reg_700     |     1|
|704   |      \UART_RXFF/iFIFOMem_reg[58][7]   |notech_reg_701     |     1|
|705   |      \UART_RXFF/iFIFOMem_reg[58][8]   |notech_reg_702     |     1|
|706   |      \UART_RXFF/iFIFOMem_reg[58][9]   |notech_reg_703     |     1|
|707   |      \UART_RXFF/iFIFOMem_reg[59][0]   |notech_reg_704     |     1|
|708   |      \UART_RXFF/iFIFOMem_reg[59][10]  |notech_reg_705     |     1|
|709   |      \UART_RXFF/iFIFOMem_reg[59][1]   |notech_reg_706     |     1|
|710   |      \UART_RXFF/iFIFOMem_reg[59][2]   |notech_reg_707     |     1|
|711   |      \UART_RXFF/iFIFOMem_reg[59][3]   |notech_reg_708     |     1|
|712   |      \UART_RXFF/iFIFOMem_reg[59][4]   |notech_reg_709     |     1|
|713   |      \UART_RXFF/iFIFOMem_reg[59][5]   |notech_reg_710     |     1|
|714   |      \UART_RXFF/iFIFOMem_reg[59][6]   |notech_reg_711     |     1|
|715   |      \UART_RXFF/iFIFOMem_reg[59][7]   |notech_reg_712     |     1|
|716   |      \UART_RXFF/iFIFOMem_reg[59][8]   |notech_reg_713     |     1|
|717   |      \UART_RXFF/iFIFOMem_reg[59][9]   |notech_reg_714     |     1|
|718   |      \UART_RXFF/iFIFOMem_reg[5][0]    |notech_reg_715     |     1|
|719   |      \UART_RXFF/iFIFOMem_reg[5][10]   |notech_reg_716     |     1|
|720   |      \UART_RXFF/iFIFOMem_reg[5][1]    |notech_reg_717     |     1|
|721   |      \UART_RXFF/iFIFOMem_reg[5][2]    |notech_reg_718     |     1|
|722   |      \UART_RXFF/iFIFOMem_reg[5][3]    |notech_reg_719     |     1|
|723   |      \UART_RXFF/iFIFOMem_reg[5][4]    |notech_reg_720     |     1|
|724   |      \UART_RXFF/iFIFOMem_reg[5][5]    |notech_reg_721     |     1|
|725   |      \UART_RXFF/iFIFOMem_reg[5][6]    |notech_reg_722     |     1|
|726   |      \UART_RXFF/iFIFOMem_reg[5][7]    |notech_reg_723     |     1|
|727   |      \UART_RXFF/iFIFOMem_reg[5][8]    |notech_reg_724     |     1|
|728   |      \UART_RXFF/iFIFOMem_reg[5][9]    |notech_reg_725     |     1|
|729   |      \UART_RXFF/iFIFOMem_reg[60][0]   |notech_reg_726     |     1|
|730   |      \UART_RXFF/iFIFOMem_reg[60][10]  |notech_reg_727     |     1|
|731   |      \UART_RXFF/iFIFOMem_reg[60][1]   |notech_reg_728     |     1|
|732   |      \UART_RXFF/iFIFOMem_reg[60][2]   |notech_reg_729     |     1|
|733   |      \UART_RXFF/iFIFOMem_reg[60][3]   |notech_reg_730     |     1|
|734   |      \UART_RXFF/iFIFOMem_reg[60][4]   |notech_reg_731     |     1|
|735   |      \UART_RXFF/iFIFOMem_reg[60][5]   |notech_reg_732     |     1|
|736   |      \UART_RXFF/iFIFOMem_reg[60][6]   |notech_reg_733     |     1|
|737   |      \UART_RXFF/iFIFOMem_reg[60][7]   |notech_reg_734     |     1|
|738   |      \UART_RXFF/iFIFOMem_reg[60][8]   |notech_reg_735     |     1|
|739   |      \UART_RXFF/iFIFOMem_reg[60][9]   |notech_reg_736     |     1|
|740   |      \UART_RXFF/iFIFOMem_reg[61][0]   |notech_reg_737     |     1|
|741   |      \UART_RXFF/iFIFOMem_reg[61][10]  |notech_reg_738     |     1|
|742   |      \UART_RXFF/iFIFOMem_reg[61][1]   |notech_reg_739     |     1|
|743   |      \UART_RXFF/iFIFOMem_reg[61][2]   |notech_reg_740     |     1|
|744   |      \UART_RXFF/iFIFOMem_reg[61][3]   |notech_reg_741     |     1|
|745   |      \UART_RXFF/iFIFOMem_reg[61][4]   |notech_reg_742     |     1|
|746   |      \UART_RXFF/iFIFOMem_reg[61][5]   |notech_reg_743     |     1|
|747   |      \UART_RXFF/iFIFOMem_reg[61][6]   |notech_reg_744     |     1|
|748   |      \UART_RXFF/iFIFOMem_reg[61][7]   |notech_reg_745     |     1|
|749   |      \UART_RXFF/iFIFOMem_reg[61][8]   |notech_reg_746     |     1|
|750   |      \UART_RXFF/iFIFOMem_reg[61][9]   |notech_reg_747     |     1|
|751   |      \UART_RXFF/iFIFOMem_reg[62][0]   |notech_reg_748     |     1|
|752   |      \UART_RXFF/iFIFOMem_reg[62][10]  |notech_reg_749     |     1|
|753   |      \UART_RXFF/iFIFOMem_reg[62][1]   |notech_reg_750     |     1|
|754   |      \UART_RXFF/iFIFOMem_reg[62][2]   |notech_reg_751     |     1|
|755   |      \UART_RXFF/iFIFOMem_reg[62][3]   |notech_reg_752     |     1|
|756   |      \UART_RXFF/iFIFOMem_reg[62][4]   |notech_reg_753     |     1|
|757   |      \UART_RXFF/iFIFOMem_reg[62][5]   |notech_reg_754     |     1|
|758   |      \UART_RXFF/iFIFOMem_reg[62][6]   |notech_reg_755     |     1|
|759   |      \UART_RXFF/iFIFOMem_reg[62][7]   |notech_reg_756     |     1|
|760   |      \UART_RXFF/iFIFOMem_reg[62][8]   |notech_reg_757     |     1|
|761   |      \UART_RXFF/iFIFOMem_reg[62][9]   |notech_reg_758     |     1|
|762   |      \UART_RXFF/iFIFOMem_reg[63][0]   |notech_reg_759     |     1|
|763   |      \UART_RXFF/iFIFOMem_reg[63][10]  |notech_reg_760     |     1|
|764   |      \UART_RXFF/iFIFOMem_reg[63][1]   |notech_reg_761     |     1|
|765   |      \UART_RXFF/iFIFOMem_reg[63][2]   |notech_reg_762     |     1|
|766   |      \UART_RXFF/iFIFOMem_reg[63][3]   |notech_reg_763     |     1|
|767   |      \UART_RXFF/iFIFOMem_reg[63][4]   |notech_reg_764     |     1|
|768   |      \UART_RXFF/iFIFOMem_reg[63][5]   |notech_reg_765     |     1|
|769   |      \UART_RXFF/iFIFOMem_reg[63][6]   |notech_reg_766     |     1|
|770   |      \UART_RXFF/iFIFOMem_reg[63][7]   |notech_reg_767     |     1|
|771   |      \UART_RXFF/iFIFOMem_reg[63][8]   |notech_reg_768     |     1|
|772   |      \UART_RXFF/iFIFOMem_reg[63][9]   |notech_reg_769     |     1|
|773   |      \UART_RXFF/iFIFOMem_reg[6][0]    |notech_reg_770     |     1|
|774   |      \UART_RXFF/iFIFOMem_reg[6][10]   |notech_reg_771     |     1|
|775   |      \UART_RXFF/iFIFOMem_reg[6][1]    |notech_reg_772     |     1|
|776   |      \UART_RXFF/iFIFOMem_reg[6][2]    |notech_reg_773     |     1|
|777   |      \UART_RXFF/iFIFOMem_reg[6][3]    |notech_reg_774     |     1|
|778   |      \UART_RXFF/iFIFOMem_reg[6][4]    |notech_reg_775     |     1|
|779   |      \UART_RXFF/iFIFOMem_reg[6][5]    |notech_reg_776     |     1|
|780   |      \UART_RXFF/iFIFOMem_reg[6][6]    |notech_reg_777     |     1|
|781   |      \UART_RXFF/iFIFOMem_reg[6][7]    |notech_reg_778     |     1|
|782   |      \UART_RXFF/iFIFOMem_reg[6][8]    |notech_reg_779     |     1|
|783   |      \UART_RXFF/iFIFOMem_reg[6][9]    |notech_reg_780     |     1|
|784   |      \UART_RXFF/iFIFOMem_reg[7][0]    |notech_reg_781     |     1|
|785   |      \UART_RXFF/iFIFOMem_reg[7][10]   |notech_reg_782     |     1|
|786   |      \UART_RXFF/iFIFOMem_reg[7][1]    |notech_reg_783     |     1|
|787   |      \UART_RXFF/iFIFOMem_reg[7][2]    |notech_reg_784     |     1|
|788   |      \UART_RXFF/iFIFOMem_reg[7][3]    |notech_reg_785     |     1|
|789   |      \UART_RXFF/iFIFOMem_reg[7][4]    |notech_reg_786     |     1|
|790   |      \UART_RXFF/iFIFOMem_reg[7][5]    |notech_reg_787     |     1|
|791   |      \UART_RXFF/iFIFOMem_reg[7][6]    |notech_reg_788     |     1|
|792   |      \UART_RXFF/iFIFOMem_reg[7][7]    |notech_reg_789     |     1|
|793   |      \UART_RXFF/iFIFOMem_reg[7][8]    |notech_reg_790     |     1|
|794   |      \UART_RXFF/iFIFOMem_reg[7][9]    |notech_reg_791     |     1|
|795   |      \UART_RXFF/iFIFOMem_reg[8][0]    |notech_reg_792     |     1|
|796   |      \UART_RXFF/iFIFOMem_reg[8][10]   |notech_reg_793     |     1|
|797   |      \UART_RXFF/iFIFOMem_reg[8][1]    |notech_reg_794     |     1|
|798   |      \UART_RXFF/iFIFOMem_reg[8][2]    |notech_reg_795     |     1|
|799   |      \UART_RXFF/iFIFOMem_reg[8][3]    |notech_reg_796     |     1|
|800   |      \UART_RXFF/iFIFOMem_reg[8][4]    |notech_reg_797     |     1|
|801   |      \UART_RXFF/iFIFOMem_reg[8][5]    |notech_reg_798     |     1|
|802   |      \UART_RXFF/iFIFOMem_reg[8][6]    |notech_reg_799     |     1|
|803   |      \UART_RXFF/iFIFOMem_reg[8][7]    |notech_reg_800     |     1|
|804   |      \UART_RXFF/iFIFOMem_reg[8][8]    |notech_reg_801     |     1|
|805   |      \UART_RXFF/iFIFOMem_reg[8][9]    |notech_reg_802     |     1|
|806   |      \UART_RXFF/iFIFOMem_reg[9][0]    |notech_reg_803     |     1|
|807   |      \UART_RXFF/iFIFOMem_reg[9][10]   |notech_reg_804     |     1|
|808   |      \UART_RXFF/iFIFOMem_reg[9][1]    |notech_reg_805     |     1|
|809   |      \UART_RXFF/iFIFOMem_reg[9][2]    |notech_reg_806     |     1|
|810   |      \UART_RXFF/iFIFOMem_reg[9][3]    |notech_reg_807     |     1|
|811   |      \UART_RXFF/iFIFOMem_reg[9][4]    |notech_reg_808     |     1|
|812   |      \UART_RXFF/iFIFOMem_reg[9][5]    |notech_reg_809     |     1|
|813   |      \UART_RXFF/iFIFOMem_reg[9][6]    |notech_reg_810     |     1|
|814   |      \UART_RXFF/iFIFOMem_reg[9][7]    |notech_reg_811     |     1|
|815   |      \UART_RXFF/iFIFOMem_reg[9][8]    |notech_reg_812     |     1|
|816   |      \UART_RXFF/iFIFOMem_reg[9][9]    |notech_reg_813     |     1|
|817   |      \UART_RXFF/iRDAddr_reg[0]        |notech_reg_814     |     1|
|818   |      \UART_RXFF/iRDAddr_reg[1]        |notech_reg_815     |     1|
|819   |      \UART_RXFF/iRDAddr_reg[2]        |notech_reg_816     |     1|
|820   |      \UART_RXFF/iRDAddr_reg[3]        |notech_reg_817     |     1|
|821   |      \UART_RXFF/iRDAddr_reg[4]        |notech_reg_818     |     1|
|822   |      \UART_RXFF/iRDAddr_reg[5]        |notech_reg_819     |     1|
|823   |      \UART_RXFF/iRDAddr_reg[6]        |notech_reg_820     |     1|
|824   |      \UART_RXFF/iUSAGE_reg[0]         |notech_reg_821     |     1|
|825   |      \UART_RXFF/iUSAGE_reg[1]         |notech_reg_822     |     1|
|826   |      \UART_RXFF/iUSAGE_reg[2]         |notech_reg_823     |     1|
|827   |      \UART_RXFF/iUSAGE_reg[3]         |notech_reg_824     |     1|
|828   |      \UART_RXFF/iUSAGE_reg[4]         |notech_reg_825     |     1|
|829   |      \UART_RXFF/iUSAGE_reg[5]         |notech_reg_826     |     1|
|830   |      \UART_RXFF/iWRAddr_reg[0]        |notech_reg_827     |     1|
|831   |      \UART_RXFF/iWRAddr_reg[1]        |notech_reg_828     |     1|
|832   |      \UART_RXFF/iWRAddr_reg[2]        |notech_reg_829     |     1|
|833   |      \UART_RXFF/iWRAddr_reg[3]        |notech_reg_830     |     1|
|834   |      \UART_RXFF/iWRAddr_reg[4]        |notech_reg_831     |     1|
|835   |      \UART_RXFF/iWRAddr_reg[5]        |notech_reg_832     |     1|
|836   |      \UART_RXFF/iWRAddr_reg[6]        |notech_reg_833     |     1|
|837   |      \UART_TX/CState_reg[0]           |notech_reg_834     |     1|
|838   |      \UART_TX/CState_reg[1]           |notech_reg_835     |     1|
|839   |      \UART_TX/CState_reg[2]           |notech_reg_836     |     1|
|840   |      \UART_TX/CState_reg[3]           |notech_reg_837     |     1|
|841   |      \UART_TX/iFinished_reg           |notech_reg_838     |     1|
|842   |      \UART_TX/iLast_reg               |notech_reg_839     |     1|
|843   |      \UART_TX/iTx2_reg                |notech_reg_840     |     1|
|844   |      \UART_TXFF/Q_reg[0]              |notech_reg_841     |     1|
|845   |      \UART_TXFF/Q_reg[1]              |notech_reg_842     |     1|
|846   |      \UART_TXFF/Q_reg[2]              |notech_reg_843     |     1|
|847   |      \UART_TXFF/Q_reg[3]              |notech_reg_844     |     1|
|848   |      \UART_TXFF/Q_reg[4]              |notech_reg_845     |     1|
|849   |      \UART_TXFF/Q_reg[5]              |notech_reg_846     |     1|
|850   |      \UART_TXFF/Q_reg[6]              |notech_reg_847     |     1|
|851   |      \UART_TXFF/Q_reg[7]              |notech_reg_848     |     1|
|852   |      \UART_TXFF/iEMPTY_reg            |notech_reg_set_849 |     1|
|853   |      \UART_TXFF/iFIFOMem_reg[0][0]    |notech_reg_850     |     1|
|854   |      \UART_TXFF/iFIFOMem_reg[0][1]    |notech_reg_851     |     1|
|855   |      \UART_TXFF/iFIFOMem_reg[0][2]    |notech_reg_852     |     1|
|856   |      \UART_TXFF/iFIFOMem_reg[0][3]    |notech_reg_853     |     1|
|857   |      \UART_TXFF/iFIFOMem_reg[0][4]    |notech_reg_854     |     1|
|858   |      \UART_TXFF/iFIFOMem_reg[0][5]    |notech_reg_855     |     1|
|859   |      \UART_TXFF/iFIFOMem_reg[0][6]    |notech_reg_856     |     1|
|860   |      \UART_TXFF/iFIFOMem_reg[0][7]    |notech_reg_857     |     1|
|861   |      \UART_TXFF/iFIFOMem_reg[10][0]   |notech_reg_858     |     1|
|862   |      \UART_TXFF/iFIFOMem_reg[10][1]   |notech_reg_859     |     1|
|863   |      \UART_TXFF/iFIFOMem_reg[10][2]   |notech_reg_860     |     1|
|864   |      \UART_TXFF/iFIFOMem_reg[10][3]   |notech_reg_861     |     1|
|865   |      \UART_TXFF/iFIFOMem_reg[10][4]   |notech_reg_862     |     1|
|866   |      \UART_TXFF/iFIFOMem_reg[10][5]   |notech_reg_863     |     1|
|867   |      \UART_TXFF/iFIFOMem_reg[10][6]   |notech_reg_864     |     1|
|868   |      \UART_TXFF/iFIFOMem_reg[10][7]   |notech_reg_865     |     1|
|869   |      \UART_TXFF/iFIFOMem_reg[11][0]   |notech_reg_866     |     1|
|870   |      \UART_TXFF/iFIFOMem_reg[11][1]   |notech_reg_867     |     1|
|871   |      \UART_TXFF/iFIFOMem_reg[11][2]   |notech_reg_868     |     1|
|872   |      \UART_TXFF/iFIFOMem_reg[11][3]   |notech_reg_869     |     1|
|873   |      \UART_TXFF/iFIFOMem_reg[11][4]   |notech_reg_870     |     1|
|874   |      \UART_TXFF/iFIFOMem_reg[11][5]   |notech_reg_871     |     1|
|875   |      \UART_TXFF/iFIFOMem_reg[11][6]   |notech_reg_872     |     1|
|876   |      \UART_TXFF/iFIFOMem_reg[11][7]   |notech_reg_873     |     1|
|877   |      \UART_TXFF/iFIFOMem_reg[12][0]   |notech_reg_874     |     1|
|878   |      \UART_TXFF/iFIFOMem_reg[12][1]   |notech_reg_875     |     1|
|879   |      \UART_TXFF/iFIFOMem_reg[12][2]   |notech_reg_876     |     1|
|880   |      \UART_TXFF/iFIFOMem_reg[12][3]   |notech_reg_877     |     1|
|881   |      \UART_TXFF/iFIFOMem_reg[12][4]   |notech_reg_878     |     1|
|882   |      \UART_TXFF/iFIFOMem_reg[12][5]   |notech_reg_879     |     1|
|883   |      \UART_TXFF/iFIFOMem_reg[12][6]   |notech_reg_880     |     1|
|884   |      \UART_TXFF/iFIFOMem_reg[12][7]   |notech_reg_881     |     1|
|885   |      \UART_TXFF/iFIFOMem_reg[13][0]   |notech_reg_882     |     1|
|886   |      \UART_TXFF/iFIFOMem_reg[13][1]   |notech_reg_883     |     1|
|887   |      \UART_TXFF/iFIFOMem_reg[13][2]   |notech_reg_884     |     1|
|888   |      \UART_TXFF/iFIFOMem_reg[13][3]   |notech_reg_885     |     1|
|889   |      \UART_TXFF/iFIFOMem_reg[13][4]   |notech_reg_886     |     1|
|890   |      \UART_TXFF/iFIFOMem_reg[13][5]   |notech_reg_887     |     1|
|891   |      \UART_TXFF/iFIFOMem_reg[13][6]   |notech_reg_888     |     1|
|892   |      \UART_TXFF/iFIFOMem_reg[13][7]   |notech_reg_889     |     1|
|893   |      \UART_TXFF/iFIFOMem_reg[14][0]   |notech_reg_890     |     1|
|894   |      \UART_TXFF/iFIFOMem_reg[14][1]   |notech_reg_891     |     1|
|895   |      \UART_TXFF/iFIFOMem_reg[14][2]   |notech_reg_892     |     1|
|896   |      \UART_TXFF/iFIFOMem_reg[14][3]   |notech_reg_893     |     1|
|897   |      \UART_TXFF/iFIFOMem_reg[14][4]   |notech_reg_894     |     1|
|898   |      \UART_TXFF/iFIFOMem_reg[14][5]   |notech_reg_895     |     1|
|899   |      \UART_TXFF/iFIFOMem_reg[14][6]   |notech_reg_896     |     1|
|900   |      \UART_TXFF/iFIFOMem_reg[14][7]   |notech_reg_897     |     1|
|901   |      \UART_TXFF/iFIFOMem_reg[15][0]   |notech_reg_898     |     1|
|902   |      \UART_TXFF/iFIFOMem_reg[15][1]   |notech_reg_899     |     1|
|903   |      \UART_TXFF/iFIFOMem_reg[15][2]   |notech_reg_900     |     1|
|904   |      \UART_TXFF/iFIFOMem_reg[15][3]   |notech_reg_901     |     1|
|905   |      \UART_TXFF/iFIFOMem_reg[15][4]   |notech_reg_902     |     1|
|906   |      \UART_TXFF/iFIFOMem_reg[15][5]   |notech_reg_903     |     1|
|907   |      \UART_TXFF/iFIFOMem_reg[15][6]   |notech_reg_904     |     1|
|908   |      \UART_TXFF/iFIFOMem_reg[15][7]   |notech_reg_905     |     1|
|909   |      \UART_TXFF/iFIFOMem_reg[16][0]   |notech_reg_906     |     1|
|910   |      \UART_TXFF/iFIFOMem_reg[16][1]   |notech_reg_907     |     1|
|911   |      \UART_TXFF/iFIFOMem_reg[16][2]   |notech_reg_908     |     1|
|912   |      \UART_TXFF/iFIFOMem_reg[16][3]   |notech_reg_909     |     1|
|913   |      \UART_TXFF/iFIFOMem_reg[16][4]   |notech_reg_910     |     1|
|914   |      \UART_TXFF/iFIFOMem_reg[16][5]   |notech_reg_911     |     1|
|915   |      \UART_TXFF/iFIFOMem_reg[16][6]   |notech_reg_912     |     1|
|916   |      \UART_TXFF/iFIFOMem_reg[16][7]   |notech_reg_913     |     1|
|917   |      \UART_TXFF/iFIFOMem_reg[17][0]   |notech_reg_914     |     1|
|918   |      \UART_TXFF/iFIFOMem_reg[17][1]   |notech_reg_915     |     1|
|919   |      \UART_TXFF/iFIFOMem_reg[17][2]   |notech_reg_916     |     1|
|920   |      \UART_TXFF/iFIFOMem_reg[17][3]   |notech_reg_917     |     1|
|921   |      \UART_TXFF/iFIFOMem_reg[17][4]   |notech_reg_918     |     1|
|922   |      \UART_TXFF/iFIFOMem_reg[17][5]   |notech_reg_919     |     1|
|923   |      \UART_TXFF/iFIFOMem_reg[17][6]   |notech_reg_920     |     1|
|924   |      \UART_TXFF/iFIFOMem_reg[17][7]   |notech_reg_921     |     1|
|925   |      \UART_TXFF/iFIFOMem_reg[18][0]   |notech_reg_922     |     1|
|926   |      \UART_TXFF/iFIFOMem_reg[18][1]   |notech_reg_923     |     1|
|927   |      \UART_TXFF/iFIFOMem_reg[18][2]   |notech_reg_924     |     1|
|928   |      \UART_TXFF/iFIFOMem_reg[18][3]   |notech_reg_925     |     1|
|929   |      \UART_TXFF/iFIFOMem_reg[18][4]   |notech_reg_926     |     1|
|930   |      \UART_TXFF/iFIFOMem_reg[18][5]   |notech_reg_927     |     1|
|931   |      \UART_TXFF/iFIFOMem_reg[18][6]   |notech_reg_928     |     1|
|932   |      \UART_TXFF/iFIFOMem_reg[18][7]   |notech_reg_929     |     1|
|933   |      \UART_TXFF/iFIFOMem_reg[19][0]   |notech_reg_930     |     1|
|934   |      \UART_TXFF/iFIFOMem_reg[19][1]   |notech_reg_931     |     1|
|935   |      \UART_TXFF/iFIFOMem_reg[19][2]   |notech_reg_932     |     1|
|936   |      \UART_TXFF/iFIFOMem_reg[19][3]   |notech_reg_933     |     1|
|937   |      \UART_TXFF/iFIFOMem_reg[19][4]   |notech_reg_934     |     1|
|938   |      \UART_TXFF/iFIFOMem_reg[19][5]   |notech_reg_935     |     1|
|939   |      \UART_TXFF/iFIFOMem_reg[19][6]   |notech_reg_936     |     1|
|940   |      \UART_TXFF/iFIFOMem_reg[19][7]   |notech_reg_937     |     1|
|941   |      \UART_TXFF/iFIFOMem_reg[1][0]    |notech_reg_938     |     1|
|942   |      \UART_TXFF/iFIFOMem_reg[1][1]    |notech_reg_939     |     1|
|943   |      \UART_TXFF/iFIFOMem_reg[1][2]    |notech_reg_940     |     1|
|944   |      \UART_TXFF/iFIFOMem_reg[1][3]    |notech_reg_941     |     1|
|945   |      \UART_TXFF/iFIFOMem_reg[1][4]    |notech_reg_942     |     1|
|946   |      \UART_TXFF/iFIFOMem_reg[1][5]    |notech_reg_943     |     1|
|947   |      \UART_TXFF/iFIFOMem_reg[1][6]    |notech_reg_944     |     1|
|948   |      \UART_TXFF/iFIFOMem_reg[1][7]    |notech_reg_945     |     1|
|949   |      \UART_TXFF/iFIFOMem_reg[20][0]   |notech_reg_946     |     1|
|950   |      \UART_TXFF/iFIFOMem_reg[20][1]   |notech_reg_947     |     1|
|951   |      \UART_TXFF/iFIFOMem_reg[20][2]   |notech_reg_948     |     1|
|952   |      \UART_TXFF/iFIFOMem_reg[20][3]   |notech_reg_949     |     1|
|953   |      \UART_TXFF/iFIFOMem_reg[20][4]   |notech_reg_950     |     1|
|954   |      \UART_TXFF/iFIFOMem_reg[20][5]   |notech_reg_951     |     1|
|955   |      \UART_TXFF/iFIFOMem_reg[20][6]   |notech_reg_952     |     1|
|956   |      \UART_TXFF/iFIFOMem_reg[20][7]   |notech_reg_953     |     1|
|957   |      \UART_TXFF/iFIFOMem_reg[21][0]   |notech_reg_954     |     1|
|958   |      \UART_TXFF/iFIFOMem_reg[21][1]   |notech_reg_955     |     1|
|959   |      \UART_TXFF/iFIFOMem_reg[21][2]   |notech_reg_956     |     1|
|960   |      \UART_TXFF/iFIFOMem_reg[21][3]   |notech_reg_957     |     1|
|961   |      \UART_TXFF/iFIFOMem_reg[21][4]   |notech_reg_958     |     1|
|962   |      \UART_TXFF/iFIFOMem_reg[21][5]   |notech_reg_959     |     1|
|963   |      \UART_TXFF/iFIFOMem_reg[21][6]   |notech_reg_960     |     1|
|964   |      \UART_TXFF/iFIFOMem_reg[21][7]   |notech_reg_961     |     1|
|965   |      \UART_TXFF/iFIFOMem_reg[22][0]   |notech_reg_962     |     1|
|966   |      \UART_TXFF/iFIFOMem_reg[22][1]   |notech_reg_963     |     1|
|967   |      \UART_TXFF/iFIFOMem_reg[22][2]   |notech_reg_964     |     1|
|968   |      \UART_TXFF/iFIFOMem_reg[22][3]   |notech_reg_965     |     1|
|969   |      \UART_TXFF/iFIFOMem_reg[22][4]   |notech_reg_966     |     1|
|970   |      \UART_TXFF/iFIFOMem_reg[22][5]   |notech_reg_967     |     1|
|971   |      \UART_TXFF/iFIFOMem_reg[22][6]   |notech_reg_968     |     1|
|972   |      \UART_TXFF/iFIFOMem_reg[22][7]   |notech_reg_969     |     1|
|973   |      \UART_TXFF/iFIFOMem_reg[23][0]   |notech_reg_970     |     1|
|974   |      \UART_TXFF/iFIFOMem_reg[23][1]   |notech_reg_971     |     1|
|975   |      \UART_TXFF/iFIFOMem_reg[23][2]   |notech_reg_972     |     1|
|976   |      \UART_TXFF/iFIFOMem_reg[23][3]   |notech_reg_973     |     1|
|977   |      \UART_TXFF/iFIFOMem_reg[23][4]   |notech_reg_974     |     1|
|978   |      \UART_TXFF/iFIFOMem_reg[23][5]   |notech_reg_975     |     1|
|979   |      \UART_TXFF/iFIFOMem_reg[23][6]   |notech_reg_976     |     1|
|980   |      \UART_TXFF/iFIFOMem_reg[23][7]   |notech_reg_977     |     1|
|981   |      \UART_TXFF/iFIFOMem_reg[24][0]   |notech_reg_978     |     1|
|982   |      \UART_TXFF/iFIFOMem_reg[24][1]   |notech_reg_979     |     1|
|983   |      \UART_TXFF/iFIFOMem_reg[24][2]   |notech_reg_980     |     1|
|984   |      \UART_TXFF/iFIFOMem_reg[24][3]   |notech_reg_981     |     1|
|985   |      \UART_TXFF/iFIFOMem_reg[24][4]   |notech_reg_982     |     1|
|986   |      \UART_TXFF/iFIFOMem_reg[24][5]   |notech_reg_983     |     1|
|987   |      \UART_TXFF/iFIFOMem_reg[24][6]   |notech_reg_984     |     1|
|988   |      \UART_TXFF/iFIFOMem_reg[24][7]   |notech_reg_985     |     1|
|989   |      \UART_TXFF/iFIFOMem_reg[25][0]   |notech_reg_986     |     1|
|990   |      \UART_TXFF/iFIFOMem_reg[25][1]   |notech_reg_987     |     1|
|991   |      \UART_TXFF/iFIFOMem_reg[25][2]   |notech_reg_988     |     1|
|992   |      \UART_TXFF/iFIFOMem_reg[25][3]   |notech_reg_989     |     1|
|993   |      \UART_TXFF/iFIFOMem_reg[25][4]   |notech_reg_990     |     1|
|994   |      \UART_TXFF/iFIFOMem_reg[25][5]   |notech_reg_991     |     1|
|995   |      \UART_TXFF/iFIFOMem_reg[25][6]   |notech_reg_992     |     1|
|996   |      \UART_TXFF/iFIFOMem_reg[25][7]   |notech_reg_993     |     1|
|997   |      \UART_TXFF/iFIFOMem_reg[26][0]   |notech_reg_994     |     1|
|998   |      \UART_TXFF/iFIFOMem_reg[26][1]   |notech_reg_995     |     1|
|999   |      \UART_TXFF/iFIFOMem_reg[26][2]   |notech_reg_996     |     1|
|1000  |      \UART_TXFF/iFIFOMem_reg[26][3]   |notech_reg_997     |     1|
|1001  |      \UART_TXFF/iFIFOMem_reg[26][4]   |notech_reg_998     |     1|
|1002  |      \UART_TXFF/iFIFOMem_reg[26][5]   |notech_reg_999     |     1|
|1003  |      \UART_TXFF/iFIFOMem_reg[26][6]   |notech_reg_1000    |     1|
|1004  |      \UART_TXFF/iFIFOMem_reg[26][7]   |notech_reg_1001    |     1|
|1005  |      \UART_TXFF/iFIFOMem_reg[27][0]   |notech_reg_1002    |     1|
|1006  |      \UART_TXFF/iFIFOMem_reg[27][1]   |notech_reg_1003    |     1|
|1007  |      \UART_TXFF/iFIFOMem_reg[27][2]   |notech_reg_1004    |     1|
|1008  |      \UART_TXFF/iFIFOMem_reg[27][3]   |notech_reg_1005    |     1|
|1009  |      \UART_TXFF/iFIFOMem_reg[27][4]   |notech_reg_1006    |     1|
|1010  |      \UART_TXFF/iFIFOMem_reg[27][5]   |notech_reg_1007    |     1|
|1011  |      \UART_TXFF/iFIFOMem_reg[27][6]   |notech_reg_1008    |     1|
|1012  |      \UART_TXFF/iFIFOMem_reg[27][7]   |notech_reg_1009    |     1|
|1013  |      \UART_TXFF/iFIFOMem_reg[28][0]   |notech_reg_1010    |     1|
|1014  |      \UART_TXFF/iFIFOMem_reg[28][1]   |notech_reg_1011    |     1|
|1015  |      \UART_TXFF/iFIFOMem_reg[28][2]   |notech_reg_1012    |     1|
|1016  |      \UART_TXFF/iFIFOMem_reg[28][3]   |notech_reg_1013    |     1|
|1017  |      \UART_TXFF/iFIFOMem_reg[28][4]   |notech_reg_1014    |     1|
|1018  |      \UART_TXFF/iFIFOMem_reg[28][5]   |notech_reg_1015    |     1|
|1019  |      \UART_TXFF/iFIFOMem_reg[28][6]   |notech_reg_1016    |     1|
|1020  |      \UART_TXFF/iFIFOMem_reg[28][7]   |notech_reg_1017    |     1|
|1021  |      \UART_TXFF/iFIFOMem_reg[29][0]   |notech_reg_1018    |     1|
|1022  |      \UART_TXFF/iFIFOMem_reg[29][1]   |notech_reg_1019    |     1|
|1023  |      \UART_TXFF/iFIFOMem_reg[29][2]   |notech_reg_1020    |     1|
|1024  |      \UART_TXFF/iFIFOMem_reg[29][3]   |notech_reg_1021    |     1|
|1025  |      \UART_TXFF/iFIFOMem_reg[29][4]   |notech_reg_1022    |     1|
|1026  |      \UART_TXFF/iFIFOMem_reg[29][5]   |notech_reg_1023    |     1|
|1027  |      \UART_TXFF/iFIFOMem_reg[29][6]   |notech_reg_1024    |     1|
|1028  |      \UART_TXFF/iFIFOMem_reg[29][7]   |notech_reg_1025    |     1|
|1029  |      \UART_TXFF/iFIFOMem_reg[2][0]    |notech_reg_1026    |     1|
|1030  |      \UART_TXFF/iFIFOMem_reg[2][1]    |notech_reg_1027    |     1|
|1031  |      \UART_TXFF/iFIFOMem_reg[2][2]    |notech_reg_1028    |     1|
|1032  |      \UART_TXFF/iFIFOMem_reg[2][3]    |notech_reg_1029    |     1|
|1033  |      \UART_TXFF/iFIFOMem_reg[2][4]    |notech_reg_1030    |     1|
|1034  |      \UART_TXFF/iFIFOMem_reg[2][5]    |notech_reg_1031    |     1|
|1035  |      \UART_TXFF/iFIFOMem_reg[2][6]    |notech_reg_1032    |     1|
|1036  |      \UART_TXFF/iFIFOMem_reg[2][7]    |notech_reg_1033    |     1|
|1037  |      \UART_TXFF/iFIFOMem_reg[30][0]   |notech_reg_1034    |     1|
|1038  |      \UART_TXFF/iFIFOMem_reg[30][1]   |notech_reg_1035    |     1|
|1039  |      \UART_TXFF/iFIFOMem_reg[30][2]   |notech_reg_1036    |     1|
|1040  |      \UART_TXFF/iFIFOMem_reg[30][3]   |notech_reg_1037    |     1|
|1041  |      \UART_TXFF/iFIFOMem_reg[30][4]   |notech_reg_1038    |     1|
|1042  |      \UART_TXFF/iFIFOMem_reg[30][5]   |notech_reg_1039    |     1|
|1043  |      \UART_TXFF/iFIFOMem_reg[30][6]   |notech_reg_1040    |     1|
|1044  |      \UART_TXFF/iFIFOMem_reg[30][7]   |notech_reg_1041    |     1|
|1045  |      \UART_TXFF/iFIFOMem_reg[31][0]   |notech_reg_1042    |     1|
|1046  |      \UART_TXFF/iFIFOMem_reg[31][1]   |notech_reg_1043    |     1|
|1047  |      \UART_TXFF/iFIFOMem_reg[31][2]   |notech_reg_1044    |     1|
|1048  |      \UART_TXFF/iFIFOMem_reg[31][3]   |notech_reg_1045    |     1|
|1049  |      \UART_TXFF/iFIFOMem_reg[31][4]   |notech_reg_1046    |     1|
|1050  |      \UART_TXFF/iFIFOMem_reg[31][5]   |notech_reg_1047    |     1|
|1051  |      \UART_TXFF/iFIFOMem_reg[31][6]   |notech_reg_1048    |     1|
|1052  |      \UART_TXFF/iFIFOMem_reg[31][7]   |notech_reg_1049    |     1|
|1053  |      \UART_TXFF/iFIFOMem_reg[32][0]   |notech_reg_1050    |     1|
|1054  |      \UART_TXFF/iFIFOMem_reg[32][1]   |notech_reg_1051    |     1|
|1055  |      \UART_TXFF/iFIFOMem_reg[32][2]   |notech_reg_1052    |     1|
|1056  |      \UART_TXFF/iFIFOMem_reg[32][3]   |notech_reg_1053    |     1|
|1057  |      \UART_TXFF/iFIFOMem_reg[32][4]   |notech_reg_1054    |     1|
|1058  |      \UART_TXFF/iFIFOMem_reg[32][5]   |notech_reg_1055    |     1|
|1059  |      \UART_TXFF/iFIFOMem_reg[32][6]   |notech_reg_1056    |     1|
|1060  |      \UART_TXFF/iFIFOMem_reg[32][7]   |notech_reg_1057    |     1|
|1061  |      \UART_TXFF/iFIFOMem_reg[33][0]   |notech_reg_1058    |     1|
|1062  |      \UART_TXFF/iFIFOMem_reg[33][1]   |notech_reg_1059    |     1|
|1063  |      \UART_TXFF/iFIFOMem_reg[33][2]   |notech_reg_1060    |     1|
|1064  |      \UART_TXFF/iFIFOMem_reg[33][3]   |notech_reg_1061    |     1|
|1065  |      \UART_TXFF/iFIFOMem_reg[33][4]   |notech_reg_1062    |     1|
|1066  |      \UART_TXFF/iFIFOMem_reg[33][5]   |notech_reg_1063    |     1|
|1067  |      \UART_TXFF/iFIFOMem_reg[33][6]   |notech_reg_1064    |     1|
|1068  |      \UART_TXFF/iFIFOMem_reg[33][7]   |notech_reg_1065    |     1|
|1069  |      \UART_TXFF/iFIFOMem_reg[34][0]   |notech_reg_1066    |     1|
|1070  |      \UART_TXFF/iFIFOMem_reg[34][1]   |notech_reg_1067    |     1|
|1071  |      \UART_TXFF/iFIFOMem_reg[34][2]   |notech_reg_1068    |     1|
|1072  |      \UART_TXFF/iFIFOMem_reg[34][3]   |notech_reg_1069    |     1|
|1073  |      \UART_TXFF/iFIFOMem_reg[34][4]   |notech_reg_1070    |     1|
|1074  |      \UART_TXFF/iFIFOMem_reg[34][5]   |notech_reg_1071    |     1|
|1075  |      \UART_TXFF/iFIFOMem_reg[34][6]   |notech_reg_1072    |     1|
|1076  |      \UART_TXFF/iFIFOMem_reg[34][7]   |notech_reg_1073    |     1|
|1077  |      \UART_TXFF/iFIFOMem_reg[35][0]   |notech_reg_1074    |     1|
|1078  |      \UART_TXFF/iFIFOMem_reg[35][1]   |notech_reg_1075    |     1|
|1079  |      \UART_TXFF/iFIFOMem_reg[35][2]   |notech_reg_1076    |     1|
|1080  |      \UART_TXFF/iFIFOMem_reg[35][3]   |notech_reg_1077    |     1|
|1081  |      \UART_TXFF/iFIFOMem_reg[35][4]   |notech_reg_1078    |     1|
|1082  |      \UART_TXFF/iFIFOMem_reg[35][5]   |notech_reg_1079    |     1|
|1083  |      \UART_TXFF/iFIFOMem_reg[35][6]   |notech_reg_1080    |     1|
|1084  |      \UART_TXFF/iFIFOMem_reg[35][7]   |notech_reg_1081    |     1|
|1085  |      \UART_TXFF/iFIFOMem_reg[36][0]   |notech_reg_1082    |     1|
|1086  |      \UART_TXFF/iFIFOMem_reg[36][1]   |notech_reg_1083    |     1|
|1087  |      \UART_TXFF/iFIFOMem_reg[36][2]   |notech_reg_1084    |     1|
|1088  |      \UART_TXFF/iFIFOMem_reg[36][3]   |notech_reg_1085    |     1|
|1089  |      \UART_TXFF/iFIFOMem_reg[36][4]   |notech_reg_1086    |     1|
|1090  |      \UART_TXFF/iFIFOMem_reg[36][5]   |notech_reg_1087    |     1|
|1091  |      \UART_TXFF/iFIFOMem_reg[36][6]   |notech_reg_1088    |     1|
|1092  |      \UART_TXFF/iFIFOMem_reg[36][7]   |notech_reg_1089    |     1|
|1093  |      \UART_TXFF/iFIFOMem_reg[37][0]   |notech_reg_1090    |     1|
|1094  |      \UART_TXFF/iFIFOMem_reg[37][1]   |notech_reg_1091    |     1|
|1095  |      \UART_TXFF/iFIFOMem_reg[37][2]   |notech_reg_1092    |     1|
|1096  |      \UART_TXFF/iFIFOMem_reg[37][3]   |notech_reg_1093    |     1|
|1097  |      \UART_TXFF/iFIFOMem_reg[37][4]   |notech_reg_1094    |     1|
|1098  |      \UART_TXFF/iFIFOMem_reg[37][5]   |notech_reg_1095    |     1|
|1099  |      \UART_TXFF/iFIFOMem_reg[37][6]   |notech_reg_1096    |     1|
|1100  |      \UART_TXFF/iFIFOMem_reg[37][7]   |notech_reg_1097    |     1|
|1101  |      \UART_TXFF/iFIFOMem_reg[38][0]   |notech_reg_1098    |     1|
|1102  |      \UART_TXFF/iFIFOMem_reg[38][1]   |notech_reg_1099    |     1|
|1103  |      \UART_TXFF/iFIFOMem_reg[38][2]   |notech_reg_1100    |     1|
|1104  |      \UART_TXFF/iFIFOMem_reg[38][3]   |notech_reg_1101    |     1|
|1105  |      \UART_TXFF/iFIFOMem_reg[38][4]   |notech_reg_1102    |     1|
|1106  |      \UART_TXFF/iFIFOMem_reg[38][5]   |notech_reg_1103    |     1|
|1107  |      \UART_TXFF/iFIFOMem_reg[38][6]   |notech_reg_1104    |     1|
|1108  |      \UART_TXFF/iFIFOMem_reg[38][7]   |notech_reg_1105    |     1|
|1109  |      \UART_TXFF/iFIFOMem_reg[39][0]   |notech_reg_1106    |     1|
|1110  |      \UART_TXFF/iFIFOMem_reg[39][1]   |notech_reg_1107    |     1|
|1111  |      \UART_TXFF/iFIFOMem_reg[39][2]   |notech_reg_1108    |     1|
|1112  |      \UART_TXFF/iFIFOMem_reg[39][3]   |notech_reg_1109    |     1|
|1113  |      \UART_TXFF/iFIFOMem_reg[39][4]   |notech_reg_1110    |     1|
|1114  |      \UART_TXFF/iFIFOMem_reg[39][5]   |notech_reg_1111    |     1|
|1115  |      \UART_TXFF/iFIFOMem_reg[39][6]   |notech_reg_1112    |     1|
|1116  |      \UART_TXFF/iFIFOMem_reg[39][7]   |notech_reg_1113    |     1|
|1117  |      \UART_TXFF/iFIFOMem_reg[3][0]    |notech_reg_1114    |     1|
|1118  |      \UART_TXFF/iFIFOMem_reg[3][1]    |notech_reg_1115    |     1|
|1119  |      \UART_TXFF/iFIFOMem_reg[3][2]    |notech_reg_1116    |     1|
|1120  |      \UART_TXFF/iFIFOMem_reg[3][3]    |notech_reg_1117    |     1|
|1121  |      \UART_TXFF/iFIFOMem_reg[3][4]    |notech_reg_1118    |     1|
|1122  |      \UART_TXFF/iFIFOMem_reg[3][5]    |notech_reg_1119    |     1|
|1123  |      \UART_TXFF/iFIFOMem_reg[3][6]    |notech_reg_1120    |     1|
|1124  |      \UART_TXFF/iFIFOMem_reg[3][7]    |notech_reg_1121    |     1|
|1125  |      \UART_TXFF/iFIFOMem_reg[40][0]   |notech_reg_1122    |     1|
|1126  |      \UART_TXFF/iFIFOMem_reg[40][1]   |notech_reg_1123    |     1|
|1127  |      \UART_TXFF/iFIFOMem_reg[40][2]   |notech_reg_1124    |     1|
|1128  |      \UART_TXFF/iFIFOMem_reg[40][3]   |notech_reg_1125    |     1|
|1129  |      \UART_TXFF/iFIFOMem_reg[40][4]   |notech_reg_1126    |     1|
|1130  |      \UART_TXFF/iFIFOMem_reg[40][5]   |notech_reg_1127    |     1|
|1131  |      \UART_TXFF/iFIFOMem_reg[40][6]   |notech_reg_1128    |     1|
|1132  |      \UART_TXFF/iFIFOMem_reg[40][7]   |notech_reg_1129    |     1|
|1133  |      \UART_TXFF/iFIFOMem_reg[41][0]   |notech_reg_1130    |     1|
|1134  |      \UART_TXFF/iFIFOMem_reg[41][1]   |notech_reg_1131    |     1|
|1135  |      \UART_TXFF/iFIFOMem_reg[41][2]   |notech_reg_1132    |     1|
|1136  |      \UART_TXFF/iFIFOMem_reg[41][3]   |notech_reg_1133    |     1|
|1137  |      \UART_TXFF/iFIFOMem_reg[41][4]   |notech_reg_1134    |     1|
|1138  |      \UART_TXFF/iFIFOMem_reg[41][5]   |notech_reg_1135    |     1|
|1139  |      \UART_TXFF/iFIFOMem_reg[41][6]   |notech_reg_1136    |     1|
|1140  |      \UART_TXFF/iFIFOMem_reg[41][7]   |notech_reg_1137    |     1|
|1141  |      \UART_TXFF/iFIFOMem_reg[42][0]   |notech_reg_1138    |     1|
|1142  |      \UART_TXFF/iFIFOMem_reg[42][1]   |notech_reg_1139    |     1|
|1143  |      \UART_TXFF/iFIFOMem_reg[42][2]   |notech_reg_1140    |     1|
|1144  |      \UART_TXFF/iFIFOMem_reg[42][3]   |notech_reg_1141    |     1|
|1145  |      \UART_TXFF/iFIFOMem_reg[42][4]   |notech_reg_1142    |     1|
|1146  |      \UART_TXFF/iFIFOMem_reg[42][5]   |notech_reg_1143    |     1|
|1147  |      \UART_TXFF/iFIFOMem_reg[42][6]   |notech_reg_1144    |     1|
|1148  |      \UART_TXFF/iFIFOMem_reg[42][7]   |notech_reg_1145    |     1|
|1149  |      \UART_TXFF/iFIFOMem_reg[43][0]   |notech_reg_1146    |     1|
|1150  |      \UART_TXFF/iFIFOMem_reg[43][1]   |notech_reg_1147    |     1|
|1151  |      \UART_TXFF/iFIFOMem_reg[43][2]   |notech_reg_1148    |     1|
|1152  |      \UART_TXFF/iFIFOMem_reg[43][3]   |notech_reg_1149    |     1|
|1153  |      \UART_TXFF/iFIFOMem_reg[43][4]   |notech_reg_1150    |     1|
|1154  |      \UART_TXFF/iFIFOMem_reg[43][5]   |notech_reg_1151    |     1|
|1155  |      \UART_TXFF/iFIFOMem_reg[43][6]   |notech_reg_1152    |     1|
|1156  |      \UART_TXFF/iFIFOMem_reg[43][7]   |notech_reg_1153    |     1|
|1157  |      \UART_TXFF/iFIFOMem_reg[44][0]   |notech_reg_1154    |     1|
|1158  |      \UART_TXFF/iFIFOMem_reg[44][1]   |notech_reg_1155    |     1|
|1159  |      \UART_TXFF/iFIFOMem_reg[44][2]   |notech_reg_1156    |     1|
|1160  |      \UART_TXFF/iFIFOMem_reg[44][3]   |notech_reg_1157    |     1|
|1161  |      \UART_TXFF/iFIFOMem_reg[44][4]   |notech_reg_1158    |     1|
|1162  |      \UART_TXFF/iFIFOMem_reg[44][5]   |notech_reg_1159    |     1|
|1163  |      \UART_TXFF/iFIFOMem_reg[44][6]   |notech_reg_1160    |     1|
|1164  |      \UART_TXFF/iFIFOMem_reg[44][7]   |notech_reg_1161    |     1|
|1165  |      \UART_TXFF/iFIFOMem_reg[45][0]   |notech_reg_1162    |     1|
|1166  |      \UART_TXFF/iFIFOMem_reg[45][1]   |notech_reg_1163    |     1|
|1167  |      \UART_TXFF/iFIFOMem_reg[45][2]   |notech_reg_1164    |     1|
|1168  |      \UART_TXFF/iFIFOMem_reg[45][3]   |notech_reg_1165    |     1|
|1169  |      \UART_TXFF/iFIFOMem_reg[45][4]   |notech_reg_1166    |     1|
|1170  |      \UART_TXFF/iFIFOMem_reg[45][5]   |notech_reg_1167    |     1|
|1171  |      \UART_TXFF/iFIFOMem_reg[45][6]   |notech_reg_1168    |     1|
|1172  |      \UART_TXFF/iFIFOMem_reg[45][7]   |notech_reg_1169    |     1|
|1173  |      \UART_TXFF/iFIFOMem_reg[46][0]   |notech_reg_1170    |     1|
|1174  |      \UART_TXFF/iFIFOMem_reg[46][1]   |notech_reg_1171    |     1|
|1175  |      \UART_TXFF/iFIFOMem_reg[46][2]   |notech_reg_1172    |     1|
|1176  |      \UART_TXFF/iFIFOMem_reg[46][3]   |notech_reg_1173    |     1|
|1177  |      \UART_TXFF/iFIFOMem_reg[46][4]   |notech_reg_1174    |     1|
|1178  |      \UART_TXFF/iFIFOMem_reg[46][5]   |notech_reg_1175    |     1|
|1179  |      \UART_TXFF/iFIFOMem_reg[46][6]   |notech_reg_1176    |     1|
|1180  |      \UART_TXFF/iFIFOMem_reg[46][7]   |notech_reg_1177    |     1|
|1181  |      \UART_TXFF/iFIFOMem_reg[47][0]   |notech_reg_1178    |     1|
|1182  |      \UART_TXFF/iFIFOMem_reg[47][1]   |notech_reg_1179    |     1|
|1183  |      \UART_TXFF/iFIFOMem_reg[47][2]   |notech_reg_1180    |     1|
|1184  |      \UART_TXFF/iFIFOMem_reg[47][3]   |notech_reg_1181    |     1|
|1185  |      \UART_TXFF/iFIFOMem_reg[47][4]   |notech_reg_1182    |     1|
|1186  |      \UART_TXFF/iFIFOMem_reg[47][5]   |notech_reg_1183    |     1|
|1187  |      \UART_TXFF/iFIFOMem_reg[47][6]   |notech_reg_1184    |     1|
|1188  |      \UART_TXFF/iFIFOMem_reg[47][7]   |notech_reg_1185    |     1|
|1189  |      \UART_TXFF/iFIFOMem_reg[48][0]   |notech_reg_1186    |     1|
|1190  |      \UART_TXFF/iFIFOMem_reg[48][1]   |notech_reg_1187    |     1|
|1191  |      \UART_TXFF/iFIFOMem_reg[48][2]   |notech_reg_1188    |     1|
|1192  |      \UART_TXFF/iFIFOMem_reg[48][3]   |notech_reg_1189    |     1|
|1193  |      \UART_TXFF/iFIFOMem_reg[48][4]   |notech_reg_1190    |     1|
|1194  |      \UART_TXFF/iFIFOMem_reg[48][5]   |notech_reg_1191    |     1|
|1195  |      \UART_TXFF/iFIFOMem_reg[48][6]   |notech_reg_1192    |     1|
|1196  |      \UART_TXFF/iFIFOMem_reg[48][7]   |notech_reg_1193    |     1|
|1197  |      \UART_TXFF/iFIFOMem_reg[49][0]   |notech_reg_1194    |     1|
|1198  |      \UART_TXFF/iFIFOMem_reg[49][1]   |notech_reg_1195    |     1|
|1199  |      \UART_TXFF/iFIFOMem_reg[49][2]   |notech_reg_1196    |     1|
|1200  |      \UART_TXFF/iFIFOMem_reg[49][3]   |notech_reg_1197    |     1|
|1201  |      \UART_TXFF/iFIFOMem_reg[49][4]   |notech_reg_1198    |     1|
|1202  |      \UART_TXFF/iFIFOMem_reg[49][5]   |notech_reg_1199    |     1|
|1203  |      \UART_TXFF/iFIFOMem_reg[49][6]   |notech_reg_1200    |     1|
|1204  |      \UART_TXFF/iFIFOMem_reg[49][7]   |notech_reg_1201    |     1|
|1205  |      \UART_TXFF/iFIFOMem_reg[4][0]    |notech_reg_1202    |     1|
|1206  |      \UART_TXFF/iFIFOMem_reg[4][1]    |notech_reg_1203    |     1|
|1207  |      \UART_TXFF/iFIFOMem_reg[4][2]    |notech_reg_1204    |     1|
|1208  |      \UART_TXFF/iFIFOMem_reg[4][3]    |notech_reg_1205    |     1|
|1209  |      \UART_TXFF/iFIFOMem_reg[4][4]    |notech_reg_1206    |     1|
|1210  |      \UART_TXFF/iFIFOMem_reg[4][5]    |notech_reg_1207    |     1|
|1211  |      \UART_TXFF/iFIFOMem_reg[4][6]    |notech_reg_1208    |     1|
|1212  |      \UART_TXFF/iFIFOMem_reg[4][7]    |notech_reg_1209    |     1|
|1213  |      \UART_TXFF/iFIFOMem_reg[50][0]   |notech_reg_1210    |     1|
|1214  |      \UART_TXFF/iFIFOMem_reg[50][1]   |notech_reg_1211    |     1|
|1215  |      \UART_TXFF/iFIFOMem_reg[50][2]   |notech_reg_1212    |     1|
|1216  |      \UART_TXFF/iFIFOMem_reg[50][3]   |notech_reg_1213    |     1|
|1217  |      \UART_TXFF/iFIFOMem_reg[50][4]   |notech_reg_1214    |     1|
|1218  |      \UART_TXFF/iFIFOMem_reg[50][5]   |notech_reg_1215    |     1|
|1219  |      \UART_TXFF/iFIFOMem_reg[50][6]   |notech_reg_1216    |     1|
|1220  |      \UART_TXFF/iFIFOMem_reg[50][7]   |notech_reg_1217    |     1|
|1221  |      \UART_TXFF/iFIFOMem_reg[51][0]   |notech_reg_1218    |     1|
|1222  |      \UART_TXFF/iFIFOMem_reg[51][1]   |notech_reg_1219    |     1|
|1223  |      \UART_TXFF/iFIFOMem_reg[51][2]   |notech_reg_1220    |     1|
|1224  |      \UART_TXFF/iFIFOMem_reg[51][3]   |notech_reg_1221    |     1|
|1225  |      \UART_TXFF/iFIFOMem_reg[51][4]   |notech_reg_1222    |     1|
|1226  |      \UART_TXFF/iFIFOMem_reg[51][5]   |notech_reg_1223    |     1|
|1227  |      \UART_TXFF/iFIFOMem_reg[51][6]   |notech_reg_1224    |     1|
|1228  |      \UART_TXFF/iFIFOMem_reg[51][7]   |notech_reg_1225    |     1|
|1229  |      \UART_TXFF/iFIFOMem_reg[52][0]   |notech_reg_1226    |     1|
|1230  |      \UART_TXFF/iFIFOMem_reg[52][1]   |notech_reg_1227    |     1|
|1231  |      \UART_TXFF/iFIFOMem_reg[52][2]   |notech_reg_1228    |     1|
|1232  |      \UART_TXFF/iFIFOMem_reg[52][3]   |notech_reg_1229    |     1|
|1233  |      \UART_TXFF/iFIFOMem_reg[52][4]   |notech_reg_1230    |     1|
|1234  |      \UART_TXFF/iFIFOMem_reg[52][5]   |notech_reg_1231    |     1|
|1235  |      \UART_TXFF/iFIFOMem_reg[52][6]   |notech_reg_1232    |     1|
|1236  |      \UART_TXFF/iFIFOMem_reg[52][7]   |notech_reg_1233    |     1|
|1237  |      \UART_TXFF/iFIFOMem_reg[53][0]   |notech_reg_1234    |     1|
|1238  |      \UART_TXFF/iFIFOMem_reg[53][1]   |notech_reg_1235    |     1|
|1239  |      \UART_TXFF/iFIFOMem_reg[53][2]   |notech_reg_1236    |     1|
|1240  |      \UART_TXFF/iFIFOMem_reg[53][3]   |notech_reg_1237    |     1|
|1241  |      \UART_TXFF/iFIFOMem_reg[53][4]   |notech_reg_1238    |     1|
|1242  |      \UART_TXFF/iFIFOMem_reg[53][5]   |notech_reg_1239    |     1|
|1243  |      \UART_TXFF/iFIFOMem_reg[53][6]   |notech_reg_1240    |     1|
|1244  |      \UART_TXFF/iFIFOMem_reg[53][7]   |notech_reg_1241    |     1|
|1245  |      \UART_TXFF/iFIFOMem_reg[54][0]   |notech_reg_1242    |     1|
|1246  |      \UART_TXFF/iFIFOMem_reg[54][1]   |notech_reg_1243    |     1|
|1247  |      \UART_TXFF/iFIFOMem_reg[54][2]   |notech_reg_1244    |     1|
|1248  |      \UART_TXFF/iFIFOMem_reg[54][3]   |notech_reg_1245    |     1|
|1249  |      \UART_TXFF/iFIFOMem_reg[54][4]   |notech_reg_1246    |     1|
|1250  |      \UART_TXFF/iFIFOMem_reg[54][5]   |notech_reg_1247    |     1|
|1251  |      \UART_TXFF/iFIFOMem_reg[54][6]   |notech_reg_1248    |     1|
|1252  |      \UART_TXFF/iFIFOMem_reg[54][7]   |notech_reg_1249    |     1|
|1253  |      \UART_TXFF/iFIFOMem_reg[55][0]   |notech_reg_1250    |     1|
|1254  |      \UART_TXFF/iFIFOMem_reg[55][1]   |notech_reg_1251    |     1|
|1255  |      \UART_TXFF/iFIFOMem_reg[55][2]   |notech_reg_1252    |     1|
|1256  |      \UART_TXFF/iFIFOMem_reg[55][3]   |notech_reg_1253    |     1|
|1257  |      \UART_TXFF/iFIFOMem_reg[55][4]   |notech_reg_1254    |     1|
|1258  |      \UART_TXFF/iFIFOMem_reg[55][5]   |notech_reg_1255    |     1|
|1259  |      \UART_TXFF/iFIFOMem_reg[55][6]   |notech_reg_1256    |     1|
|1260  |      \UART_TXFF/iFIFOMem_reg[55][7]   |notech_reg_1257    |     1|
|1261  |      \UART_TXFF/iFIFOMem_reg[56][0]   |notech_reg_1258    |     1|
|1262  |      \UART_TXFF/iFIFOMem_reg[56][1]   |notech_reg_1259    |     1|
|1263  |      \UART_TXFF/iFIFOMem_reg[56][2]   |notech_reg_1260    |     1|
|1264  |      \UART_TXFF/iFIFOMem_reg[56][3]   |notech_reg_1261    |     1|
|1265  |      \UART_TXFF/iFIFOMem_reg[56][4]   |notech_reg_1262    |     1|
|1266  |      \UART_TXFF/iFIFOMem_reg[56][5]   |notech_reg_1263    |     1|
|1267  |      \UART_TXFF/iFIFOMem_reg[56][6]   |notech_reg_1264    |     1|
|1268  |      \UART_TXFF/iFIFOMem_reg[56][7]   |notech_reg_1265    |     1|
|1269  |      \UART_TXFF/iFIFOMem_reg[57][0]   |notech_reg_1266    |     1|
|1270  |      \UART_TXFF/iFIFOMem_reg[57][1]   |notech_reg_1267    |     1|
|1271  |      \UART_TXFF/iFIFOMem_reg[57][2]   |notech_reg_1268    |     1|
|1272  |      \UART_TXFF/iFIFOMem_reg[57][3]   |notech_reg_1269    |     1|
|1273  |      \UART_TXFF/iFIFOMem_reg[57][4]   |notech_reg_1270    |     1|
|1274  |      \UART_TXFF/iFIFOMem_reg[57][5]   |notech_reg_1271    |     1|
|1275  |      \UART_TXFF/iFIFOMem_reg[57][6]   |notech_reg_1272    |     1|
|1276  |      \UART_TXFF/iFIFOMem_reg[57][7]   |notech_reg_1273    |     1|
|1277  |      \UART_TXFF/iFIFOMem_reg[58][0]   |notech_reg_1274    |     1|
|1278  |      \UART_TXFF/iFIFOMem_reg[58][1]   |notech_reg_1275    |     1|
|1279  |      \UART_TXFF/iFIFOMem_reg[58][2]   |notech_reg_1276    |     1|
|1280  |      \UART_TXFF/iFIFOMem_reg[58][3]   |notech_reg_1277    |     1|
|1281  |      \UART_TXFF/iFIFOMem_reg[58][4]   |notech_reg_1278    |     1|
|1282  |      \UART_TXFF/iFIFOMem_reg[58][5]   |notech_reg_1279    |     1|
|1283  |      \UART_TXFF/iFIFOMem_reg[58][6]   |notech_reg_1280    |     1|
|1284  |      \UART_TXFF/iFIFOMem_reg[58][7]   |notech_reg_1281    |     1|
|1285  |      \UART_TXFF/iFIFOMem_reg[59][0]   |notech_reg_1282    |     1|
|1286  |      \UART_TXFF/iFIFOMem_reg[59][1]   |notech_reg_1283    |     1|
|1287  |      \UART_TXFF/iFIFOMem_reg[59][2]   |notech_reg_1284    |     1|
|1288  |      \UART_TXFF/iFIFOMem_reg[59][3]   |notech_reg_1285    |     1|
|1289  |      \UART_TXFF/iFIFOMem_reg[59][4]   |notech_reg_1286    |     1|
|1290  |      \UART_TXFF/iFIFOMem_reg[59][5]   |notech_reg_1287    |     1|
|1291  |      \UART_TXFF/iFIFOMem_reg[59][6]   |notech_reg_1288    |     1|
|1292  |      \UART_TXFF/iFIFOMem_reg[59][7]   |notech_reg_1289    |     1|
|1293  |      \UART_TXFF/iFIFOMem_reg[5][0]    |notech_reg_1290    |     1|
|1294  |      \UART_TXFF/iFIFOMem_reg[5][1]    |notech_reg_1291    |     1|
|1295  |      \UART_TXFF/iFIFOMem_reg[5][2]    |notech_reg_1292    |     1|
|1296  |      \UART_TXFF/iFIFOMem_reg[5][3]    |notech_reg_1293    |     1|
|1297  |      \UART_TXFF/iFIFOMem_reg[5][4]    |notech_reg_1294    |     1|
|1298  |      \UART_TXFF/iFIFOMem_reg[5][5]    |notech_reg_1295    |     1|
|1299  |      \UART_TXFF/iFIFOMem_reg[5][6]    |notech_reg_1296    |     1|
|1300  |      \UART_TXFF/iFIFOMem_reg[5][7]    |notech_reg_1297    |     1|
|1301  |      \UART_TXFF/iFIFOMem_reg[60][0]   |notech_reg_1298    |     1|
|1302  |      \UART_TXFF/iFIFOMem_reg[60][1]   |notech_reg_1299    |     1|
|1303  |      \UART_TXFF/iFIFOMem_reg[60][2]   |notech_reg_1300    |     1|
|1304  |      \UART_TXFF/iFIFOMem_reg[60][3]   |notech_reg_1301    |     1|
|1305  |      \UART_TXFF/iFIFOMem_reg[60][4]   |notech_reg_1302    |     1|
|1306  |      \UART_TXFF/iFIFOMem_reg[60][5]   |notech_reg_1303    |     1|
|1307  |      \UART_TXFF/iFIFOMem_reg[60][6]   |notech_reg_1304    |     1|
|1308  |      \UART_TXFF/iFIFOMem_reg[60][7]   |notech_reg_1305    |     1|
|1309  |      \UART_TXFF/iFIFOMem_reg[61][0]   |notech_reg_1306    |     1|
|1310  |      \UART_TXFF/iFIFOMem_reg[61][1]   |notech_reg_1307    |     1|
|1311  |      \UART_TXFF/iFIFOMem_reg[61][2]   |notech_reg_1308    |     1|
|1312  |      \UART_TXFF/iFIFOMem_reg[61][3]   |notech_reg_1309    |     1|
|1313  |      \UART_TXFF/iFIFOMem_reg[61][4]   |notech_reg_1310    |     1|
|1314  |      \UART_TXFF/iFIFOMem_reg[61][5]   |notech_reg_1311    |     1|
|1315  |      \UART_TXFF/iFIFOMem_reg[61][6]   |notech_reg_1312    |     1|
|1316  |      \UART_TXFF/iFIFOMem_reg[61][7]   |notech_reg_1313    |     1|
|1317  |      \UART_TXFF/iFIFOMem_reg[62][0]   |notech_reg_1314    |     1|
|1318  |      \UART_TXFF/iFIFOMem_reg[62][1]   |notech_reg_1315    |     1|
|1319  |      \UART_TXFF/iFIFOMem_reg[62][2]   |notech_reg_1316    |     1|
|1320  |      \UART_TXFF/iFIFOMem_reg[62][3]   |notech_reg_1317    |     1|
|1321  |      \UART_TXFF/iFIFOMem_reg[62][4]   |notech_reg_1318    |     1|
|1322  |      \UART_TXFF/iFIFOMem_reg[62][5]   |notech_reg_1319    |     1|
|1323  |      \UART_TXFF/iFIFOMem_reg[62][6]   |notech_reg_1320    |     1|
|1324  |      \UART_TXFF/iFIFOMem_reg[62][7]   |notech_reg_1321    |     1|
|1325  |      \UART_TXFF/iFIFOMem_reg[63][0]   |notech_reg_1322    |     1|
|1326  |      \UART_TXFF/iFIFOMem_reg[63][1]   |notech_reg_1323    |     1|
|1327  |      \UART_TXFF/iFIFOMem_reg[63][2]   |notech_reg_1324    |     1|
|1328  |      \UART_TXFF/iFIFOMem_reg[63][3]   |notech_reg_1325    |     1|
|1329  |      \UART_TXFF/iFIFOMem_reg[63][4]   |notech_reg_1326    |     1|
|1330  |      \UART_TXFF/iFIFOMem_reg[63][5]   |notech_reg_1327    |     1|
|1331  |      \UART_TXFF/iFIFOMem_reg[63][6]   |notech_reg_1328    |     1|
|1332  |      \UART_TXFF/iFIFOMem_reg[63][7]   |notech_reg_1329    |     1|
|1333  |      \UART_TXFF/iFIFOMem_reg[6][0]    |notech_reg_1330    |     1|
|1334  |      \UART_TXFF/iFIFOMem_reg[6][1]    |notech_reg_1331    |     1|
|1335  |      \UART_TXFF/iFIFOMem_reg[6][2]    |notech_reg_1332    |     1|
|1336  |      \UART_TXFF/iFIFOMem_reg[6][3]    |notech_reg_1333    |     1|
|1337  |      \UART_TXFF/iFIFOMem_reg[6][4]    |notech_reg_1334    |     1|
|1338  |      \UART_TXFF/iFIFOMem_reg[6][5]    |notech_reg_1335    |     1|
|1339  |      \UART_TXFF/iFIFOMem_reg[6][6]    |notech_reg_1336    |     1|
|1340  |      \UART_TXFF/iFIFOMem_reg[6][7]    |notech_reg_1337    |     1|
|1341  |      \UART_TXFF/iFIFOMem_reg[7][0]    |notech_reg_1338    |     1|
|1342  |      \UART_TXFF/iFIFOMem_reg[7][1]    |notech_reg_1339    |     1|
|1343  |      \UART_TXFF/iFIFOMem_reg[7][2]    |notech_reg_1340    |     1|
|1344  |      \UART_TXFF/iFIFOMem_reg[7][3]    |notech_reg_1341    |     1|
|1345  |      \UART_TXFF/iFIFOMem_reg[7][4]    |notech_reg_1342    |     1|
|1346  |      \UART_TXFF/iFIFOMem_reg[7][5]    |notech_reg_1343    |     1|
|1347  |      \UART_TXFF/iFIFOMem_reg[7][6]    |notech_reg_1344    |     1|
|1348  |      \UART_TXFF/iFIFOMem_reg[7][7]    |notech_reg_1345    |     1|
|1349  |      \UART_TXFF/iFIFOMem_reg[8][0]    |notech_reg_1346    |     1|
|1350  |      \UART_TXFF/iFIFOMem_reg[8][1]    |notech_reg_1347    |     1|
|1351  |      \UART_TXFF/iFIFOMem_reg[8][2]    |notech_reg_1348    |     1|
|1352  |      \UART_TXFF/iFIFOMem_reg[8][3]    |notech_reg_1349    |     1|
|1353  |      \UART_TXFF/iFIFOMem_reg[8][4]    |notech_reg_1350    |     1|
|1354  |      \UART_TXFF/iFIFOMem_reg[8][5]    |notech_reg_1351    |     1|
|1355  |      \UART_TXFF/iFIFOMem_reg[8][6]    |notech_reg_1352    |     1|
|1356  |      \UART_TXFF/iFIFOMem_reg[8][7]    |notech_reg_1353    |     1|
|1357  |      \UART_TXFF/iFIFOMem_reg[9][0]    |notech_reg_1354    |     1|
|1358  |      \UART_TXFF/iFIFOMem_reg[9][1]    |notech_reg_1355    |     1|
|1359  |      \UART_TXFF/iFIFOMem_reg[9][2]    |notech_reg_1356    |     1|
|1360  |      \UART_TXFF/iFIFOMem_reg[9][3]    |notech_reg_1357    |     1|
|1361  |      \UART_TXFF/iFIFOMem_reg[9][4]    |notech_reg_1358    |     1|
|1362  |      \UART_TXFF/iFIFOMem_reg[9][5]    |notech_reg_1359    |     1|
|1363  |      \UART_TXFF/iFIFOMem_reg[9][6]    |notech_reg_1360    |     1|
|1364  |      \UART_TXFF/iFIFOMem_reg[9][7]    |notech_reg_1361    |     1|
|1365  |      \UART_TXFF/iRDAddr_reg[0]        |notech_reg_1362    |     1|
|1366  |      \UART_TXFF/iRDAddr_reg[1]        |notech_reg_1363    |     1|
|1367  |      \UART_TXFF/iRDAddr_reg[2]        |notech_reg_1364    |     1|
|1368  |      \UART_TXFF/iRDAddr_reg[3]        |notech_reg_1365    |     1|
|1369  |      \UART_TXFF/iRDAddr_reg[4]        |notech_reg_1366    |     1|
|1370  |      \UART_TXFF/iRDAddr_reg[5]        |notech_reg_1367    |     1|
|1371  |      \UART_TXFF/iRDAddr_reg[6]        |notech_reg_1368    |     1|
|1372  |      \UART_TXFF/iUSAGE_reg[0]         |notech_reg_1369    |     1|
|1373  |      \UART_TXFF/iUSAGE_reg[1]         |notech_reg_1370    |     1|
|1374  |      \UART_TXFF/iUSAGE_reg[2]         |notech_reg_1371    |     1|
|1375  |      \UART_TXFF/iUSAGE_reg[3]         |notech_reg_1372    |     1|
|1376  |      \UART_TXFF/iUSAGE_reg[4]         |notech_reg_1373    |     1|
|1377  |      \UART_TXFF/iWRAddr_reg[0]        |notech_reg_1374    |     1|
|1378  |      \UART_TXFF/iWRAddr_reg[1]        |notech_reg_1375    |     1|
|1379  |      \UART_TXFF/iWRAddr_reg[2]        |notech_reg_1376    |     1|
|1380  |      \UART_TXFF/iWRAddr_reg[3]        |notech_reg_1377    |     1|
|1381  |      \UART_TXFF/iWRAddr_reg[4]        |notech_reg_1378    |     1|
|1382  |      \UART_TXFF/iWRAddr_reg[5]        |notech_reg_1379    |     1|
|1383  |      \UART_TXFF/iWRAddr_reg[6]        |notech_reg_1380    |     1|
|1384  |      \iA_reg[0]                       |notech_reg_1381    |     4|
|1385  |      \iA_reg[1]                       |notech_reg_1382    |     8|
|1386  |      \iA_reg[2]                       |notech_reg_1383    |    19|
|1387  |      iCharTimeout_reg                 |notech_reg_1384    |     1|
|1388  |      \iDIN_reg[0]                     |notech_reg_1385    |     2|
|1389  |      \iDIN_reg[1]                     |notech_reg_1386    |     1|
|1390  |      \iDIN_reg[2]                     |notech_reg_1387    |     1|
|1391  |      \iDIN_reg[3]                     |notech_reg_1388    |     1|
|1392  |      \iDIN_reg[4]                     |notech_reg_1389    |     1|
|1393  |      \iDIN_reg[5]                     |notech_reg_1390    |     2|
|1394  |      \iDIN_reg[6]                     |notech_reg_1391    |     2|
|1395  |      \iDIN_reg[7]                     |notech_reg_1392    |     2|
|1396  |      \iDLL_reg[0]                     |notech_reg_1393    |     2|
|1397  |      \iDLL_reg[1]                     |notech_reg_1394    |     2|
|1398  |      \iDLL_reg[2]                     |notech_reg_1395    |     1|
|1399  |      \iDLL_reg[3]                     |notech_reg_1396    |     2|
|1400  |      \iDLL_reg[4]                     |notech_reg_1397    |     2|
|1401  |      \iDLL_reg[5]                     |notech_reg_1398    |     2|
|1402  |      \iDLL_reg[6]                     |notech_reg_1399    |     3|
|1403  |      \iDLL_reg[7]                     |notech_reg_1400    |     1|
|1404  |      \iDLM_reg[0]                     |notech_reg_1401    |     1|
|1405  |      \iDLM_reg[1]                     |notech_reg_1402    |     1|
|1406  |      \iDLM_reg[2]                     |notech_reg_1403    |     1|
|1407  |      \iDLM_reg[3]                     |notech_reg_1404    |     1|
|1408  |      \iDLM_reg[4]                     |notech_reg_1405    |     1|
|1409  |      \iDLM_reg[5]                     |notech_reg_1406    |     1|
|1410  |      \iDLM_reg[6]                     |notech_reg_1407    |     1|
|1411  |      \iDLM_reg[7]                     |notech_reg_1408    |     1|
|1412  |      iFCR_FIFO64E_reg                 |notech_reg_1409    |     1|
|1413  |      iFCR_FIFOEnable_reg              |notech_reg_1410    |     5|
|1414  |      iFCR_RXFIFOReset_reg             |notech_reg_1411    |     1|
|1415  |      \iFCR_RXTrigger_reg[0]           |notech_reg_1412    |     1|
|1416  |      \iFCR_RXTrigger_reg[1]           |notech_reg_1413    |     1|
|1417  |      iFCR_TXFIFOReset_reg             |notech_reg_1414    |     1|
|1418  |      \iFECounter_reg[0]               |notech_reg_1415    |    10|
|1419  |      \iFECounter_reg[1]               |notech_reg_1416    |     2|
|1420  |      \iFECounter_reg[2]               |notech_reg_1417    |     2|
|1421  |      \iFECounter_reg[3]               |notech_reg_1418    |     2|
|1422  |      \iFECounter_reg[4]               |notech_reg_1419    |     2|
|1423  |      \iFECounter_reg[5]               |notech_reg_1420    |     2|
|1424  |      \iFECounter_reg[6]               |notech_reg_1421    |     7|
|1425  |      \iIER_reg[0]                     |notech_reg_1422    |     2|
|1426  |      \iIER_reg[1]                     |notech_reg_1423    |     2|
|1427  |      \iIER_reg[2]                     |notech_reg_1424    |     4|
|1428  |      \iIER_reg[3]                     |notech_reg_1425    |     2|
|1429  |      \iLCR_reg[0]                     |notech_reg_1426    |     1|
|1430  |      \iLCR_reg[1]                     |notech_reg_1427    |     1|
|1431  |      \iLCR_reg[2]                     |notech_reg_1428    |     1|
|1432  |      \iLCR_reg[3]                     |notech_reg_1429    |     1|
|1433  |      \iLCR_reg[4]                     |notech_reg_1430    |     1|
|1434  |      \iLCR_reg[5]                     |notech_reg_1431    |     2|
|1435  |      \iLCR_reg[6]                     |notech_reg_1432    |     1|
|1436  |      \iLCR_reg[7]                     |notech_reg_1433    |    23|
|1437  |      iLSR_BI_reg                      |notech_reg_1434    |     2|
|1438  |      iLSR_FE_reg                      |notech_reg_1435    |     2|
|1439  |      iLSR_FIFOERR_reg                 |notech_reg_1436    |     5|
|1440  |      iLSR_OE_reg                      |notech_reg_1437    |     3|
|1441  |      iLSR_PE_reg                      |notech_reg_1438    |     2|
|1442  |      \iMCR_reg[0]                     |notech_reg_1439    |     3|
|1443  |      \iMCR_reg[1]                     |notech_reg_1440    |     1|
|1444  |      \iMCR_reg[2]                     |notech_reg_1441    |     2|
|1445  |      \iMCR_reg[3]                     |notech_reg_1442    |     2|
|1446  |      \iMCR_reg[4]                     |notech_reg_1443    |     3|
|1447  |      \iMCR_reg[5]                     |notech_reg_1444    |     4|
|1448  |      iMSR_TERI_reg                    |notech_reg_1445    |     2|
|1449  |      iMSR_dCTS_reg                    |notech_reg_1446    |     1|
|1450  |      iMSR_dDCD_reg                    |notech_reg_1447    |     2|
|1451  |      iMSR_dDSR_reg                    |notech_reg_1448    |     2|
|1452  |      iRTS_reg                         |notech_reg_1449    |     6|
|1453  |      iRXFIFOClear_reg                 |notech_reg_1450    |     2|
|1454  |      \iRXFIFOD_reg[0]                 |notech_reg_1451    |     1|
|1455  |      \iRXFIFOD_reg[10]                |notech_reg_1452    |     4|
|1456  |      \iRXFIFOD_reg[1]                 |notech_reg_1453    |     1|
|1457  |      \iRXFIFOD_reg[2]                 |notech_reg_1454    |     1|
|1458  |      \iRXFIFOD_reg[3]                 |notech_reg_1455    |     1|
|1459  |      \iRXFIFOD_reg[4]                 |notech_reg_1456    |     1|
|1460  |      \iRXFIFOD_reg[5]                 |notech_reg_1457    |     1|
|1461  |      \iRXFIFOD_reg[6]                 |notech_reg_1458    |     1|
|1462  |      \iRXFIFOD_reg[7]                 |notech_reg_1459    |     1|
|1463  |      \iRXFIFOD_reg[8]                 |notech_reg_1460    |     2|
|1464  |      \iRXFIFOD_reg[9]                 |notech_reg_1461    |     2|
|1465  |      iRXFIFOWrite_reg                 |notech_reg_1462    |     7|
|1466  |      \iSCR_reg[0]                     |notech_reg_1463    |     1|
|1467  |      \iSCR_reg[1]                     |notech_reg_1464    |     1|
|1468  |      \iSCR_reg[2]                     |notech_reg_1465    |     1|
|1469  |      \iSCR_reg[3]                     |notech_reg_1466    |     1|
|1470  |      \iSCR_reg[4]                     |notech_reg_1467    |     3|
|1471  |      \iSCR_reg[5]                     |notech_reg_1468    |     2|
|1472  |      \iSCR_reg[6]                     |notech_reg_1469    |     1|
|1473  |      \iSCR_reg[7]                     |notech_reg_1470    |     1|
|1474  |      iTHRInterrupt_reg                |notech_reg_1471    |     7|
|1475  |      \iTSR_reg[0]                     |notech_reg_1472    |     3|
|1476  |      \iTSR_reg[1]                     |notech_reg_1473    |     1|
|1477  |      \iTSR_reg[2]                     |notech_reg_1474    |     1|
|1478  |      \iTSR_reg[3]                     |notech_reg_1475    |     1|
|1479  |      \iTSR_reg[4]                     |notech_reg_1476    |     2|
|1480  |      \iTSR_reg[5]                     |notech_reg_1477    |     2|
|1481  |      \iTSR_reg[6]                     |notech_reg_1478    |     1|
|1482  |      \iTSR_reg[7]                     |notech_reg_1479    |     1|
|1483  |      iTXFIFORead_reg                  |notech_reg_1480    |     3|
|1484  |      iTXRunning_reg                   |notech_reg_1481    |     1|
|1485  |      iTXStart_reg                     |notech_reg_1482    |     1|
|1486  |      \iTimeoutCount_reg[0]            |notech_reg_1483    |     2|
|1487  |      \iTimeoutCount_reg[1]            |notech_reg_1484    |     1|
|1488  |      \iTimeoutCount_reg[2]            |notech_reg_1485    |     3|
|1489  |      \iTimeoutCount_reg[3]            |notech_reg_1486    |     1|
|1490  |      \iTimeoutCount_reg[4]            |notech_reg_1487    |     1|
|1491  |      \iTimeoutCount_reg[5]            |notech_reg_1488    |     3|
|1492  |    U8253                              |v8253              |   823|
|1493  |      count2                           |v8253_counter      |   233|
|1494  |      count3                           |v8253_counter_3    |   255|
|1495  |      ucount1                          |v8253_counter_4    |   235|
|1496  |    U8259                              |v8259              |   487|
|1497  |    uspi_0                             |tiny_spi           |   108|
|1498  |  rstgen                               |RSTGEN             |    22|
|1499  |  v586                                 |v586               | 38613|
|1500  |    ubiu                               |biu32_axi          | 10145|
|1501  |      datacache1                       |datacache          |   215|
|1502  |    ucore                              |core               | 28468|
|1503  |      i_Dtlb                           |Dtlb               |  1107|
|1504  |      i_Itlb                           |Itlb               |   915|
|1505  |      i_cpu                            |cpu                | 20010|
|1506  |        i_acu                          |acu                |   218|
|1507  |        i_deco                         |deco               |  8303|
|1508  |        i_vliw                         |vliw               | 11480|
|1509  |          synthetic_op                 |synthetic_op       |   447|
|1510  |      i_useq                           |useq               |  6436|
|1511  |        c1                             |cacheram           |   140|
|1512  |        c2                             |cacheram_0         |    12|
|1513  |        c3                             |cacheram_1         |   140|
|1514  |        c4                             |cacheram_2         |   524|
+------+---------------------------------------+-------------------+------+
---------------------------------------------------------------------------------
Finished Writing Synthesis Report : Time (s): cpu = 00:05:02 ; elapsed = 00:07:33 . Memory (MB): peak = 2038.352 ; gain = 1229.703 ; free physical = 196 ; free virtual = 2775
---------------------------------------------------------------------------------
Synthesis finished with 0 errors, 10 critical warnings and 539 warnings.
Synthesis Optimization Runtime : Time (s): cpu = 00:11:41 ; elapsed = 00:07:22 . Memory (MB): peak = 2042.266 ; gain = 744.543 ; free physical = 1523 ; free virtual = 5075
Synthesis Optimization Complete : Time (s): cpu = 00:11:58 ; elapsed = 00:07:38 . Memory (MB): peak = 2042.266 ; gain = 1233.617 ; free physical = 1518 ; free virtual = 5074
INFO: [Project 1-571] Translating synthesized netlist
INFO: [Netlist 29-17] Analyzing 839 Unisim elements for replacement
INFO: [Netlist 29-28] Unisim Transformation completed in 0 CPU seconds
INFO: [Project 1-570] Preparing netlist for logic optimization
INFO: [Opt 31-138] Pushed 0 inverter(s) to 0 load pin(s).
INFO: [Project 1-111] Unisim Transformation Summary:
  A total of 43 instances were transformed.
  (MUXCY,XORCY) => CARRY4: 24 instances
  IOBUF => IOBUF (IBUF, OBUFT): 17 instances
  LD => LDCE: 2 instances

INFO: [Common 17-83] Releasing license: Synthesis
619 Infos, 184 Warnings, 10 Critical Warnings and 0 Errors encountered.
synth_design completed successfully
synth_design: Time (s): cpu = 00:12:08 ; elapsed = 00:07:52 . Memory (MB): peak = 2042.266 ; gain = 1125.098 ; free physical = 1254 ; free virtual = 5068
write_checkpoint: Time (s): cpu = 00:00:07 ; elapsed = 00:00:06 . Memory (MB): peak = 2062.367 ; gain = 20.102 ; free physical = 1232 ; free virtual = 5059
report_utilization: Time (s): cpu = 00:00:00.55 ; elapsed = 00:00:00.70 . Memory (MB): peak = 2062.367 ; gain = 0.000 ; free physical = 1218 ; free virtual = 5057
INFO: [Common 17-206] Exiting Vivado at Fri Aug 12 11:30:24 2016...
